,Unnamed: 0,content,cleaned_content,score,at,thumbsUpCount,sentiment_score,final_theme
750,750,This app is awesome. I am currently using the free version and it had everything I need. It truly makes it easy for you to stai organized and not lose tracks of priorities.,app awesome currently using free version everything need truly makes easy stai organized lose tracks priorities,5,2020-10-27 23:14:04,0,0.4583333333333333,Monetization Sentiment
751,751,Great product,great product,5,2020-10-27 18:29:07,0,0.8,Monetization Sentiment
752,752,"Great app, helps me to plan my day ahead",great app helps plan day ahead,5,2020-10-27 16:47:15,0,0.8,Retention Drivers
753,753,"This app is amazing, changed my life. I'm doing 3x tasks daily since I installed the app, I can't be lazy. The pro version is expesive for a student in my country.",app amazing changed life im x tasks daily since installed app cant lazy pro version expesive student country,5,2020-10-27 15:16:33,1,0.1166666666666667,Monetization Sentiment
754,754,Good app 🙂👍,good app,5,2020-10-27 12:19:27,0,0.7,Low Signal
755,755,I like this app. It is the most simple and straight forward of its type that I've found.,like app simple straight forward type ive found,5,2020-10-27 09:10:11,0,0.1,Monetization Sentiment
756,756,Very good,good,5,2020-10-27 08:09:38,0,0.7,Low Signal
757,757,Nice app Plzz start,nice app plzz start,5,2020-10-27 03:54:16,0,0.6,Low Signal
758,758,Good app,good app,5,2020-10-27 01:41:13,0,0.7,Low Signal
759,759,Great ☺️👌,great,5,2020-10-26 22:44:41,0,0.8,Low Signal
760,760,Great,great,5,2020-10-26 22:09:35,0,0.8,Low Signal
761,761,Really good to have when i have a busy week as can put appointments in all at once and other special dates,really good busy week put appointments special dates,5,2020-10-26 21:33:37,0,0.3857142857142857,Retention Drivers
762,762,It helps me so much now I can do what I have to do without forgotten anything It is so cool,helps much without forgotten anything cool,5,2020-10-26 17:44:03,0,0.275,Efficiency
763,763,Yrp,yrp,5,2020-10-26 15:29:22,0,0.0,Noise
764,764,Aungwaioo,aungwaioo,5,2020-10-26 04:15:41,0,0.0,Noise
765,765,"I started using this a week ago, it has already became a useful tool for being productive. Really recommend downloading",started using week ago already became useful tool productive really recommend downloading,5,2020-10-25 23:48:58,0,0.25,Monetization Sentiment
766,766,Good experiment.,good experiment,5,2020-10-25 21:24:44,0,0.7,Low Signal
767,767,Amazing and fantastic app❤️,amazing fantastic app,5,2020-10-25 19:59:50,0,0.5,Low Signal
768,768,Interesting,interesting,5,2020-10-25 18:17:30,0,0.5,Noise
769,769,i like that app,like app,5,2020-10-25 18:04:25,0,0.0,Noise
770,770,Truly the best planning app! I was looking for a planning app with widgets that can change their size. Was harder than I thought! I love that you can see everythubg even in the smallest widget. That was very important to me. What I also like is that you can see all your tasks in a time line sorted by time. This way I don't miss anything. Subtasks and notes are helpful. I like the separate feature for the shopping list! This app is super flexible and intuitive!,truly best planning app looking planning app widgets change size harder thought love see everythubg even smallest widget important also like see tasks time line sorted time way dont miss anything subtasks notes helpful like separate feature shopping list app super flexible intuitive,5,2020-10-25 13:28:49,24,0.4266666666666666,Monetization Sentiment
771,771,মোবাইল নাম্বার সেটিং অ্যাপ,,5,2020-10-25 12:13:59,0,0.0,Noise
772,772,Love it! Has been super helpful in getting me more focused ans organized. Super easy to use and love the reminders!,love super helpful getting focused ans organized super easy use love reminders,5,2020-10-25 04:42:22,0,0.4199999999999999,Efficiency
773,773,It is exactly what I wanted....👌,exactly wanted,5,2020-10-25 02:46:27,0,0.25,Efficiency
774,774,عالیه,,5,2020-10-24 18:15:46,0,0.0,Noise
775,775,Very nice,nice,5,2020-10-24 17:54:42,0,0.6,Low Signal
776,776,Excellent app. I like the design and it helps in making things done on time. The integration with many other apps has played major role in my daily life. I personally use the whatsapp integration feature. Thank you for the creativity.,excellent app like design helps making things done time integration many apps played major role daily life personally use whatsapp integration feature thank creativity,5,2020-10-24 16:17:37,0,0.3125,Market Displacement
777,777,Very Good,good,5,2020-10-24 15:21:25,0,0.7,Low Signal
778,778,Best reminder ever,best reminder ever,5,2020-10-24 05:56:38,0,1.0,Efficiency
779,779,good apps,good apps,5,2020-10-24 00:27:45,0,0.7,Low Signal
780,780,great and useful,great useful,5,2020-10-23 23:58:33,0,0.55,Efficiency
781,781,I loved it.,loved,5,2020-10-23 22:48:35,0,0.7,Low Signal
782,782,Likes it very much,likes much,5,2020-10-23 20:10:05,0,0.2,Noise
783,783,I began using this app 18months ago after having a baby and feeling that i was never feeling organised. It has been a game changer in helping me schedual all of the little things and keeping me on track,began using app months ago baby feeling never feeling organised game changer helping schedual little things keeping track,5,2020-10-23 13:04:34,0,-0.29375,Retention Drivers
784,784,"What i love a most is integration with whatsapp, feels like have a private secretary.",love integration whatsapp feels like private secretary,5,2020-10-23 10:52:47,0,0.25,Low Signal
785,785,Spr remainder,spr remainder,5,2020-10-23 10:23:51,0,0.0,Noise
786,786,Very useful aap. I am satisfied,useful aap satisfied,5,2020-10-23 06:38:37,0,0.4,Efficiency
787,787,Thanks a lot for the reply! It's working great again like before!! 😄😄 (Small suggestion: maybe make this fact more obvious from the app UI or provide sort order as an option for the widget 😀) Thanks again!,thanks lot reply working great like small suggestion maybe make fact obvious app ui provide sort order option widget thanks,5,2020-10-22 22:53:06,3,0.19,Monetization Sentiment
788,788,It's awesome. I've tried some other apps but didn't find as much productive as it.,awesome ive tried apps didnt find much productive,5,2020-10-22 21:20:21,0,0.6,Market Displacement
789,789,ok,ok,5,2020-10-22 15:08:22,0,0.5,Noise
790,790,"Truly amazing. One of the apps that I kept installing even after switching phones. Really helps me to organise my day better. LOVED the interface too, smooth and professional",truly amazing one apps kept installing even switching phones really helps organise day better loved interface smooth professional,5,2020-10-22 05:05:33,0,0.4166666666666667,Monetization Sentiment
791,791,Very useful app. Thanks to the developers!,useful app thanks developers,5,2020-10-22 04:28:07,0,0.25,Efficiency
792,792,Great To do App,great app,5,2020-10-22 00:40:51,0,0.8,Low Signal
793,793,Encourages me to do more!,encourages,5,2020-10-21 23:33:41,0,0.0,Efficiency
794,794,Love this app. Used it for years!,love app used years,5,2020-10-21 21:24:32,0,0.5,Retention Drivers
795,795,Amazing app! Just one suggestion please please add feature of setting time in subtasks as well. It would be a really great feature making the app more wholesale!!,amazing app one suggestion please please add feature setting time subtasks well would really great feature making app wholesale,5,2020-10-21 17:18:31,0,0.7000000000000001,Monetization Sentiment
796,796,"Been using it for years and planning everything in this app - from work to home payments. As a premium user I really enjoy the lightning fast support, which solves the rare issue that might occur. Five stars!",using years planning everything app work home payments premium user really enjoy lightning fast support solves rare issue might occur five stars,5,2020-10-21 12:37:33,5,0.3,Monetization Sentiment
797,797,This app is great! I'm able to use an online scheduling tool without having to pay for a subscription. Helps me stay on task at work.,app great im able use online scheduling tool without pay subscription helps stay task work,5,2020-10-21 09:22:29,0,0.65,Monetization Sentiment
798,798,This app gets better all the time. I'd be lost without it... And so easy to use!!,app gets better time id lost without easy use,5,2020-10-20 22:55:27,0,0.4666666666666667,Efficiency
799,799,Awesome app the best,awesome app best,5,2020-10-20 22:18:45,0,1.0,Low Signal
800,800,My personal secretary,personal secretary,5,2020-10-20 19:20:13,0,0.0,Noise
801,801,Good,good,5,2020-10-20 16:35:45,0,0.7,Low Signal
802,802,amazing,amazing,5,2020-10-20 14:29:04,0,0.6000000000000001,Low Signal
803,803,Very very helpful and easy to use as well. 'Must Have' app.👍👍,helpful easy use well must app,5,2020-10-20 11:24:34,0,0.4333333333333333,Efficiency
804,804,Write down something on your mind and come back to it later - life saver - store all my thoughts and important revelations in the app to be worked on later,write something mind come back later life saver store thoughts important revelations app worked later,5,2020-10-20 11:12:45,0,0.1,Efficiency
805,805,New to it but I think it's going to make my life easier,new think going make life easier,5,2020-10-20 02:46:38,0,0.1363636363636363,Monetization Sentiment
806,806,Farhan Myao 💔,farhan myao,5,2020-10-20 01:29:59,0,0.0,Noise
807,807,Superb 😍,superb,5,2020-10-19 23:52:38,0,1.0,Noise
808,808,"Use this app every day. The only problem is that when you place an item to do in a specific place on a specific day, the item jumps to the top of the day or to the bottom of the list by itself and you have to re-place it.",use app every day problem place item specific place specific day item jumps top day bottom list replace,5,2020-10-19 19:29:50,0,0.1666666666666666,Monetization Sentiment
809,809,Nice app,nice app,5,2020-10-19 15:41:40,0,0.6,Low Signal
810,810,"IT'S AMAZING,IT HELPS ME BE MORE ORGANISED",amazingit helps organised,5,2020-10-19 12:47:15,0,0.0,Efficiency
811,811,This is awesome,awesome,5,2020-10-19 07:33:09,0,1.0,Low Signal
812,812,Helps very well with work.,helps well work,5,2020-10-19 00:46:18,0,0.0,Efficiency
813,813,Best app keep it up,best app keep,5,2020-10-19 00:33:04,0,1.0,Low Signal
814,814,I loving this app. It's make me a better people,loving app make better people,5,2020-10-18 23:56:42,0,0.55,Efficiency
815,815,"Started using this app in 2014. Still a great app. Of course, the paid version has more features but the basic version is quite useful.",started using app still great app course paid version features basic version quite useful,5,2020-10-18 16:59:46,0,0.3666666666666667,Monetization Sentiment
816,816,Like this apps,like apps,5,2020-10-18 16:43:36,0,0.0,Noise
817,817,Love this app it has everything I need and I now remember what I need to do,love app everything need remember need,5,2020-10-18 06:43:41,0,0.5,Low Signal
818,818,Very good app,good app,5,2020-10-18 00:45:47,0,0.7,Low Signal
819,819,"Very useful. I think it's best for a day-to-day use, but I'm particularly impressed with the grocery list function period really dig it! And it's really cool that it sinks with my calendar!",useful think best daytoday use im particularly impressed grocery list function period really dig really cool sinks calendar,5,2020-10-17 22:26:27,1,0.4583333333333333,Retention Drivers
820,820,"Wonderful App !! Thanks, Any.Do Team.",wonderful app thanks anydo team,5,2020-10-17 16:25:48,0,0.6,Noise
821,821,"This app my 📱 phone number and used google account number and my all oldest play games with real money and Olympic tired my add all miss and hack accounts add loss money and my all 3 years use number usbGoogle Play Store activities add a""hithis list, not sear in this app use other people birdseed.",app phone number used google account number oldest play games real money olympic tired add miss hack accounts add loss money years use number usbgoogle play store activities add ahithis list sear app use people birdseed,5,2020-10-17 06:31:56,0,-0.1,Retention Drivers
822,822,😉✌,,5,2020-10-17 04:43:46,0,0.0,Noise
823,823,Usefull app,usefull app,5,2020-10-16 22:54:03,0,0.0,Efficiency
824,824,Past edits,past edits,5,2020-10-16 20:50:58,0,-0.25,Monetization Sentiment
825,825,This has been invaluable for our work projects and is easy to use,invaluable work projects easy use,5,2020-10-16 17:48:33,0,0.4333333333333333,Monetization Sentiment
826,826,This app is so perfect. I love how the widget works.,app perfect love widget works,5,2020-10-16 16:16:21,0,0.75,User Archetypes & Workflows
827,827,Becoming more efficient after I start using this app. No longer miss any task.,becoming efficient start using app longer miss task,5,2020-10-16 13:09:23,0,0.45,Noise
828,828,Must install great app manges your plan your at an instant and in super organised manner with reminder which is great for it has great features of managing your time for your task,must install great app manges plan instant super organised manner reminder great great features managing time task,5,2020-10-16 12:59:15,0,0.5466666666666666,Efficiency
829,829,Works pretty good. Easy to use.,works pretty good easy use,5,2020-10-16 12:21:29,0,0.4611111111111111,User Archetypes & Workflows
830,830,outstanding performance,outstanding performance,5,2020-10-16 00:32:57,0,0.5,Noise
831,831,It's a good app for organising your day,good app organising day,5,2020-10-15 21:35:09,0,0.7,Retention Drivers
832,832,My experience is good so far.,experience good far,5,2020-10-15 19:48:38,0,0.3999999999999999,Low Signal
833,833,Nicely Arranged Everything,nicely arranged everything,5,2020-10-15 15:56:58,0,0.6,Low Signal
834,834,Love this app! My go to for organization,love app go organization,5,2020-10-15 12:51:31,0,0.5,Low Signal
835,835,"Very useful in helping my work organized, Love it!!",useful helping work organized love,5,2020-10-15 09:00:13,0,0.4,Efficiency
836,836,Awesome trip organization,awesome trip organization,5,2020-10-15 08:55:44,0,1.0,Low Signal
837,837,"Though I had a hard time learning this app at first because I don't know the buttons to tap, but it won't take you long learning that buttons! I can manage my tasks on school properly na!",though hard time learning app first dont know buttons tap wont take long learning buttons manage tasks school properly na,5,2020-10-15 07:43:04,0,-0.0229166666666666,Monetization Sentiment
838,838,I live it,live,5,2020-10-15 06:23:29,0,0.1363636363636363,Noise
839,839,Good,good,5,2020-10-15 04:08:26,1,0.7,Low Signal
840,840,Forget everything and enjoy the life. Any.do will ensure you don't forget anything. It's really an excellent app to manage your everyday task so that you should not miss anything from your 'To Do' list. It's quite helpful in every day life. Thanks a lot.,forget everything enjoy life anydo ensure dont forget anything really excellent app manage everyday task miss anything list quite helpful every day life thanks lot,5,2020-10-14 22:58:57,0,0.35,Retention Drivers
841,841,Great to keep important things in front of me for a busy schedule. Love the option for when you can set each reminder for.,great keep important things front busy schedule love option set reminder,5,2020-10-14 20:49:03,0,0.45,Efficiency
842,842,Cheap paid version... covers all u need to maintain a todo list,cheap paid version covers u need maintain todo list,5,2020-10-14 13:42:52,1,0.4,Monetization Sentiment
843,843,Good remind me to check,good remind check,5,2020-10-14 07:10:40,0,0.7,Low Signal
844,844,rathergood,rathergood,5,2020-10-14 06:17:13,0,0.0,Low Signal
845,845,Good,good,5,2020-10-13 19:21:23,0,0.7,Low Signal
846,846,"Excellent customer service and very reasonable staff. They tried to reach me within a week, their responses were very clear and not once did they blame me for any issues I had run into. Overall, a great experience. The app itself is nice as a To-Do list or to organize your numerous tasks by due date, categories as well as location.",excellent customer service reasonable staff tried reach within week responses clear blame issues run overall great experience app nice todo list organize numerous tasks due date categories well location,5,2020-10-13 13:52:12,282,0.321875,Monetization Sentiment
847,847,The 1st October update has an issue in widget. The repeated tasks remain on top despite you mark then done for today.,st october update issue widget repeated tasks remain top despite mark done today,5,2020-10-13 08:36:58,0,0.5,Monetization Sentiment
848,848,"I love this app, and I can't start my day without it, but lately with the new updates I got lost with my tasks list the feature of having today tomorrow and upcoming tasks had been gone which is not good at all. I stopped using the app actually I hope the management of this app will look into this issue and fix it otherwise I will need to look for another app",love app cant start day without lately new updates got lost tasks list feature today tomorrow upcoming tasks gone good stopped using app actually hope management app look issue fix otherwise need look another app,5,2020-10-13 00:36:23,3,0.3340909090909091,Monetization Sentiment
849,849,👍,,5,2020-10-12 16:45:03,1,0.0,Noise
850,850,Intuitive and motivating way of zooming through your task lists!,intuitive motivating way zooming task lists,5,2020-10-12 16:03:31,0,0.0,User Archetypes & Workflows
851,851,The best.Pop up reminder is useful as it constantly pops up at the specified time and you can't avoid it until you reset the time and date.This is useful.,bestpop reminder useful constantly pops specified time cant avoid reset time datethis useful,5,2020-10-12 15:28:25,0,0.1999999999999999,Efficiency
852,852,Class,class,5,2020-10-12 13:31:24,0,0.0,Noise
853,853,Best app I have found,best app found,5,2020-10-12 10:51:18,0,1.0,Low Signal
854,854,"Good, and the most important thing: it's free to use and the basic feature is more than enough for me Been using this for 3 years+, keep it up!",good important thing free use basic feature enough using years keep,5,2020-10-12 02:44:00,3,0.3,Retention Drivers
855,855,"I love this app, it really helps me manage everything in my life.",love app really helps manage everything life,5,2020-10-12 01:32:11,0,0.35,Efficiency
856,856,Good app,good app,5,2020-10-12 01:18:13,0,0.7,Low Signal
857,857,Nice,nice,5,2020-10-11 22:41:47,0,0.6,Low Signal
858,858,Nice easy way to track tasks in different parts of your life.,nice easy way track tasks different parts life,5,2020-10-11 18:11:08,0,0.3444444444444444,Monetization Sentiment
859,859,It is absolutely the best tool,absolutely best tool,5,2020-10-11 17:52:33,0,1.0,Low Signal
860,860,Excellent,excellent,5,2020-10-11 15:09:20,1,1.0,Low Signal
861,861,"Only thing that could make this better and maybe I'm just too dumb to figure out, lol, how to make it work.is if as long as the apps open you could just talk into your phone and say like task/ event instead of having to stop and type it you know but that's my two cents I still love it thank you",thing could make better maybe im dumb figure lol make workis long apps open could talk phone say like task event instead stop type know thats two cents still love thank,5,2020-10-11 14:06:10,0,0.2291666666666666,Monetization Sentiment
862,862,Good,good,5,2020-10-11 09:54:28,1,0.7,Low Signal
863,863,So far so good I just download this to help my husband be more organized.,far good download help husband organized,5,2020-10-11 06:47:55,0,0.3999999999999999,Efficiency
864,864,"I like this app for the most part. Loads of different plugins however if you want to change the date for your reminder from the default date, it takes 7 taps! SEVEN! That is not great UX and needs to improve. I miss the Wunderlist style smart date adding. Update: The new smart date feature makes this a 5 star app for me!",like app part loads different plugins however want change date reminder default date takes taps seven great ux needs improve miss wunderlist style smart date adding update new smart date feature makes star app,5,2020-10-10 19:11:41,6,0.2729870129870129,Monetization Sentiment
865,865,"New navigation is far less convenient than the pre update there should be an option to revert it. Update: Thanks for listening, updated to 5 star for the reply",new navigation far less convenient pre update option revert update thanks listening updated star reply,5,2020-10-10 17:51:54,0,0.0674242424242424,Monetization Sentiment
866,866,Good,good,5,2020-10-10 15:06:53,0,0.7,Low Signal
867,867,Just do it,,5,2020-10-10 13:52:41,0,0.0,Noise
868,868,Great app,great app,5,2020-10-10 09:24:23,0,0.8,Low Signal
869,869,The best app ever...worth my money for subscribing.. Cause I'm a student and it's really help me to manage my day,best app everworth money subscribing cause im student really help manage day,5,2020-10-09 21:23:08,0,0.6,Retention Drivers
870,870,"I adore this app. For an absent-minded-professor type like myself, having everything I need to stay on track and show up all together in one place that can be accessed across platforms is an absolute lifesaver. The UI is really well designed as well. Highly recommend.",adore app absentmindedprofessor type like everything need stay track show together one place accessed across platforms absolute lifesaver ui really well designed well highly recommend,5,2020-10-09 19:55:46,6,0.1866666666666666,Monetization Sentiment
871,871,Excellent App! Especially for focused practise!,excellent app especially focused practise,5,2020-10-09 00:04:26,0,0.5,Efficiency
872,872,Awesome app,awesome app,5,2020-10-08 19:39:59,0,1.0,Low Signal
873,873,Great update...,great update,5,2020-10-08 19:16:16,0,0.8,Low Signal
874,874,2012 REVIEW: Been looking for a simple to do app with drag and drop and this is the best.,review looking simple app drag drop best,5,2020-10-07 17:05:58,0,0.3,Product Usability & Aesthetics
875,875,Very good! Superb app,good superb app,5,2020-10-07 11:28:28,0,0.85,Low Signal
876,876,Thanks for your help! 😊 If I may I would suggest that you work on newly added tasks - it would be much more convenient if they didn't end at the bottom of the list. Thank you in advance.,thanks help may would suggest work newly added tasks would much convenient didnt end bottom list thank advance,5,2020-10-06 22:40:04,2,0.1787878787878788,Monetization Sentiment
877,877,Good,good,5,2020-10-06 20:05:54,0,0.7,Low Signal
878,878,Amazing,amazing,5,2020-10-06 18:32:50,0,0.6000000000000001,Low Signal
879,879,Great app,great app,5,2020-10-06 11:21:54,0,0.8,Low Signal
880,880,Op,op,5,2020-10-06 07:17:45,0,0.0,Noise
881,881,Good,good,5,2020-10-06 06:20:29,0,0.7,Low Signal
882,882,"Enjoying this app. Works offline and gives you daily reminders to help you get things from your mind into a list format and encourages you to work through them in one day, or whenever you can.",enjoying app works offline gives daily reminders help get things mind list format encourages work one day whenever,5,2020-10-06 02:04:52,0,0.25,Retention Drivers
883,883,Wonderful application,wonderful application,5,2020-10-06 00:46:03,0,1.0,Noise
884,884,Love it! Gives me everything i need and let me do a monthly subscription so that I can have the few extras that you get with the paid version. Free or paid are worth it,love gives everything need let monthly subscription extras get paid version free paid worth,5,2020-10-05 23:30:29,2,0.3999999999999999,Monetization Sentiment
885,885,Very nice app👍,nice app,5,2020-10-05 13:17:20,0,0.6,Low Signal
886,886,Good,good,5,2020-10-05 13:11:09,0,0.7,Low Signal
887,887,Cursor missing often 😒,cursor missing often,5,2020-10-05 11:28:43,2,-0.2,Feature Requests & Friction
888,888,Goods app,goods app,5,2020-10-05 10:27:54,0,0.0,Low Signal
889,889,The best organiser at your finger tips,best organiser finger tips,5,2020-10-05 09:57:53,0,1.0,Low Signal
890,890,But I want my vip subscription today,want vip subscription today,5,2020-10-05 09:28:08,0,0.0,Monetization Sentiment
891,891,"No se por que, pero no me notifica sin sonido",se por que pero notifica sin sonido,5,2020-10-05 08:07:26,0,0.0,Noise
892,892,Good,good,5,2020-10-05 07:40:32,0,0.7,Low Signal
893,893,Good one,good one,5,2020-10-05 07:22:23,0,0.7,Low Signal
894,894,Excellent app in every way.,excellent app every way,5,2020-10-05 05:02:05,0,1.0,Low Signal
895,895,I'm loving it 😁,im loving,5,2020-10-05 04:27:24,0,0.6,Noise
896,896,I absolutely cannot live without this app. I use this everyday with my family to handle our things to do as well as plan out our schedules. The integrations with so many different applications is another aspect that makes this app a must have!,absolutely cannot live without app use everyday family handle things well plan schedules integrations many different applications another aspect makes app must,5,2020-10-05 02:13:53,3,0.1272727272727272,Retention Drivers
897,897,Love it,love,5,2020-10-04 20:17:20,0,0.5,Low Signal
898,898,Mira Boss 513+780,mira boss,5,2020-10-04 19:05:25,0,0.0,Noise
899,899,I love any do,love,5,2020-10-04 18:41:02,0,0.5,Low Signal
900,900,Good,good,5,2020-10-04 16:20:06,0,0.7,Low Signal
901,901,Good 👍👍👍👍👍👍👍👍,good,5,2020-10-04 16:19:24,0,0.7,Low Signal
902,902,#5 jsmallaadawy Tz🇹🇿,jsmallaadawy tz,5,2020-10-04 07:02:31,0,0.0,Noise
903,903,Good app to help u planning with fun,good app help u planning fun,5,2020-10-04 02:33:21,0,0.5,Efficiency
904,904,Works. Would like the focus feature to be more of a timer though,works would like focus feature timer though,5,2020-10-03 23:54:44,1,0.0,Efficiency
905,905,New calendar,new calendar,5,2020-10-03 23:03:32,0,0.1363636363636363,Monetization Sentiment
906,906,"One of ""the best helpful apps"" I've come across. 😁😁😁😁😁",one best helpful apps ive come across,5,2020-10-03 17:15:41,0,1.0,Efficiency
907,907,super task app,super task app,5,2020-10-03 16:58:21,0,0.3333333333333333,Noise
908,908,Possibly the best reminder app on the play store,possibly best reminder app play store,5,2020-10-03 15:42:12,0,1.0,Efficiency
909,909,You wont steal my information right?,wont steal information right,5,2020-10-03 14:26:49,0,0.2857142857142857,Feature Requests & Friction
910,910,Just what I needed! It's a big help for organising tasks and setting reminders when I'm at work.,needed big help organising tasks setting reminders im work,5,2020-10-03 08:57:07,2,0.0,Monetization Sentiment
911,911,Great app to record and follow up for your daily activities,great app record follow daily activities,5,2020-10-02 23:51:14,0,0.4,Retention Drivers
912,912,I really love it,really love,5,2020-10-02 23:33:42,0,0.5,Low Signal
913,913,I love this app,love app,5,2020-10-02 18:13:11,0,0.5,Low Signal
914,914,Wonderful experience in the free version itself . let's you organize your day and make it optimally productive,wonderful experience free version lets organize day make optimally productive,5,2020-10-02 15:40:49,0,0.7,Monetization Sentiment
915,915,Very good widget appearance,good widget appearance,5,2020-10-02 11:42:14,0,0.7,Low Signal
916,916,"I love the format, layout, and look of this app!",love format layout look app,5,2020-10-01 18:35:05,1,0.5,Low Signal
917,917,Good app,good app,5,2020-10-01 17:12:49,0,0.7,Low Signal
918,918,So far it's so good,far good,5,2020-10-01 16:50:37,0,0.3999999999999999,Low Signal
919,919,Awesome! So organized but simple to use! Love having it as a widget so I can see it everytime I open my phone!,awesome organized simple use love widget see everytime open phone,5,2020-10-01 15:52:49,7,0.375,Efficiency
920,920,best app,best app,5,2020-10-01 03:26:42,0,1.0,Low Signal
921,921,I really find this app helpful,really find app helpful,5,2020-10-01 02:13:07,0,0.2,Efficiency
922,922,Awesome app. I just love it. I use it every day.,awesome app love use every day,5,2020-09-30 19:01:10,1,0.75,Retention Drivers
923,923,"I wouldn't be without Any.do. Great app. I use it constantly. Sept. 30, 2020 Premium user for several years now...still love the app! I recently contacted support re getting the 'Focus' capability added to my Any.do phone app and the response was very fast and crisp. Thanks guys!",wouldnt without anydo great app use constantly sept premium user several years nowstill love app recently contacted support getting focus capability added anydo phone app response fast crisp thanks guys,5,2020-09-30 18:31:05,71,0.24375,Monetization Sentiment
924,924,"Just awesome, love the app",awesome love app,5,2020-09-30 17:14:08,0,0.75,Low Signal
925,925,"Best ever productivity tool ever used. I have used so many apps, but this app is best of all.",best ever productivity tool ever used used many apps app best,5,2020-09-30 16:33:12,0,0.8333333333333334,Market Displacement
926,926,V usefull app i love it v much I use it daily work good app world's best note app👍i m very happy with it😄,v usefull app love v much use daily work good app worlds best note appi happy,5,2020-09-30 14:10:11,0,0.5333333333333333,Retention Drivers
927,927,Good,good,5,2020-09-29 23:52:28,0,0.7,Low Signal
928,928,Love it. So much love for the developers that have done a stellar job with regards to UI and functionality!,love much love developers done stellar job regards ui functionality,5,2020-09-29 21:17:31,3,0.4166666666666667,Efficiency
929,929,Great apps,great apps,5,2020-09-29 19:22:14,0,0.8,Low Signal
930,930,Love it,love,5,2020-09-29 17:33:25,0,0.5,Low Signal
931,931,Very helpful. And easy to use love it,helpful easy use love,5,2020-09-29 14:01:46,0,0.4666666666666667,Efficiency
932,932,Awesome app,awesome app,5,2020-09-29 13:35:34,0,1.0,Low Signal
933,933,So Nice,nice,5,2020-09-29 09:22:54,0,0.6,Low Signal
934,934,Best organisation app ever,best organisation app ever,5,2020-09-29 01:17:41,0,1.0,Low Signal
935,935,Good app,good app,5,2020-09-28 14:41:08,0,0.7,Low Signal
936,936,Actually it managed my time successfully and I suggest everyone to use it it's very easy in using as well as it has too much benefits 🖤💗💖👑,actually managed time successfully suggest everyone use easy using well much benefits,5,2020-09-28 11:31:55,0,0.3458333333333333,Efficiency
937,937,"Love this app, it keep me so organized and help me keep track of my everyday activities",love app keep organized help keep track everyday activities,5,2020-09-28 06:10:20,0,0.15,Retention Drivers
938,938,"Upgraded to the paid version and really loving it. Seemless, easy and fun maneuver whilst assisting me to keep everything organised.",upgraded paid version really loving seemless easy fun maneuver whilst assisting keep everything organised,5,2020-09-28 05:16:43,5,0.4444444444444444,Monetization Sentiment
939,939,Love the shopping list integration,love shopping list integration,5,2020-09-28 04:54:32,0,0.5,User Archetypes & Workflows
940,940,Take note,take note,5,2020-09-28 04:45:22,0,0.0,Noise
941,941,Ok,ok,5,2020-09-27 13:02:54,0,0.5,Noise
942,942,Really Helpful,really helpful,5,2020-09-27 12:35:22,0,0.2,Efficiency
943,943,Useful app,useful app,5,2020-09-27 03:34:56,0,0.3,Efficiency
944,944,Rahul Nayak,rahul nayak,5,2020-09-26 23:46:35,0,0.0,Noise
945,945,This app is the best indeed,app best indeed,5,2020-09-26 23:11:32,0,1.0,Low Signal
946,946,Perfect so far 👍,perfect far,5,2020-09-26 20:54:57,0,0.55,Noise
947,947,Usefull,usefull,5,2020-09-26 11:22:34,0,0.0,Efficiency
948,948,I've used a lot of task lists and this one is my favorite. It is so flexible and I can use it for all areas in my life.,ive used lot task lists one favorite flexible use areas life,5,2020-09-26 04:46:51,0,0.5,Efficiency
949,949,Awesome,awesome,5,2020-09-26 04:10:25,1,1.0,Low Signal
1700,1700,"This app is awesome. I have a sugestion, in the app can't see the projects order by folder, will be good can see by folder",app awesome sugestion app cant see projects order folder good see folder,5,2020-10-27 09:03:44,0,0.85,Monetization Sentiment
1701,1701,This app is such high quality in its usage and visual design. It's on par with the quality you'd expect from Google.,app high quality usage visual design par quality youd expect google,5,2020-10-27 08:33:19,0,0.08,Product Usability & Aesthetics
1702,1702,"It's revolutionised the way I work as a medical student. Makes going from one task to another effortless, allows me to stick to breaks, etc",revolutionised way work medical student makes going one task another effortless allows stick breaks etc,5,2020-10-27 00:24:32,0,0.0,Monetization Sentiment
1703,1703,Awesome app. I am enjoying its simplicity and effectiveness.,awesome app enjoying simplicity effectiveness,5,2020-10-26 17:31:35,0,0.75,Low Signal
1704,1704,"Simply brilliant, they put a lot of effort into a quick and smooth user interface (keyboard shortcuts, keywords, date detection) that allow me to implement GTD (almost ;) ) at the speed of my thoughts. Keep up the excellent work!",simply brilliant put lot effort quick smooth user interface keyboard shortcuts keywords date detection allow implement gtd almost speed thoughts keep excellent work,5,2020-10-26 17:16:07,0,0.6583333333333333,Monetization Sentiment
1705,1705,Very good!!!,good,5,2020-10-25 20:38:25,0,0.7,Low Signal
1706,1706,This app is one of the coolest app,app one coolest app,5,2020-10-25 14:10:12,0,0.0,Noise
1707,1707,"One of the best ToDo apps out there. Started using it as a personal reminder list but the more I learned about the app, the more conveniently it weaved itself into my life. Now it is an important part of my workflow.",one best todo apps started using personal reminder list learned app conveniently weaved life important part workflow,5,2020-10-25 14:02:39,5,0.4666666666666666,Efficiency
1708,1708,Exceptional tool to boost one's productivity. Thanks for this amazing app.,exceptional tool boost ones productivity thanks amazing app,5,2020-10-25 11:13:17,0,0.4888888888888889,Monetization Sentiment
1709,1709,"Been using this app for a couple of years and overall it's been solid. It's not only a life-saver but it also provides a clean minimalistic aesthetic and intuitive options throughout the ENTIRE app. High quality developments. Seems only natural to have bugs here and there, or else they'd never be able to improve the app's functionality and innovate as a result. Attentive helpful customer support team, devs, AND they provide guides,templates and very helpful tips on their site. Keep it going :)",using app couple years overall solid lifesaver also provides clean minimalistic aesthetic intuitive options throughout entire app high quality developments seems natural bugs else theyd never able improve apps functionality innovate result attentive helpful customer support team devs provide guidestemplates helpful tips site keep going,5,2020-10-25 02:25:05,40,0.0970833333333333,Monetization Sentiment
1710,1710,Love it!,love,5,2020-10-25 01:23:39,0,0.5,Low Signal
1711,1711,"2020 update: 4 years later I have upgraded to a premium version, especially after all the newly added features. I've tried many other list/reminder type apps and Todoist stays my favorite. 1st review in 2016: I'm still getting familiar with the app after a week but it seems to be very easy to use. Simple adding items, categorizing them. I'm using the free version.",update years later upgraded premium version especially newly added features ive tried many listreminder type apps todoist stays favorite st review im still getting familiar app week seems easy use simple adding items categorizing im using free version,5,2020-10-25 00:05:26,1,0.3101325757575757,Monetization Sentiment
1712,1712,Good stuff. Helped me realise what a stupid slacker i am. Brb gonna go jump off a cliff now,good stuff helped realise stupid slacker brb gonna go jump cliff,5,2020-10-24 20:37:23,0,-0.0499999999999999,Efficiency
1713,1713,Best app for to-dos. The highlight is Natural Language Processing.,best app todos highlight natural language processing,5,2020-10-24 15:49:31,0,0.55,Monetization Sentiment
1714,1714,Great!,great,5,2020-10-24 02:01:18,0,0.8,Low Signal
1715,1715,Changed my life,changed life,5,2020-10-24 00:13:25,0,0.0,Efficiency
1716,1716,Simple but flexible app for managing todo lists and notifications.,simple flexible app managing todo lists notifications,5,2020-10-23 21:01:03,0,0.0,User Archetypes & Workflows
1717,1717,"It does what I need when I need it and it provides me with in information I require to be more efficient. Plus it is linked to Alexa so it it easy to add tasks or even groceries to my lust. It's a win, win!",need need provides information require efficient plus linked alexa easy add tasks even groceries lust win win,5,2020-10-23 19:59:20,0,0.6777777777777777,Monetization Sentiment
1718,1718,Great app and it is way better than your regular reminder application. Gonna start using it for my daily life routine,great app way better regular reminder application gonna start using daily life routine,5,2020-10-23 19:32:24,0,0.325,Market Displacement
1719,1719,"It remembers my todos, so I can focus on executing those todos. Helps alot in achieving more.",remembers todos focus executing todos helps alot achieving,5,2020-10-23 18:03:22,0,0.0,Efficiency
1720,1720,Can you please available the mobile reminder service for free? It's very important for me but I am not able to buy it.,please available mobile reminder service free important able buy,5,2020-10-23 16:16:11,0,0.425,Monetization Sentiment
1721,1721,"Awesome app, helping me to boost my productivity everyday.",awesome app helping boost productivity everyday,5,2020-10-23 08:27:29,0,0.4,Monetization Sentiment
1722,1722,"Love it! Simple to use, and just the perfect amount of prompting",love simple use perfect amount prompting,5,2020-10-22 22:36:37,0,0.5,Monetization Sentiment
1723,1723,Best todo app,best todo app,5,2020-10-22 20:52:26,0,1.0,Low Signal
1724,1724,Superb.,superb,5,2020-10-22 19:14:51,0,1.0,Noise
1725,1725,"The bug's been fixed so i wanted to update the review! Todoist is a really great app; it's slick, it's easy to pick up & use, and it's been essential to me in my day to day life. The date and time input for tasks is super intuitive (ev 10 days/ev 1st & 16th of the mth etc) and I appreciate how easy it is to have tasks loop even with weird intervals. The free version has pretty much everything the average user needs, but I'm sure the features of the paid version will b well worth the price",bugs fixed wanted update review todoist really great app slick easy pick use essential day day life date time input tasks super intuitive ev daysev st th mth etc appreciate easy tasks loop even weird intervals free version pretty much everything average user needs im sure features paid version b well worth price,5,2020-10-22 12:58:53,40,0.2035714285714285,Monetization Sentiment
1726,1726,Amezing,amezing,5,2020-10-22 12:32:19,0,0.0,Noise
1727,1727,Extremely useful app!,extremely useful app,5,2020-10-22 09:46:09,0,0.3,Efficiency
1728,1728,Very useful. Thanks,useful thanks,5,2020-10-22 08:00:30,0,0.25,Efficiency
1729,1729,"Great app, I'd recommend to anyone that has problem solving, and anxiety issues. It helps me sleep to be able to make todo lists for the next day.",great app id recommend anyone problem solving anxiety issues helps sleep able make todo lists next day,5,2020-10-22 02:48:13,2,0.4333333333333333,Monetization Sentiment
1730,1730,Really helps me get stuff done and on time...,really helps get stuff done time,5,2020-10-22 01:48:51,0,0.2,Efficiency
1731,1731,Just became perfect. They listen to customers' feedback. Impressed how they improved all the shortcomings they had before.,became perfect listen customers feedback impressed improved shortcomings,5,2020-10-21 18:51:12,1,1.0,Monetization Sentiment
1732,1732,It is great app to plan your day. It is easy to use and fast.,great app plan day easy use fast,5,2020-10-21 18:24:22,0,0.4777777777777778,Retention Drivers
1733,1733,Very good,good,5,2020-10-21 05:49:08,0,0.7,Low Signal
1734,1734,Absolutely amazing app and seriously have nothing bad to say. I wish that we can get more perks as we use the app and its features more to encourage us to mange our time wisely,absolutely amazing app seriously nothing bad say wish get perks use app features encourage us mange time wisely,5,2020-10-21 02:36:59,0,0.0666666666666667,Feature Requests & Friction
1735,1735,Basic and nice. I can advice,basic nice advice,5,2020-10-21 01:23:48,0,0.3,Low Signal
1736,1736,Nice app,nice app,5,2020-10-19 23:47:24,0,0.6,Low Signal
1737,1737,I love the fact that I can create a list of items to do and check them off as I go right here in this app. The notifications are like my own personal secretary. It has helped me tremendously with productivity.,love fact create list items check go right app notifications like personal secretary helped tremendously productivity,5,2020-10-19 23:04:36,4,0.2797619047619047,Monetization Sentiment
1738,1738,L it is excellent marvelous amazing,l excellent marvelous amazing,5,2020-10-19 21:02:08,0,0.8666666666666667,Low Signal
1739,1739,Like,like,5,2020-10-19 10:19:18,0,0.0,Noise
1740,1740,Extremely easy to use with excellent visual cues.,extremely easy use excellent visual cues,5,2020-10-19 07:11:49,0,0.4777777777777778,Product Usability & Aesthetics
1741,1741,Extremely helpful. This app has helped me form new habits and become way more productive.,extremely helpful app helped form new habits become way productive,5,2020-10-19 06:52:47,0,0.0056818181818181,Monetization Sentiment
1742,1742,Love it! Easy project organization and to do list option. The widget for Andriod is AMAZING!,love easy project organization list option widget andriod amazing,5,2020-10-19 00:50:45,1,0.5111111111111112,Monetization Sentiment
1743,1743,👌✨,,5,2020-10-17 23:31:57,0,0.0,Noise
1744,1744,"Since last major update, rescheduling a task takes you to the day where it is scheduled, preventing you from quickly rescheduling all tasks on a given day. Productivity killer.",since last major update rescheduling task takes day scheduled preventing quickly rescheduling tasks given day productivity killer,5,2020-10-17 23:13:31,3,0.1319444444444444,Monetization Sentiment
1745,1745,This app is where I have outsources my brain. My entire life runs on this app and it's so smooth compared to many others. I love how seamless the experience feels between devices,app outsources brain entire life runs app smooth compared many others love seamless experience feels devices,5,2020-10-17 11:51:16,5,0.3,Market Displacement
1746,1746,"I have used the premium version of this task manager for several years. Cross-platform functionality is a must and it integrates well with several other programs (email, calendar, IFTTT). Great for those using GTD methodology. Try the free (limited) version, then upgrade for full capabilities.",used premium version task manager several years crossplatform functionality must integrates well several programs email calendar ifttt great using gtd methodology try free limited version upgrade full capabilities,5,2020-10-17 07:15:47,38,0.2464285714285714,Monetization Sentiment
1747,1747,It's a great app for the one's who don't want to waste their very single moments in this life. It's helpful in achieving goals and to increase productivity in your daily life. Thank you so much to #Doist. Keep moving forward ♥️,great app ones dont want waste single moments life helpful achieving goals increase productivity daily life thank much doist keep moving forward,5,2020-10-16 19:02:08,1,0.1457142857142857,Monetization Sentiment
1748,1748,The best of the best Plan youe entire life 💜💜💜,best best plan youe entire life,5,2020-10-16 17:46:40,0,0.6666666666666666,Efficiency
1749,1749,Great app to plan your day!,great app plan day,5,2020-10-16 11:24:47,0,0.8,Retention Drivers
1750,1750,"Very useful, I love it 🥰",useful love,5,2020-10-16 09:49:40,0,0.4,Efficiency
1751,1751,I am new to it but so far an excellent app,new far excellent app,5,2020-10-16 05:39:24,0,0.4121212121212121,Monetization Sentiment
1752,1752,This app is so amazingly done and so helpful. I can't begin to describe how much value this app has to me. This app make a huge difference in my life by allowing me to build habits and be consistent with them!!,app amazingly done helpful cant begin describe much value app app make huge difference life allowing build habits consistent,5,2020-10-16 01:28:35,1,0.3625,Monetization Sentiment
1753,1753,Helps me member and get so much done,helps member get much done,5,2020-10-16 00:14:48,0,0.2,Efficiency
1754,1754,"Todoist is simple, customisable, and helpful app to get things done. Must have app for Productivity.",todoist simple customisable helpful app get things done must app productivity,5,2020-10-15 21:47:08,0,0.0,Monetization Sentiment
1755,1755,"Definitely the best app out there for syncing honey-do lists, especially if your life is complicated.",definitely best app syncing honeydo lists especially life complicated,5,2020-10-15 18:34:26,0,0.1666666666666666,Efficiency
1756,1756,Brilliant App! Been using it every day for over 3 years and I love it.,brilliant app using every day years love,5,2020-10-15 15:31:15,0,0.7,Retention Drivers
1757,1757,"Great, clutter free, to the point app with enough features (if you think it doesn't exist, Google it! There's many hidden things you need to know!)",great clutter free point app enough features think doesnt exist google theres many hidden things need know,5,2020-10-15 03:17:56,5,0.3066666666666667,Feature Requests & Friction
1758,1758,Excellent and very helpful,excellent helpful,5,2020-10-14 14:11:26,0,1.0,Efficiency
1759,1759,Love the sync,love sync,5,2020-10-14 09:01:53,0,0.5,Low Signal
1760,1760,"A pretty easy way to keep track of tasks and set reminders, whether recurring or not",pretty easy way keep track tasks set reminders whether recurring,5,2020-10-14 02:03:19,2,0.3416666666666667,Monetization Sentiment
1761,1761,You remind of the todos I had planned to do and didn't do. This keeps me updated. Love it,remind todos planned didnt keeps updated love,5,2020-10-13 13:24:59,0,0.5,Low Signal
1762,1762,Helps me cope with my preoccupied life,helps cope preoccupied life,5,2020-10-13 12:06:26,0,0.0,Efficiency
1763,1763,Love it. Feel less stressed and more organised lately.,love feel less stressed organised lately,5,2020-10-13 03:13:47,0,0.0111111111111111,Low Signal
1764,1764,Best todo app ever,best todo app ever,5,2020-10-13 02:16:41,0,1.0,Low Signal
1765,1765,Extremely helpful at helping me keep track of all the task I need to get throughout the day.,extremely helpful helping keep track task need get throughout day,5,2020-10-13 00:53:04,0,-0.125,Retention Drivers
1766,1766,It's very easy to add tasks with its incredible Natural Language Processing.,easy add tasks incredible natural language processing,5,2020-10-13 00:13:08,0,0.4777777777777778,Monetization Sentiment
1767,1767,"Most clear and useful app out there. Tried many, keeping todoist ❤️",clear useful app tried many keeping todoist,5,2020-10-12 23:42:49,0,0.3,Efficiency
1768,1768,Superb app! fulfilling more than expected,superb app fulfilling expected,5,2020-10-12 17:52:35,0,0.45,Noise
1769,1769,Just amazing. I just want an option to set the list in order that i prefer even if I set them by !!1 !!2 !!3 or !!4.,amazing want option set list order prefer even set,5,2020-10-12 00:46:04,0,0.6000000000000001,Efficiency
1770,1770,"Perfect for daily use. Don't look further, this is your planning app",perfect daily use dont look planning app,5,2020-10-11 23:56:46,0,0.5,Retention Drivers
1771,1771,Perfect and awesome,perfect awesome,5,2020-10-11 22:55:18,0,1.0,Low Signal
1772,1772,it was easy to use and very helpful to put my to-do in a digital form,easy use helpful put todo digital form,5,2020-10-11 18:03:36,0,0.2166666666666666,Efficiency
1773,1773,Love this app!,love app,5,2020-10-11 01:27:16,0,0.5,Low Signal
1774,1774,I love it,love,5,2020-10-10 23:50:55,0,0.5,Low Signal
1775,1775,Android has very few todo/reminder apps that are even worth downloading. This app is an exception and definitely worth the download.,android todoreminder apps even worth downloading app exception definitely worth download,5,2020-10-10 20:28:06,1,0.3,Monetization Sentiment
1776,1776,Excellent App.,excellent app,5,2020-10-10 20:07:08,0,1.0,Low Signal
1777,1777,Very user friendly. nice UX job.,user friendly nice ux job,5,2020-10-10 14:52:08,0,0.4875,Low Signal
1778,1778,Awesome app. A request to the devs: I wish there was some way o take notes in this app that is linked with a task. So it will be better for future reminders.,awesome app request devs wish way take notes app linked task better future reminders,5,2020-10-10 14:06:45,4,0.5,Efficiency
1779,1779,"Best to do list tool. I have 30 things to do every day but this app keeps me in line and I meet my deadlines. Between remote work, homeschooling, running errands and holiday shopping, this is so useful. I even have it on my laptop so the team who created this...thank you!",best list tool things every day app keeps line meet deadlines remote work homeschooling running errands holiday shopping useful even laptop team created thisthank,5,2020-10-10 07:59:52,10,0.3999999999999999,Retention Drivers
1780,1780,A fantastic app for trying to manage your life and time.. yet still fail. But the app actually makes me remember that I have something to do. But still.. I won't do it.. for.. reasons.,fantastic app trying manage life time yet still fail app actually makes remember something still wont reasons,5,2020-10-10 07:58:24,0,-0.0333333333333333,Efficiency
1781,1781,A real help to get up to speed with remembering task of new job.,real help get speed remembering task new job,5,2020-10-10 00:39:19,0,0.1681818181818181,Monetization Sentiment
1782,1782,"Awesome, saves so much time and effort",awesome saves much time effort,5,2020-10-10 00:35:20,0,0.6,Low Signal
1783,1783,This app is a big help for me in my Work-Study-Life Management.,app big help workstudylife management,5,2020-10-09 20:56:01,0,0.0,Efficiency
1784,1784,Good,good,5,2020-10-09 20:34:29,0,0.7,Low Signal
1785,1785,"A literally effecient app to plan daily & shleduled tasks, goals as well as projects. Easy & user friendly UI. Whether user just wants to note some random tasks or very specific scheduled tasks & projects; it's useful.",literally effecient app plan daily shleduled tasks goals well projects easy user friendly ui whether user wants note random tasks specific scheduled tasks projects useful,5,2020-10-09 19:30:45,5,0.1154761904761904,Monetization Sentiment
1786,1786,The best customer experience I had in 12 years.,best customer experience years,5,2020-10-09 03:30:31,0,1.0,Retention Drivers
1787,1787,Super useful app!,super useful app,5,2020-10-09 03:21:55,0,0.3166666666666666,Efficiency
1788,1788,The free version is pretty easy sofar,free version pretty easy sofar,5,2020-10-09 01:53:59,0,0.3611111111111111,Monetization Sentiment
1789,1789,"Update: As a big user of sub-projects, I was disappointed to see their usefulness go when they no longer appeared in the main project. However, I have recently been pleased to notice the new ""Sections"" feature now allows me to replicate that functionality, and being able to display them a board is a nice touch. I also appreciate how the functionality of the Wear OS app has come along when other developers have been dropping watch support.",update big user subprojects disappointed see usefulness go longer appeared main project however recently pleased notice new sections feature allows replicate functionality able display board nice touch also appreciate functionality wear os app come along developers dropping watch support,5,2020-10-08 20:50:09,138,0.1647186147186146,Monetization Sentiment
1790,1790,UPDATE: Thank you for the fantastic updates on this product! I've moved completely to Todoist now and greatly appreciate the support community. Recommend subscribing to Carl Pullin's YouTube channel to learn all kinds of goodness with using Todoist. Use for GTD. Capture is excellent! Processing and Organizing are easy. Still working on review discipline.,update thank fantastic updates product ive moved completely todoist greatly appreciate support community recommend subscribing carl pullins youtube channel learn kinds goodness using todoist use gtd capture excellent processing organizing easy still working review discipline,5,2020-10-08 20:25:26,0,0.5466666666666666,Monetization Sentiment
1791,1791,"This app has blown me away! Rarely if ever rate an app, but there are no ads, and the free version is still incredibly highly functional... Just so impressed- well done to the team!",app blown away rarely ever rate app ads free version still incredibly highly functional impressed well done team,5,2020-10-08 16:36:27,6,0.4649999999999999,Monetization Sentiment
1792,1792,Great,great,5,2020-10-08 15:51:05,0,0.8,Low Signal
1793,1793,"Es útil para tener todas mis tareas pendientes, además funciona bastante bien.",es til para tener todas mis tareas pendientes adems funciona bastante bien,5,2020-10-08 10:29:20,0,0.0,Efficiency
1794,1794,My organisation skills have never been as good before I used this app. Its on all my devices. Makes sure every day of the year is not wasted,organisation skills never good used app devices makes sure every day year wasted,5,2020-10-08 00:47:49,0,-0.0166666666666666,Retention Drivers
1795,1795,On the free version. Very intuitive and has made a difference to my organisation. Thank you!,free version intuitive made difference organisation thank,5,2020-10-07 23:48:17,2,0.4,Monetization Sentiment
1796,1796,"Satisfying, concise and helpful in organizing my workload accordingly. I recommended this app to many people, it's definitely worth installing.",satisfying concise helpful organizing workload accordingly recommended app many people definitely worth installing,5,2020-10-07 22:44:01,2,0.35,Efficiency
1797,1797,The best organizational tool on my phonesv,best organizational tool phonesv,5,2020-10-07 20:34:12,0,1.0,Low Signal
1798,1798,"Great, simple app for managing daily tasks. Keeps your tasks in sync on all devices.",great simple app managing daily tasks keeps tasks sync devices,5,2020-10-07 13:18:26,0,0.2666666666666666,Monetization Sentiment
1799,1799,"Just think of this app as your brain 🧠 🤣Anything you think of put it in the inbox. This is your RAM( Random access memory ) power. No storage required, give ur brain the much needed space 🙌🏽. Take a look at YouTube video tutorials. There are a lot of people using this app with really good setups. Definitely set this using ur computer. I believe this is the only way to link ur calendar. Gmail has the best integration.",think app brain anything think put inbox ram random access memory power storage required give ur brain much needed space take look youtube video tutorials lot people using app really good setups definitely set using ur computer believe way link ur calendar gmail best integration,5,2020-10-07 09:19:51,49,0.2799999999999999,Product Usability & Aesthetics
1800,1800,"Love it. It's simple, but just the thing I need to keep my to-do list written down and handy for easy access.",love simple thing need keep todo list written handy easy access,5,2020-10-07 03:13:09,4,0.3833333333333333,User Archetypes & Workflows
1801,1801,Excellent program and several YouTube videos to better understand the use of the software.,excellent program several youtube videos better understand use software,5,2020-10-06 19:00:18,1,0.5,Monetization Sentiment
1802,1802,Very functional and satisfying to use! On an Oppo phone.,functional satisfying use oppo phone,5,2020-10-06 17:39:50,0,0.5,Efficiency
1803,1803,Imposter,imposter,5,2020-10-06 11:20:09,0,0.0,Noise
1804,1804,Excellent Task Management 👍👍,excellent task management,5,2020-10-06 08:28:47,0,1.0,Efficiency
1805,1805,Bom,bom,5,2020-10-06 06:52:11,0,0.0,Noise
1806,1806,Very Good!,good,5,2020-10-06 05:36:03,0,0.7,Low Signal
1807,1807,I'm really enjoying this app. It's helping me juggle between planning my cross-country move and daily life,im really enjoying app helping juggle planning crosscountry move daily life,5,2020-10-06 03:11:47,0,0.25,Retention Drivers
1808,1808,Easy to use and can integrate with other apps,easy use integrate apps,5,2020-10-06 02:26:11,0,0.4333333333333333,Market Displacement
1809,1809,Can't imagine living without it 😅😅,cant imagine living without,5,2020-10-06 02:12:47,0,0.0,Retention Drivers
1810,1810,Good,good,5,2020-10-06 01:48:29,0,0.7,Low Signal
1811,1811,I've used several and this is the best I've used. Clean interface and every feature I want.,ive used several best ive used clean interface every feature want,5,2020-10-05 19:44:57,0,0.4555555555555555,Feature Requests & Friction
1812,1812,It could really help me to be more well organized,could really help well organized,5,2020-10-05 13:47:07,0,0.2,Efficiency
1813,1813,I really love this app.it helps me focus on my study,really love appit helps focus study,5,2020-10-05 09:28:05,0,0.5,Efficiency
1814,1814,Good,good,5,2020-10-05 05:23:24,0,0.7,Low Signal
1815,1815,Used this app to get away from physical to do lists I had scattered everywhere. Works great and I appreciate the ability to really organize my lists!,used app get away physical lists scattered everywhere works great appreciate ability really organize lists,5,2020-10-05 05:17:17,1,0.3333333333333333,User Archetypes & Workflows
1816,1816,It helps me be more efficient!,helps efficient,5,2020-10-05 02:50:26,0,0.0,Efficiency
1817,1817,Great app helps plan my day and give me foresight into what's coming up,great app helps plan day give foresight whats coming,5,2020-10-04 23:12:56,0,0.8,Retention Drivers
1818,1818,"I love this app, *but* with the disclaimer that I don't like how it syncs with google calendar. When I synced it, ALL of my todoist entries showed up as calendar events, making it impossible to use my calendar. And, I couldn't un-sync it. So I ended up having to completely delete that todoist account and make a new one with a different email. That was some time ago (two years?) So it's possible the sync function is improved.",love app disclaimer dont like syncs google calendar synced todoist entries showed calendar events making impossible use calendar couldnt unsync ended completely delete todoist account make new one different email time ago two years possible sync function improved,5,2020-10-04 20:06:54,61,0.0116161616161616,Monetization Sentiment
1819,1819,Like the fact that Desktop and App syns automatically,like fact desktop app syns automatically,5,2020-10-03 21:15:23,0,0.0,Noise
1820,1820,Excellent application,excellent application,5,2020-10-03 13:38:56,0,1.0,Low Signal
1821,1821,"I love it SO much! It's skyrocketed my productivity level & my focus, it's easy to use, & the features in premium are so worth it- thank you to the Todoist Team!!",love much skyrocketed productivity level focus easy use features premium worth thank todoist team,5,2020-10-03 10:13:38,2,0.3583333333333333,Monetization Sentiment
1822,1822,Love the product. Keeps my life on track.,love product keeps life track,5,2020-10-03 05:41:53,0,0.5,Monetization Sentiment
1823,1823,Great experience.,great experience,5,2020-10-03 03:34:45,0,0.8,Low Signal
1824,1824,Sync across devices easily and quickly. Easy to create lists and love the layout,sync across devices easily quickly easy create lists love layout,5,2020-10-02 22:11:46,0,0.4666666666666667,User Archetypes & Workflows
1825,1825,This is the best to-do list app. Much better than Google or Microsoft alternatives.,best todo list app much better google microsoft alternatives,5,2020-10-02 21:59:11,0,0.75,Market Displacement
1826,1826,"I love how easy it is to add items, and that they sync across platforms and devices Also, that I can add them to /through Alexa",love easy add items sync across platforms devices also add alexa,5,2020-10-02 21:38:30,3,0.4666666666666667,Efficiency
1827,1827,Very good experience with todoist,good experience todoist,5,2020-10-02 20:44:23,0,0.7,Low Signal
1828,1828,Perfect software for actio items management,perfect software actio items management,5,2020-10-02 19:32:40,0,1.0,Efficiency
1829,1829,🥰🥰🥰😘😘😘😘,,5,2020-10-02 09:50:31,0,0.0,Noise
1830,1830,Great app,great app,5,2020-10-02 09:18:31,0,0.8,Low Signal
1831,1831,To focus on studying with this app is a brilliant idea cause it reminds you to do homework even more strictly than your teachers. A must-have app,focus studying app brilliant idea cause reminds homework even strictly teachers musthave app,5,2020-10-01 16:29:04,0,0.9,Efficiency
1832,1832,Enjoying the process to choose what is essential.,enjoying process choose essential,5,2020-10-01 12:25:32,0,0.25,Monetization Sentiment
1833,1833,Very effective way to plan and execute the day to day activities.,effective way plan execute day day activities,5,2020-10-01 10:52:38,0,0.6,Retention Drivers
1834,1834,I looooove this app i really recomend it its easy to use and it reminds you,looooove app really recomend easy use reminds,5,2020-09-30 21:36:04,0,0.3166666666666666,Product Usability & Aesthetics
1835,1835,Very good. It's worth using properly. Take a little time to learn everything about it and you will find that you have more time and less stress.,good worth using properly take little time learn everything find time less stress,5,2020-09-30 21:18:41,0,0.1291666666666666,Monetization Sentiment
1836,1836,Its perfect for student's like me who take every day as challenge and tend to forget what's important each day.,perfect students like take every day challenge tend forget whats important day,5,2020-09-30 19:42:44,0,0.7,Retention Drivers
1837,1837,Great!,great,5,2020-09-30 17:53:17,0,0.8,Low Signal
1838,1838,For a disorganized person -me- this is a big help and pretty easy to use,disorganized person big help pretty easy use,5,2020-09-30 16:34:49,0,0.2277777777777777,Efficiency
1839,1839,Excellent and very straightforward and easy to use especially now Boards (kanban-style) are here. As I am very spatially-oriented this is ideal for me.,excellent straightforward easy use especially boards kanbanstyle spatiallyoriented ideal,5,2020-09-30 11:24:59,2,0.5416666666666667,Product Usability & Aesthetics
1840,1840,"Switched from an extremely full and disorganized calendar, notebook, and phone notes to Todoist. Now everything is in project folders and I can keep track much easier - one for each of my classes, work, and home. I love it and now I spend less time on my phone and more time getting stuff done. My only suggestion for the Devs is to allow users to hide the large ""labels,"" ""projects"" and ""filters"" folders if we don't use them. I don't like filters and wish I could hide it.",switched extremely full disorganized calendar notebook phone notes todoist everything project folders keep track much easier one classes work home love spend less time phone time getting stuff done suggestion devs allow users hide large labels projects filters folders dont use dont like filters wish could hide,5,2020-09-30 10:10:25,5,0.2195238095238095,Market Displacement
1841,1841,"Nice app, useful and easy to use. The free version has lots of options to serve the goal.",nice app useful easy use free version lots options serve goal,5,2020-09-30 01:09:11,1,0.4333333333333333,Monetization Sentiment
1842,1842,Very useful. It helps keep track of productivity very well.,useful helps keep track productivity well,5,2020-09-29 23:47:43,0,0.3,Monetization Sentiment
1843,1843,"I have found this app AWESOME so far! It really helps to remain organized! Just 1 hard suggestion, if possible, please add facility for completing periodic goals, like what i am working, is for betterment of my carrier in coming 5 years. Thanks a lot once again!",found app awesome far really helps remain organized hard suggestion possible please add facility completing periodic goals like working betterment carrier coming years thanks lot,5,2020-09-29 22:31:34,7,0.2013888888888888,Retention Drivers
1844,1844,Wonderful app! Really helps me to work on what's important!,wonderful app really helps work whats important,5,2020-09-29 19:41:53,0,0.5333333333333333,Efficiency
1845,1845,Perfect,perfect,5,2020-09-29 11:30:35,0,1.0,Noise
1846,1846,Good app... helps to check each activity on hand.,good app helps check activity hand,5,2020-09-29 09:51:12,0,0.7,Efficiency
1847,1847,It's a great app.... love it,great app love,5,2020-09-28 23:19:58,0,0.65,Low Signal
1848,1848,I love the feeling of ticking off things I've purposes to do and actually accomplished at the end of the day and todoist aids in that great sense of accomplishment. Super grateful,love feeling ticking things ive purposes actually accomplished end day todoist aids great sense accomplishment super grateful,5,2020-09-28 22:00:42,0,0.4583333333333333,Retention Drivers
1849,1849,Maybe I'll get around to using it!,maybe ill get around using,5,2020-09-28 15:07:17,0,-0.5,Noise
1850,1850,Best productivity tool ever,best productivity tool ever,5,2020-09-28 08:45:29,0,1.0,Monetization Sentiment
1851,1851,Excellent app. Very easy to use!,excellent app easy use,5,2020-09-28 05:18:18,0,0.7166666666666667,Product Usability & Aesthetics
1852,1852,"Powerful, convenient and intuitive",powerful convenient intuitive,5,2020-09-28 03:32:56,0,0.3,Product Usability & Aesthetics
1853,1853,Worth it. Simple Elegant Useful,worth simple elegant useful,5,2020-09-28 02:14:29,0,0.275,Monetization Sentiment
1854,1854,"This is beyond helpful when planning out my day. I use this for both school and personal projects. It's aesthetic, organized, and simple to use. I'm in love with Todoist! 💛",beyond helpful planning day use school personal projects aesthetic organized simple use im love todoist,5,2020-09-27 23:05:47,5,0.1666666666666666,Monetization Sentiment
1855,1855,Love it! Nice way to stay organized,love nice way stay organized,5,2020-09-27 20:32:14,0,0.55,Efficiency
1856,1856,By far the absolute best to-do app! The free version is great and the paid version is even greater!,far absolute best todo app free version great paid version even greater,5,2020-09-27 19:34:48,3,0.5,Monetization Sentiment
1857,1857,Awesome experience 👏,awesome experience,5,2020-09-27 18:45:44,0,1.0,Low Signal
1858,1858,This app changed my life. Nice overlay.,app changed life nice overlay,5,2020-09-27 14:55:12,0,0.6,Efficiency
1859,1859,Very usefull app for procrastinators,usefull app procrastinators,5,2020-09-27 08:18:37,0,0.0,Monetization Sentiment
1860,1860,Still learning how to integrate this app to my workflow.,still learning integrate app workflow,5,2020-09-26 21:05:06,0,0.0,User Archetypes & Workflows
1861,1861,Goods App,goods app,5,2020-09-26 20:43:13,0,0.0,Low Signal
1862,1862,Very versatile and easy to use,versatile easy use,5,2020-09-26 10:40:26,0,0.4333333333333333,Product Usability & Aesthetics
1863,1863,Been using this app for 3 years.,using app years,5,2020-09-26 10:05:16,0,0.0,Retention Drivers
1864,1864,"Best app to manage your to do list, and its syncing feature b/w laptop & mobile is amazing...",best app manage list syncing feature bw laptop mobile amazing,5,2020-09-26 08:31:14,0,0.8,Efficiency
1865,1865,This is beginning to change my life.,beginning change life,5,2020-09-26 07:21:37,0,0.0,Efficiency
1866,1866,The best option for productivity. Use this tool with GTD system and see the magic.,best option productivity use tool gtd system see magic,5,2020-09-26 01:41:04,0,0.75,Monetization Sentiment
1867,1867,Intuitive and very helpful 👌,intuitive helpful,5,2020-09-25 19:03:29,0,0.0,Efficiency
1868,1868,Very user friendly,user friendly,5,2020-09-25 18:53:45,0,0.375,Noise
1869,1869,"If you work it, it will work for you.",work work,5,2020-09-25 07:49:36,0,0.0,User Archetypes & Workflows
1870,1870,"It is a great productivity tool, keeps you on track with everything you set out to do",great productivity tool keeps track everything set,5,2020-09-25 06:28:55,0,0.8,Monetization Sentiment
1871,1871,Best todo list I have used so far. Works on every device I have just perfect ❤️,best todo list used far works every device perfect,5,2020-09-24 21:08:01,0,0.7000000000000001,User Archetypes & Workflows
1872,1872,I've tried to use to-do list type applications before. I see the benefit in them. But they never really stuck with me. The customization and organization options in this app make it great. I use it daily.,ive tried use todo list type applications see benefit never really stuck customization organization options app make great use daily,5,2020-09-24 20:55:09,3,0.2333333333333333,Monetization Sentiment
1873,1873,The new board view is a nice improvement.,new board view nice improvement,5,2020-09-24 17:24:40,2,0.3681818181818181,Monetization Sentiment
1874,1874,Great,great,5,2020-09-24 15:52:31,0,0.8,Low Signal
1875,1875,Great reminders,great reminders,5,2020-09-24 11:57:51,0,0.8,Efficiency
1876,1876,Awsome! Love that google assistant take my voice notes to todoist!,awsome love google assistant take voice notes todoist,5,2020-09-24 08:24:48,1,0.5,Low Signal
1877,1877,Great so far,great far,5,2020-09-24 08:20:29,0,0.45,Low Signal
1878,1878,"Loving it so far. The absolute high that I get from checking off important tasks on a to-do list is indescribable. Todoist is my white rabbit. But actually it really is great. Feels intuitive. Other than an occasional crash when I move tasks to different sections, causing me to reopen it once again, I really enjoy using it.",loving far absolute high get checking important tasks todo list indescribable todoist white rabbit actually really great feels intuitive occasional crash move tasks different sections causing reopen really enjoy using,5,2020-09-24 07:57:29,33,0.2659999999999999,Monetization Sentiment
1879,1879,Great app to keep on top of life!,great app keep top life,5,2020-09-24 07:10:39,0,0.65,Efficiency
1880,1880,Great for basic lists to project management!,great basic lists project management,5,2020-09-24 06:01:24,0,0.4,Monetization Sentiment
1881,1881,I love the app,love app,5,2020-09-24 01:41:06,0,0.5,Low Signal
1882,1882,"**Second Update, Sep 2020** A solid choice 👍 Have been using Todoist for about 5 years. They are like a very slow 🐢 (in terms of releasing features) that you love and hate at the same time, but at the end of the day, this is a super powerful tool that has passed the test of time. Highly recommend.",second update sep solid choice using todoist years like slow terms releasing features love hate time end day super powerful tool passed test time highly recommend,5,2020-09-24 00:53:05,0,0.0241666666666666,Retention Drivers
1883,1883,Amazing tool to organize your day.,amazing tool organize day,5,2020-09-23 18:38:58,0,0.6000000000000001,Retention Drivers
1884,1884,Great app.,great app,5,2020-09-23 18:07:40,0,0.8,Low Signal
1885,1885,Great app,great app,5,2020-09-23 14:37:10,0,0.8,Low Signal
1886,1886,"One of the best apps I used in my whole life. Superb, thoughtful, subtle design makes you want to use it, and this is the key!",one best apps used whole life superb thoughtful subtle design makes want use key,5,2020-09-23 12:31:19,0,0.3777777777777777,Efficiency
1887,1887,I'm enjoying a lot my experience with todoist. My productivity is increasing.,im enjoying lot experience todoist productivity increasing,5,2020-09-23 05:15:13,0,0.5,Monetization Sentiment
1888,1888,I love it,love,5,2020-09-22 23:42:51,0,0.5,Low Signal
1889,1889,This app is fantastic! It is so easy to use and has a sleek dashboard that makes it easy to follow up on my own tasks. Free version is great and has all the features I need.,app fantastic easy use sleek dashboard makes easy follow tasks free version great features need,5,2020-09-22 11:59:03,4,0.4933333333333333,Monetization Sentiment
1890,1890,Superb,superb,5,2020-09-22 08:03:09,0,1.0,Noise
1891,1891,The perfect to do app.,perfect app,5,2020-09-22 06:03:32,0,1.0,Noise
1892,1892,Awesome,awesome,5,2020-09-21 19:59:32,0,1.0,Low Signal
1893,1893,Absolutely love this App! Especially it's support for markdown 😉,absolutely love app especially support markdown,5,2020-09-21 16:25:48,0,0.25,Service Value & Trust
1894,1894,Phenomenal,phenomenal,5,2020-09-21 05:08:22,0,0.5,Noise
1895,1895,"This app is making me manage better! I love it, specially when I use it on different platforms and web. I definitely suggest it to my friends.",app making manage better love specially use different platforms web definitely suggest friends,5,2020-09-20 13:59:41,0,0.2714285714285714,Efficiency
1896,1896,I like the app so far. Good game changer.,like app far good game changer,5,2020-09-20 13:19:08,0,0.1333333333333333,Feature Requests & Friction
1897,1897,cool app,cool app,5,2020-09-20 12:45:08,0,0.35,Noise
1898,1898,Honestly the best app I could ask for. Managing and completing tasks in a form of projects.,honestly best app could ask managing completing tasks form projects,5,2020-09-20 11:03:57,0,1.0,Monetization Sentiment
1899,1899,Good,good,5,2020-09-20 10:01:46,0,0.7,Low Signal
2650,2650,Current Review: Please Add Feature Insert picture with Task Last Review: Awesome,current review please add feature insert picture task last review awesome,5,2020-10-28 00:19:39,0,0.3333333333333333,Feature Requests & Friction
2651,2651,"Had some weird hiccups and things to first figure it out, but got it going smoothly. Love the option to share todo lists, and the integration with other calendars. Stand alone web version also good, widget isn't great, but all around a very solid app. No intrusive ads, and a robust free version that is still worth using it you don't want to pay the monthly fee. Highly recommend trying it out.",weird hiccups things first figure got going smoothly love option share todo lists integration calendars stand alone web version also good widget isnt great around solid app intrusive ads robust free version still worth using dont want pay monthly fee highly recommend trying,5,2020-10-28 00:19:34,0,0.29,Monetization Sentiment
2652,2652,"Best task manager app I've tried. They all have their quirks and shortcomings, but TickTick is overall the most complete of them.",best task manager app ive tried quirks shortcomings ticktick overall complete,5,2020-10-27 21:42:29,0,0.3666666666666667,Efficiency
2653,2653,Optional,optional,5,2020-10-27 17:02:41,0,0.0,Efficiency
2654,2654,Love how it's user friendly on all my devices,love user friendly devices,5,2020-10-27 14:45:41,0,0.4375,Low Signal
2655,2655,يا خويا يا خويا,,5,2020-10-27 13:34:44,0,0.0,Noise
2656,2656,Absolutely incredible app. Definitely getting premium. It has every feature you could imagine.,absolutely incredible app definitely getting premium every feature could imagine,5,2020-10-27 01:20:42,0,0.45,Monetization Sentiment
2657,2657,One of the best productivity apps ever in my opinion. And I've seen a lot of them.,one best productivity apps ever opinion ive seen lot,5,2020-10-27 00:34:35,0,1.0,Monetization Sentiment
2658,2658,best todo app + habit + perfect project mangement tool. all in one,best todo app habit perfect project mangement tool one,5,2020-10-26 20:23:37,0,1.0,Monetization Sentiment
2659,2659,Pomo is good,pomo good,5,2020-10-26 17:31:09,0,0.7,Low Signal
2660,2660,Very good,good,5,2020-10-26 17:27:51,0,0.7,Low Signal
2661,2661,best app reminder ever i've tried,best app reminder ever ive tried,5,2020-10-26 16:35:48,0,1.0,Efficiency
2662,2662,Incredible task management app. Absolutely love it. They have all the features I could possibly want. So impressed by its functionality and versitility. I use on both my Windows computer as well as my android phone. I put literally everything I need to do on it so it helps me out greatly. So appreciative of TickTick. Thank you! Hope it's here to stay. I'm enjoying the updates too. Highly recommend.,incredible task management app absolutely love features could possibly want impressed functionality versitility use windows computer well android phone put literally everything need helps greatly appreciative ticktick thank hope stay im enjoying updates highly recommend,5,2020-10-26 04:47:27,0,0.5228571428571429,Monetization Sentiment
2663,2663,When you think you are satisfied they surprise you with more .,think satisfied surprise,5,2020-10-26 03:41:21,0,0.5,Noise
2664,2664,Useful. Very convenient,useful convenient,5,2020-10-26 03:10:52,0,0.3,Efficiency
2665,2665,Amazing it gets the job done literally,amazing gets job done literally,5,2020-10-26 01:38:42,0,0.6000000000000001,Low Signal
2666,2666,"2018 Better than Any.do in managing tasks since they integrated Pomodoro. You dont spend alot of time in it to manage your tasks and thats a good thing. You spend your time actually doing your tasks. Todoist are just too complicated, and Wunderlist are too simple. 2020 Update. Still the best out there. Even with the new Microsoft Todo, this one does adapt to your own workflow. This is also perfect for 1 to 2 person team, or consultants.",better anydo managing tasks since integrated pomodoro dont spend alot time manage tasks thats good thing spend time actually tasks todoist complicated wunderlist simple update still best even new microsoft todo one adapt workflow also perfect person team consultants,5,2020-10-25 23:12:17,0,0.3545454545454545,Market Displacement
2667,2667,🥰,,5,2020-10-25 22:49:35,0,0.0,Noise
2668,2668,Good app for monitor day to day activities.,good app monitor day day activities,5,2020-10-25 16:30:44,0,0.7,Retention Drivers
2669,2669,Amazing!,amazing,5,2020-10-25 13:33:42,0,0.6000000000000001,Low Signal
2670,2670,"This is really well built, simple, useful and good looking :)",really well built simple useful good looking,5,2020-10-25 06:01:42,0,0.3,Efficiency
2671,2671,I've been looking for an app like this for ages! Finnaly found! The best todo app in the world. For me much much better than todoist where you have to pay even for reminders (sic!). Here you have almost everything for free. You have to try it!,ive looking app like ages finnaly found best todo app world much much better todoist pay even reminders sic almost everything free try,5,2020-10-24 21:50:50,0,0.6333333333333333,Market Displacement
2672,2672,"It's got all the features and comforts you could wish for (even in the free version!), looks good, works well, got no ads; it's a no-brainer! Coming from a guy who's tried *all* of the alternatives, this is by far the best, and not by exclusion.",got features comforts could wish even free version looks good works well got ads nobrainer coming guy whos tried alternatives far best exclusion,5,2020-10-24 19:03:44,1,0.55,Monetization Sentiment
2673,2673,It helped me a lot,helped lot,5,2020-10-24 18:51:20,0,0.0,Efficiency
2674,2674,"This app has changed the entire course of my life. From health to relationships and productivity. This app is a life saver. One suggestion: regarding habits it would be good if it has all the quotes relating to that habit and so those quotes (maybe along with pictures?) pop up every day on reminder and motivate you. As am example If I want to go to gym, in reminder I am shown random quote written on some inspirational picture.",app changed entire course life health relationships productivity app life saver one suggestion regarding habits would good quotes relating habit quotes maybe along pictures pop every day reminder motivate example want go gym reminder shown random quote written inspirational picture,5,2020-10-24 17:09:19,10,0.175,Monetization Sentiment
2675,2675,Perfect Tasking Partner,perfect tasking partner,5,2020-10-24 16:41:03,0,1.0,Noise
2676,2676,"This for me is the best planner app I have come across. I have tried and used many apps. But each one lacked some or the other feature. But Ticktick has all the features I need and the app is so easy to use. This app is helping me plan better, stay organized and get things done. Keep up the great work.",best planner app come across tried used many apps one lacked feature ticktick features need app easy use app helping plan better stay organized get things done keep great work,5,2020-10-24 14:35:50,6,0.6466666666666667,Market Displacement
2677,2677,"Its just wooooow this is an amazing app it has almost all features that u need without upgrading to premium there literally no adds wich I loooove , a plus I really want the calendar I wish if they could made it free ㅠㅅㅠ anyway this app is loove . Waaaaaaay better than todoist",wooooow amazing app almost features u need without upgrading premium literally adds wich loooove plus really want calendar wish could made free anyway app loove waaaaaaay better todoist,5,2020-10-24 11:48:34,0,0.425,Market Displacement
2678,2678,The best,best,5,2020-10-24 09:34:43,0,1.0,Low Signal
2679,2679,Previous issue has been resolved. Once again my favorite and most used app. Thanks for recent update.,previous issue resolved favorite used app thanks recent update,5,2020-10-23 18:05:57,1,0.1333333333333333,Noise
2680,2680,jus loved the app.,jus loved app,5,2020-10-23 14:02:08,0,0.7,Low Signal
2681,2681,Good for both Track Habits and To Do List..,good track habits list,5,2020-10-22 20:39:40,0,0.7,Retention Drivers
2682,2682,Does everything I want from it. Clean and intuitive design.,everything want clean intuitive design,5,2020-10-22 18:54:19,0,0.3666666666666667,Product Usability & Aesthetics
2683,2683,"Ребят, все ниче, но у вас английский язык иногда становится русским , видимо из-за системных настроек ...",,5,2020-10-22 13:46:57,8,0.0,Noise
2684,2684,Works very well.. easy to use,works well easy use,5,2020-10-22 11:30:21,0,0.4333333333333333,User Archetypes & Workflows
2685,2685,"This is by far the best to do list app I've found, I've installed literally 17 different to do list apps and this is definitely my favorite",far best list app ive found ive installed literally different list apps definitely favorite,5,2020-10-22 08:56:05,0,0.4,User Archetypes & Workflows
2686,2686,Best to do list app by a mile.,best list app mile,5,2020-10-22 06:49:01,0,1.0,User Archetypes & Workflows
2687,2687,Simple and best,simple best,5,2020-10-22 06:17:13,0,0.5,Product Usability & Aesthetics
2688,2688,Very handy app. 2 notifications on task in free version!,handy app notifications task free version,5,2020-10-21 21:54:14,0,0.5,Monetization Sentiment
2689,2689,"If you want to achieve your goals, this app will organize your plans very well.",want achieve goals app organize plans well,5,2020-10-21 18:33:40,0,0.0,Noise
2690,2690,"Must have app for everyone who focus's on productivity improvement. This app helps me a lot to manage my goals, everyday task, and also long term goals. The app is really easy to use.",must app everyone focuss productivity improvement app helps lot manage goals everyday task also long term goals app really easy use,5,2020-10-21 00:48:04,2,0.0611111111111111,Monetization Sentiment
2691,2691,"Persistent, consistent and easy to use! I can entrust half my fights against my bad habits to this app.",persistent consistent easy use entrust half fights bad habits app,5,2020-10-20 20:19:09,0,-0.0458333333333332,Retention Drivers
2692,2692,One of the best Work mangement app!!,one best work mangement app,5,2020-10-20 19:55:32,0,1.0,User Archetypes & Workflows
2693,2693,"Incredible, having veen looking for an app like this for do long!",incredible veen looking app like long,5,2020-10-20 17:28:02,0,0.425,Noise
2694,2694,Good,good,5,2020-10-20 16:05:39,0,0.7,Low Signal
2695,2695,After messing around with todoist and wunderlist I found their free versions lacking. Tick-Tick has enough unlocked to make a long term trial viable. If I am still using it in 3 months time I will upgrade. EDIT;6 weeks on and using paid for version and very useful with chrome app on Computers syncing perfectly. Update - still my main reminders tool.,messing around todoist wunderlist found free versions lacking ticktick enough unlocked make long term trial viable still using months time upgrade edit weeks using paid version useful chrome app computers syncing perfectly update still main reminders tool,5,2020-10-20 13:48:32,3,0.3027777777777777,Monetization Sentiment
2696,2696,Awesome experience overall. Using for years.,awesome experience overall using years,5,2020-10-20 09:43:50,0,0.5,Retention Drivers
2697,2697,"Good apps, help me so much to do my task",good apps help much task,5,2020-10-20 09:28:26,0,0.4499999999999999,Efficiency
2698,2698,مفید,,5,2020-10-20 07:42:25,0,0.0,Noise
2699,2699,Wonderful app I recommend it,wonderful app recommend,5,2020-10-20 02:54:48,0,1.0,Feature Requests & Friction
2700,2700,Ok,ok,5,2020-10-19 15:43:12,0,0.5,Noise
2701,2701,رائع بالنسبة ليا .. في الأول كنت ساعات اسجل وساعات أنسى .. لحد ما اتعودت .. جميل جدا,,5,2020-10-19 14:43:07,0,0.0,Noise
2702,2702,User interface is very good,user interface good,5,2020-10-19 08:06:57,0,0.7,Product Usability & Aesthetics
2703,2703,Works good,works good,5,2020-10-18 19:16:17,0,0.7,User Archetypes & Workflows
2704,2704,"Please return all those old white noises. I loved them. While I am happy for the new ones, it's better if the old ones were retained",please return old white noises loved happy new ones better old ones retained,5,2020-10-18 14:12:09,0,0.3337662337662337,Monetization Sentiment
2705,2705,Very nice,nice,5,2020-10-18 12:04:51,0,0.6,Low Signal
2706,2706,Very customizable and full of branching!!,customizable full branching,5,2020-10-18 07:17:48,0,0.35,Monetization Sentiment
2707,2707,"Premium version is the best calendar app I could find. I tried to avoid paying and spent a long time reading reviews, but for all apps something crucial was missing from free version. In this case, calendar integration with Google didn't sync properly, so I switched to the premium version so I can use ticktick as my only calendar.If you're trying to use free version, this is pretty annoying. It's cheap, though (slightly cheaper than the main competitor todoist), so I'm fine with paying.",premium version best calendar app could find tried avoid paying spent long time reading reviews apps something crucial missing free version case calendar integration google didnt sync properly switched premium version use ticktick calendarif youre trying use free version pretty annoying cheap though slightly cheaper main competitor todoist im fine paying,5,2020-10-17 20:17:25,16,0.1226190476190476,Market Displacement
2708,2708,Very good,good,5,2020-10-17 19:27:37,0,0.7,Low Signal
2709,2709,This is excellent. Does exactly what you need it to do. Recommended if you just want a simple task & reminder app.,excellent exactly need recommended want simple task reminder app,5,2020-10-17 02:53:49,0,0.4166666666666667,Efficiency
2710,2710,Good app,good app,5,2020-10-16 23:15:37,0,0.7,Low Signal
2711,2711,Good,good,5,2020-10-16 15:18:37,0,0.7,Low Signal
2712,2712,Good App,good app,5,2020-10-16 05:52:05,0,0.7,Low Signal
2713,2713,"Superb, Very Easy to Schedule & use..",superb easy schedule use,5,2020-10-16 01:59:50,0,0.7166666666666667,Product Usability & Aesthetics
2714,2714,This app is really great,app really great,5,2020-10-16 01:37:39,0,0.8,Low Signal
2715,2715,"With the recent addition of recursive sub tasks, ticktick really offers the best-in-class PM / task management tool for solos. Key features: cross-platform including windows, very useful smart lists, beautiful Android widgets, true drag n drop and a very clean UI on all platforms. Very stable - no crashes in the last 3 years. Very fast on all platforms. Ticktick's features are as usable as many high-end workgroup solutions. Only downside is tech support can be slow to respond.",recent addition recursive sub tasks ticktick really offers bestinclass pm task management tool solos key features crossplatform including windows useful smart lists beautiful android widgets true drag n drop clean ui platforms stable crashes last years fast platforms tickticks features usable many highend workgroup solutions downside tech support slow respond,5,2020-10-15 21:12:51,72,0.1908424908424908,Monetization Sentiment
2716,2716,Best to do habit tool.o have used,best habit toolo used,5,2020-10-15 20:10:55,0,1.0,Retention Drivers
2717,2717,I like how the dou,like dou,5,2020-10-15 02:41:16,0,0.0,Noise
2718,2718,👌👌👌😎,,5,2020-10-14 22:27:03,0,0.0,Noise
2719,2719,"There's a couple of small features that I'm missing and I have a few nitpicks, but overall this is certainly the best app of its kind; miles ahead of Todoist.",theres couple small features im missing nitpicks overall certainly best app kind miles ahead todoist,5,2020-10-14 19:09:26,0,0.2299999999999999,Feature Requests & Friction
2720,2720,It's simple and fast...,simple fast,5,2020-10-14 10:24:18,0,0.1,Product Usability & Aesthetics
2721,2721,"Awesome app. Better than THINGS, Todoledo and others. Loving it.",awesome app better things todoledo others loving,5,2020-10-14 07:59:11,0,0.7000000000000001,Market Displacement
2722,2722,Excellent app ... loving it ... best replacement of wunderlist. (My mistake about Family Library. In App purchases can't be shared in Google Family Library as a standard. Nothing to do with ticktick team. Reverted to 5 star),excellent app loving best replacement wunderlist mistake family library app purchases cant shared google family library standard nothing ticktick team reverted star,5,2020-10-14 06:38:22,0,0.65,User Archetypes & Workflows
2723,2723,"A couple months in, the best for me. It has developed a good feature set on a modern platform. Still finding helpful features.",couple months best developed good feature set modern platform still finding helpful features,5,2020-10-13 17:15:15,0,0.5,Retention Drivers
2724,2724,help me to increase my productivity,help increase productivity,5,2020-10-13 14:31:21,0,0.0,Monetization Sentiment
2725,2725,"Multi-tag search is very much needed! e.g. ""#next #next"" in search bar",multitag search much needed eg next next search bar,5,2020-10-13 12:49:11,1,0.0666666666666666,Noise
2726,2726,This is app is great,app great,5,2020-10-13 10:11:46,0,0.8,Low Signal
2727,2727,Great app... All in ione app... Should try!!!,great app ione app try,5,2020-10-12 22:16:46,0,0.8,Feature Requests & Friction
2728,2728,Good 🙂👍,good,5,2020-10-12 14:16:14,0,0.7,Low Signal
2729,2729,Need to little colourfull,need little colourfull,5,2020-10-12 14:08:17,0,-0.1875,Noise
2730,2730,Best tasks app. Period,best tasks app period,5,2020-10-11 22:11:46,0,1.0,Monetization Sentiment
2731,2731,Excited about making a future,excited making future,5,2020-10-11 21:42:54,0,0.1875,Noise
2732,2732,It's awesome👍,awesome,5,2020-10-11 17:28:59,0,1.0,Low Signal
2733,2733,Outstanding app really loved it 💙✨,outstanding app really loved,5,2020-10-11 12:46:28,0,0.6,Low Signal
2734,2734,Simply the best productivity app,simply best productivity app,5,2020-10-11 09:06:46,0,1.0,Monetization Sentiment
2735,2735,Best app for ha bit creation I loved it Super,best app ha bit creation loved super,5,2020-10-11 08:19:37,0,0.6777777777777777,Low Signal
2736,2736,"There are a lot more options than GTasks, and it is synchronizing between my devices without a problem.",lot options gtasks synchronizing devices without problem,5,2020-10-11 05:23:54,0,0.0,Monetization Sentiment
2737,2737,Amazing got to know about it from mkbhd,amazing got know mkbhd,5,2020-10-11 03:19:39,0,0.6000000000000001,Low Signal
2738,2738,I am quite comfortable with it. Quite convenient. Meeting my expectations well.,quite comfortable quite convenient meeting expectations well,5,2020-10-10 18:56:24,0,0.4,Product Usability & Aesthetics
2739,2739,I've been using for like 2 years... No complaints,ive using like years complaints,5,2020-10-10 15:18:11,0,0.0,Retention Drivers
2740,2740,Half baked nested tasking feature has hugely impacted the usability of the app. Reminders and repeats are completely messed up. Don't know what is the purpose.,half baked nested tasking feature hugely impacted usability app reminders repeats completely messed dont know purpose,5,2020-10-10 13:13:23,4,0.1111111111111111,Efficiency
2741,2741,Okay.,okay,5,2020-10-09 22:47:49,0,0.5,Noise
2742,2742,"It's incredible not only because I can plan my work, but also because of the pomodoro feature. Habits too.",incredible plan work also pomodoro feature habits,5,2020-10-09 18:49:29,0,0.9,Retention Drivers
2743,2743,Great tool to boost productivity!!,great tool boost productivity,5,2020-10-09 16:42:23,0,0.8,Monetization Sentiment
2744,2744,Very intuitive and user friendly,intuitive user friendly,5,2020-10-09 07:31:44,0,0.375,Product Usability & Aesthetics
2745,2745,Great for persistent reminders! If you liked Due on the iPhone and were looking for a replacement this is it.,great persistent reminders liked due iphone looking replacement,5,2020-10-09 03:17:17,0,0.425,Monetization Sentiment
2746,2746,Best app for being productive. 10/10,best app productive,5,2020-10-09 00:23:05,0,1.0,Monetization Sentiment
2747,2747,Very helpful application in analysis of your effort scores 👍🔥 highly recommended 👍🔥,helpful application analysis effort scores highly recommended,5,2020-10-08 23:42:04,0,0.16,Efficiency
2748,2748,Does great for a to do list planner..,great list planner,5,2020-10-08 18:24:35,0,0.8,User Archetypes & Workflows
2749,2749,"Simple, easy to use. My fav to-do listplanner so far!",simple easy use fav todo listplanner far,5,2020-10-08 17:40:43,0,0.1777777777777777,User Archetypes & Workflows
2750,2750,Good app. Highly advise you to test it.,good app highly advise test,5,2020-10-08 14:52:58,0,0.43,Monetization Sentiment
2751,2751,How awesome this app is. Makes it a breeze to track what needs to be done. Also love the new kanban view!,awesome app makes breeze track needs done also love new kanban view,5,2020-10-08 14:47:41,0,0.5454545454545454,Monetization Sentiment
2752,2752,"Great, simple to use and best of all, free !",great simple use best free,5,2020-10-08 13:03:35,0,0.55,Product Usability & Aesthetics
2753,2753,This really helped me organizer my day,really helped organizer day,5,2020-10-08 06:06:25,0,0.2,Retention Drivers
2754,2754,"This app is Very Awesome, always keeps me on track 100%✓",app awesome always keeps track,5,2020-10-08 05:55:09,1,1.0,Retention Drivers
2755,2755,Best planner I have ever tried do far,best planner ever tried far,5,2020-10-08 05:16:56,0,0.55,Low Signal
2756,2756,Trust me guys..I have been searching for such an app in the whole playstore!this is the best of all😍No purchasing required!Without purchasing we can choose upto 5 habits that's enough and more...this is really cool😍😍,trust guysi searching app whole playstorethis best allno purchasing requiredwithout purchasing choose upto habits thats enough morethis really cool,5,2020-10-07 22:55:27,0,0.3874999999999999,Retention Drivers
2757,2757,THE BEST ONE OF THESE TYPE OF APPS! Has all you may need!,best one type apps may need,5,2020-10-07 18:07:55,0,1.0,Monetization Sentiment
2758,2758,Amazing,amazing,5,2020-10-07 15:32:34,0,0.6000000000000001,Low Signal
2759,2759,Seems good so far,seems good far,5,2020-10-07 07:53:57,0,0.3999999999999999,Low Signal
2760,2760,Some daily tasks just disappear a minute after I tick them. This bug is affecting me for about a week now and I'm already tired of it.,daily tasks disappear minute tick bug affecting week im already tired,5,2020-10-07 05:53:17,1,-0.2,Monetization Sentiment
2761,2761,"Tremendous Todo App, where you get every option which you want. Thanks Ticttick App developer who give us such a best todo app",tremendous todo app get every option want thanks ticttick app developer give us best todo app,5,2020-10-07 05:47:29,0,0.5111111111111111,Efficiency
2762,2762,Really useful app. It helps you to organise your day properly and reminds you important things on time.,really useful app helps organise day properly reminds important things time,5,2020-10-06 16:27:25,0,0.2333333333333333,Monetization Sentiment
2763,2763,That's the app which I was looking for,thats app looking,5,2020-10-06 16:14:06,0,0.0,Noise
2764,2764,This is worth your time and totally recommended app,worth time totally recommended app,5,2020-10-06 16:11:43,0,0.15,Feature Requests & Friction
2765,2765,"Using it since like a month, and its the best one by far, I don't really find any of the sections any useful other than the tasks and calendar. At lest for me. But its a great way to schedule my day and stay productive.",using since like month best one far dont really find sections useful tasks calendar lest great way schedule day stay productive,5,2020-10-06 11:49:03,0,0.4800000000000001,Monetization Sentiment
2766,2766,It's best app for control your time It's perfect app👌👌👑👑👌👌,best app control time perfect app,5,2020-10-05 19:18:02,0,1.0,Low Signal
2767,2767,Ut's an amazing app to control your plans,uts amazing app control plans,5,2020-10-05 13:33:29,0,0.6000000000000001,Low Signal
2768,2768,The best habit app I've ever used and I've tried a bunch! The UI is beautiful and the app is very responsive.,best habit app ive ever used ive tried bunch ui beautiful app responsive,5,2020-10-05 10:26:27,9,0.925,Retention Drivers
2769,2769,A good one to go with especially with your study time table.,good one go especially study time table,5,2020-10-05 06:41:17,0,0.35,User Archetypes & Workflows
2770,2770,"Great app, it does all I need it to do and more....",great app need,5,2020-10-05 04:35:39,0,0.8,Low Signal
2771,2771,Love it so far!! Favorite task manager that I've tried and I've tried a lot.,love far favorite task manager ive tried ive tried lot,5,2020-10-05 03:17:02,0,0.3666666666666667,Efficiency
2772,2772,This should be default calendar app by now. Give us that option.,default calendar app give us option,5,2020-10-05 01:24:52,0,0.0,Efficiency
2773,2773,"I love it! User-friendly, simple and has got everything I need.",love userfriendly simple got everything need,5,2020-10-04 23:38:04,0,0.25,Product Usability & Aesthetics
2774,2774,It's great for catching up with assignments! ^^,great catching assignments,5,2020-10-04 21:11:32,0,0.7,User Archetypes & Workflows
2775,2775,Needed this a lot... Using this a lot... Has become a part of my daily life... Edit: Thank you so much once again for this great app.,needed lot using lot become part daily life edit thank much great app,5,2020-10-04 16:20:13,4,0.4,Retention Drivers
2776,2776,"I don't usually do reviews, but I wrote this one , because this app has helped me very much, easy to use and very time efficient. Love it.",dont usually reviews wrote one app helped much easy use time efficient love,5,2020-10-04 12:57:09,0,0.2277777777777777,Efficiency
2777,2777,"Since joining their very affordable monthly subscription, I've found TickTick to be an indispensable part in my daily routine, and it's actually helping me be more productive even though I'm a pretty begrudging procrastinator. First off, the widgets. God, I love the widgets! The first thing I see after unlocking my phone is A) a list of all the stuff I need to be doing on that given day; and B) a cute visual checklist of daily habits that I need to also make time for. This was what I found was missing back when I used the ToDoIst app, was a simple means of having both habits and to-dos living in the same shared ecosystem. I suppose there are technically more dedicated habit apps with deeper tracking features, but what's here is perfectly functional, and easily integrates into your regular 'inbox'/'today' lists. The widgets update dynamically, right along with the full-screen app, and also with the PC and web integrations. This was a ""must-have"" feature, because I've tried other productivity apps where there is lag time between inputs on the widget, and seeing them ""refreshed"" into existence several minutes later in the app itself. TickTick makes everything instant, to the point that a TickTick notification 'pings' on my phone at the precise moment it also 'pings' on my laptop. I really can't understate how useful the widget and cross-platform integration is, because for someone like me who procrastinates a lot and forgets what I'm meant to be doing at any random moment, it's so useful to just open up my phone and instantly have my most important tasks/habits slap me in the face, demanding my attention. This also ties in nicely with the way notifications/alerts work. I've got reminders set on all my habits, and when the reminders go off, they actually ""take over"" the entire screen, at which point I can tick them off, or dig into the more extensive options on the back-end. There's a few areas I can see for quality-of-life improvements, though I'm optimistic that their subscription model means we haven't seen the ""final"" iteration of this app for some time yet. A few things that jump out at me over a couple months' usage: -- To mark a habit as ""incomplete"", you can't just double-tap the checkbox for an 'X' mark, you have to open the app, pull up the relevant habit in the dashboard, go into its settings, and the option is buried all the way in the app's back-end menus. It's a minor gripe, but when compounded over weeks or months of use, it's easy to just not bother marking your ""failures"" at all. It makes me wonder if there's other useful features I've missed just because they're not readily accessible on the front end UI + widgets. -- It would be nice if habits displayed in the widget + front-end UI had a visual indicator of how many days that habit has been on ""streak"" for. You can track those metrics, but again it's hidden in the robust-yet-opaque back-end, accessible via sub-menus and abstract graphs, rather than being loudly displayed front-and-centre. I'd probably be more motivated to ""keep the streak going"" with a given habit if I could see at a split-second glance how today's efforts fit into the context of the previous 7 days, or whatever. --Also, you can set habits to only repeat on certain days of the week, or a certain number of times per week, but again its not really visible at a quick glance to know if you're on track or falling behind. By which I mean, when I pull up my habits for Thursdayy, for instance, and I see ""exercise at gym"" in my list of habits for that day, then surely I should get some indication of ""you've been to the gym X times this week so far, and you have Y gym sessions remaining for this week [in order to fulfil your habitual obligations]"". Again, the information is there in the app, but you have to actively seek it out. Maybe the more fastidious time-keepers will see to this without batting an eye, but for forgetful, ADHD-prone types like myself, if it's not right in front of me then it might as well not exist. But all in all, these are minor foibles. Fantastic app. 5/5.",since joining affordable monthly subscription ive found ticktick indispensable part daily routine actually helping productive even though im pretty begrudging procrastinator first widgets god love widgets first thing see unlocking phone list stuff need given day b cute visual checklist daily habits need also make time found missing back used todoist app simple means habits todos living shared ecosystem suppose technically dedicated habit apps deeper tracking features whats perfectly functional easily integrates regular inboxtoday lists widgets update dynamically right along fullscreen app also pc web integrations musthave feature ive tried productivity apps lag time inputs widget seeing refreshed existence several minutes later app ticktick makes everything instant point ticktick notification pings phone precise moment also pings laptop really cant understate useful widget crossplatform integration someone like procrastinates lot forgets im meant random moment useful open phone instantly important taskshabits slap face demanding attention also ties nicely way notificationsalerts work ive got reminders set habits reminders go actually take entire screen point tick dig extensive options backend theres areas see qualityoflife improvements though im optimistic subscription model means havent seen final iteration app time yet things jump couple months usage mark habit incomplete cant doubletap checkbox x mark open app pull relevant habit dashboard go settings option buried way apps backend menus minor gripe compounded weeks months use easy bother marking failures makes wonder theres useful features ive missed theyre readily accessible front end ui widgets would nice habits displayed widget frontend ui visual indicator many days habit streak track metrics hidden robustyetopaque backend accessible via submenus abstract graphs rather loudly displayed frontandcentre id probably motivated keep streak going given habit could see splitsecond glance todays efforts fit context previous days whatever also set habits repeat certain days week certain number times per week really visible quick glance know youre track falling behind mean pull habits thursdayy instance see exercise gym list habits day surely get indication youve gym x times week far gym sessions remaining week order fulfil habitual obligations information app actively seek maybe fastidious timekeepers see without batting eye forgetful adhdprone types like right front might well exist minor foibles fantastic app,5,2020-10-04 08:54:17,91,0.1620138888888888,Monetization Sentiment
2778,2778,Really a full package app for all types of need I loved it so much.,really full package app types need loved much,5,2020-10-04 02:19:38,0,0.4166666666666666,Monetization Sentiment
2779,2779,"I have been using this for quite sometime now. No nonsense app, gets the job done. But after Oreo update, I can't seem to find custom notification sound for Ticktick. Earlier i had set a custom sound for reminder which was very useful. This is the only issue for me.",using quite sometime nonsense app gets job done oreo update cant seem find custom notification sound ticktick earlier set custom sound reminder useful issue,5,2020-10-03 16:20:47,3,0.275,Efficiency
2780,2780,It's a very good task manager app than compared to Todoist with the free plan.🙂🙂🙂,good task manager app compared todoist free plan,5,2020-10-03 15:31:57,0,0.55,Efficiency
2781,2781,"Its actually good, it helps me with my everyday routine and most functional of all apps for to do list",actually good helps everyday routine functional apps list,5,2020-10-03 14:53:47,0,0.2499999999999999,Retention Drivers
2782,2782,Perfect specially on laptop,perfect specially laptop,5,2020-10-02 21:32:22,0,0.6785714285714286,Noise
2783,2783,Very user-friendly. The free version is good enough. I like it!,userfriendly free version good enough like,5,2020-10-02 17:50:48,0,0.3666666666666667,Monetization Sentiment
2784,2784,The best to do app I've used so far,best app ive used far,5,2020-10-02 16:02:13,0,0.55,Low Signal
2785,2785,"This has to be the best GTD app out there now. The free version is extensive and includes features that others charge like the most useful Kanban feature! With Google Calendar integration, I finally have all meetings, tasks and reminders in one place! The UI is so easy and intuitive that on the day I installed it, I was able to plan a web-development project and assign tasks in just minutes. It also has notes and white noise. Task level status would make it even better at managing projects!",best gtd app free version extensive includes features others charge like useful kanban feature google calendar integration finally meetings tasks reminders one place ui easy intuitive day installed able plan webdevelopment project assign tasks minutes also notes white noise task level status would make even better managing projects,5,2020-10-02 10:10:10,23,0.3481481481481481,Market Displacement
2786,2786,Best app for sure for estate agents,best app sure estate agents,5,2020-10-02 03:56:40,0,0.75,Low Signal
2787,2787,Best. To do list. Ever,best list ever,5,2020-10-02 02:04:46,0,1.0,User Archetypes & Workflows
2788,2788,Wonder Full,wonder full,5,2020-10-01 22:11:46,0,0.35,Noise
2789,2789,"Really good app, both when it comes to managing tasks and tracking habits. It supports language input when creating tasks such as ""every Monday"". It also has a few useful widgets for the home screen. Only bad thing about this app is that you have to pay if you want to get access to all features, but it's not that expensive and the app is really good even without premium so that's why it still gets five stars from me.",really good app comes managing tasks tracking habits supports language input creating tasks every monday also useful widgets home screen bad thing app pay want get access features expensive app really good even without premium thats still gets five stars,5,2020-10-01 21:13:23,22,0.1,Monetization Sentiment
2790,2790,"The description didn't tell me that filters were premium when it listed premium features. Edit: Maybe saying something like ""TickTick premium features include the following and more"" would be more clear - thanks for the reply!",description didnt tell filters premium listed premium features edit maybe saying something like ticktick premium features include following would clear thanks reply,5,2020-10-01 13:39:28,0,0.1,Monetization Sentiment
2791,2791,Very Effective Application,effective application,5,2020-10-01 12:19:52,0,0.6,Noise
2792,2792,Good,good,5,2020-10-01 11:26:20,0,0.7,Low Signal
2793,2793,Its good to organize schedule,good organize schedule,5,2020-10-01 10:17:49,0,0.7,Low Signal
2794,2794,Please add Money management also.,please add money management also,5,2020-10-01 09:31:59,0,0.0,Efficiency
2795,2795,Great to keep you on track,great keep track,5,2020-10-01 02:52:06,0,0.8,Efficiency
2796,2796,"Honestly love this app, I swear its made me become a more organized person and I always recommend it to people. Sadly, I haven't been sponsored yet T-T lol jk. BUT FR THO. I don't usually give a review so that's how you know this app is unique! I don't have premium cause I'm broke like that 🙈 but even without premium, it's pretty good. I recommend!",honestly love app swear made become organized person always recommend people sadly havent sponsored yet tt lol jk fr tho dont usually give review thats know app unique dont premium cause im broke like even without premium pretty good recommend,5,2020-10-01 01:12:04,1,0.2678571428571428,Monetization Sentiment
2797,2797,Have used daily for 2 years now I like how it's customizable and I can see events for several years ahead at a glance. That native alarm is loud enough but not blaring and it's great for repetitive events or tasks.😻 There are NO ADS!!,used daily years like customizable see events several years ahead glance native alarm loud enough blaring great repetitive events tasks ads,5,2020-10-01 00:15:38,0,0.1083333333333333,Monetization Sentiment
2798,2798,Deserves the 5 star and support is incredible!,deserves star support incredible,5,2020-09-30 21:47:46,0,0.9,Service Value & Trust
2799,2799,"Honestly, just an incredible app. You've never seen more features or ways to organize your life in a single place. I use it in conjunction with the Desktop app, and it's quickly become my go-to. No ads, tons of features, and no bugs as far as I can see. Download it!!!",honestly incredible app youve never seen features ways organize life single place use conjunction desktop app quickly become goto ads tons features bugs far see download,5,2020-09-30 20:17:44,1,0.3154761904761905,Efficiency
2800,2800,Perfect💜,perfect,5,2020-09-30 19:11:57,0,1.0,Noise
2801,2801,Wonderful app to keep you up to date and to remind you to complete your tasks in time.,wonderful app keep date remind complete tasks time,5,2020-09-30 17:50:56,0,0.55,Monetization Sentiment
2802,2802,Good features and Sample interface,good features sample interface,5,2020-09-30 16:36:14,0,0.7,Feature Requests & Friction
2803,2803,I love this app. It helps a lot.,love app helps lot,5,2020-09-30 08:02:37,0,0.5,Efficiency
2804,2804,Good,good,5,2020-09-30 04:05:51,0,0.7,Low Signal
2805,2805,I can't speak more highly of this app. It just keeps getting better. I came over from Todoist several months ago and have not regretted it for a single day. Keep up the great work!,cant speak highly app keeps getting better came todoist several months ago regretted single day keep great work,5,2020-09-30 03:43:43,0,0.2777142857142857,Retention Drivers
2806,2806,Great Work 💪🏻,great work,5,2020-09-29 21:29:17,0,0.8,User Archetypes & Workflows
2807,2807,Very clean and straight forward to use.,clean straight forward use,5,2020-09-29 21:11:51,0,0.2833333333333333,Product Usability & Aesthetics
2808,2808,"Loving the app so far. I have gone through so many to do lists from minimal to most customizable. This is by far unmatched. Is there a way to make a due date as a week number? So for instance if I want to work on a project during a certain week, but I'm not sure which day just yet how can I add that?",loving app far gone many lists minimal customizable far unmatched way make due date week number instance want work project certain week im sure day yet add,5,2020-09-29 00:19:33,1,0.2236607142857142,Monetization Sentiment
2809,2809,I love This App. Actually Calender widget is very handy I been Using it From Past 5 months.Give it A try you'll Love it Definitely !!,love app actually calender widget handy using past monthsgive try youll love definitely,5,2020-09-28 22:26:39,0,0.225,Monetization Sentiment
2810,2810,Love the free version! Considering the paid version - seems pricey for an annual fee.,love free version considering paid version seems pricey annual fee,5,2020-09-28 21:07:30,0,0.45,Monetization Sentiment
2811,2811,Awesome app The best to do app that I have used and I have. Used a lot it's better than todoist for its coustimization even in the free version. It's just great!,awesome app best app used used lot better todoist coustimization even free version great,5,2020-09-28 18:15:50,0,0.74,Market Displacement
2812,2812,"Great app for keeping track of things you have to get done. I love the feature that lets you add lists inside of folders, I use mine for different subjects in school. It also has a nice calendar view of your tasks and is great for setting reminders.",great app keeping track things get done love feature lets add lists inside folders use mine different subjects school also nice calendar view tasks great setting reminders,5,2020-09-28 11:21:57,9,0.54,Monetization Sentiment
2813,2813,"Very useful, must have app.",useful must app,5,2020-09-28 11:04:16,0,0.3,Efficiency
2814,2814,It's very fruitful to get done my work as productive.,fruitful get done work productive,5,2020-09-28 10:01:10,0,0.0,Monetization Sentiment
2815,2815,Perfect app in all kind,perfect app kind,5,2020-09-28 09:55:37,0,0.8,Noise
2816,2816,The best I've ever seen out of dozens of apps. Regularly makes small improvements. Always room for improvement but thoroughly impressed.,best ive ever seen dozens apps regularly makes small improvements always room improvement thoroughly impressed,5,2020-09-28 03:25:27,1,0.4375,Monetization Sentiment
2817,2817,Good,good,5,2020-09-27 23:26:15,0,0.7,Low Signal
2818,2818,Very good. And has all the options that you need. It seems they have thought of everything. I would recommend this app.,good options need seems thought everything would recommend app,5,2020-09-27 21:27:02,0,0.7,Efficiency
2819,2819,Awesome,awesome,5,2020-09-27 21:17:28,0,1.0,Low Signal
2820,2820,Best in class,best class,5,2020-09-27 20:36:22,0,1.0,Low Signal
2821,2821,"So far, I think it's good enough, but a little advice from me, it would be better if the ""note"" mode added a folder feature, that is, we can ""add notes to a note"". Hopefully it can be responded to and thank you for reading.",far think good enough little advice would better note mode added folder feature add notes note hopefully responded thank reading,5,2020-09-27 20:02:25,0,0.2224999999999999,Efficiency
2822,2822,"The best Todo list app!!! I like it so much, there are a lot of features which can help you to boost your productivity",best todo list app like much lot features help boost productivity,5,2020-09-27 19:51:44,0,0.6,Monetization Sentiment
2823,2823,Luis🚨📢🚫♨🔥,luis,5,2020-09-27 17:42:58,0,0.0,Product Usability & Aesthetics
2824,2824,#live #love #music #life #like #instagram #instagood #concert #livemusic #follow #happy #photography #rock #photooftheday #smile #singer #art #musica #lifestyle #fun #laugh #o #friends #likeforlikes #youtube #guitar #artist #show #band #bhfyp,live love music life like instagram instagood concert livemusic follow happy photography rock photooftheday smile singer art musica lifestyle fun laugh friends likeforlikes youtube guitar artist show band bhfyp,5,2020-09-27 07:19:04,0,0.3893939393939394,Retention Drivers
2825,2825,Very useful for university students,useful university students,5,2020-09-26 23:31:47,0,0.3,Efficiency
2826,2826,"My go-to todolist app: frequently updated with excellent features: tags, attachments, comments, recurring and location-aware tasks, natural language input, reminders, habit tracking, pomodoros, calendar integration, flexible lists, kanban boards, markdown support, gamification elements with badges and scores, and more recently: subtasks for project management, note system, etc. One of my all-time favourite apps, it's become an essential part of my day-to-day workflow, I'm an absolute fan 😍",goto todolist app frequently updated excellent features tags attachments comments recurring locationaware tasks natural language input reminders habit tracking pomodoros calendar integration flexible lists kanban boards markdown support gamification elements badges scores recently subtasks project management note system etc one alltime favourite apps become essential part daytoday workflow im absolute fan,5,2020-09-26 22:51:36,11,0.2333333333333333,Monetization Sentiment
2827,2827,"Clean look, simple to use",clean look simple use,5,2020-09-26 22:42:12,0,0.1833333333333333,Product Usability & Aesthetics
2828,2828,Good app,good app,5,2020-09-26 21:56:24,0,0.7,Low Signal
2829,2829,So much better than Google or Microsoft similar apps. A practical app that provides every thing you need even in free mode.,much better google microsoft similar apps practical app provides every thing need even free mode,5,2020-09-26 20:45:49,0,0.3,Market Displacement
2830,2830,The only app that effectively helps me get things done.,app effectively helps get things done,5,2020-09-26 16:50:01,0,0.6,Efficiency
2831,2831,Awesome and easy to use app,awesome easy use app,5,2020-09-26 14:36:31,0,0.7166666666666667,Product Usability & Aesthetics
2832,2832,like it!,like,5,2020-09-26 12:45:01,0,0.0,Noise
2833,2833,Awesome.,awesome,5,2020-09-26 03:45:55,0,1.0,Low Signal
2834,2834,Very usefull app,usefull app,5,2020-09-26 01:40:51,0,0.0,Efficiency
2835,2835,Nice amazing app .,nice amazing app,5,2020-09-26 01:02:48,0,0.6000000000000001,Low Signal
2836,2836,Very useful for task management.,useful task management,5,2020-09-26 00:14:51,0,0.3,Efficiency
2837,2837,Awesome! Syncs could be faster though. Habits take too much time to sync and some completed tasks on the laptop sync very late sending a barrage of unnecessary notifications on the phone or vise versa. Amazing response time of support and dev teams,awesome syncs could faster though habits take much time sync completed tasks laptop sync late sending barrage unnecessary notifications phone vise versa amazing response time support dev teams,5,2020-09-25 23:48:47,1,0.22,Monetization Sentiment
2838,2838,Very nice app...👌👌👌,nice app,5,2020-09-25 15:58:29,0,0.6,Low Signal
2839,2839,Very nice and easy.,nice easy,5,2020-09-25 12:57:34,0,0.5166666666666666,Product Usability & Aesthetics
2840,2840,Thank you next,thank next,5,2020-09-25 06:20:30,0,0.0,Noise
2841,2841,Easy to use. Has really helped me organise and reach my goals. I wish there was more customisation options for maybe one off payments rather than monthly for premium but even the non-premium version is great.,easy use really helped organise reach goals wish customisation options maybe one payments rather monthly premium even nonpremium version great,5,2020-09-25 05:24:41,1,0.4777777777777778,Monetization Sentiment
2842,2842,Best todo app,best todo app,5,2020-09-25 02:43:42,0,1.0,Low Signal
2843,2843,The best productivity app of all time!!!!!,best productivity app time,5,2020-09-24 23:07:08,0,1.0,Monetization Sentiment
2844,2844,TickTick is making me more productive. A writen task is done task for me,ticktick making productive writen task done task,5,2020-09-24 18:49:50,0,0.0,Monetization Sentiment
2845,2845,I am very setisfied with your work. Just add one new feature that has a switch on off tap to pause the remainder of any task any time. For example if i make a task of yoga daily. Then i can turn off the task for some time and then turn it on later.,setisfied work add one new feature switch tap pause remainder task time example make task yoga daily turn task time turn later,5,2020-09-24 08:29:07,0,0.0454545454545454,Monetization Sentiment
2846,2846,Works perfectly and suits my needs.,works perfectly suits needs,5,2020-09-24 07:37:42,0,1.0,User Archetypes & Workflows
2847,2847,Voice alret only missing,voice alret missing,5,2020-09-23 18:06:34,0,-0.2,Feature Requests & Friction
2848,2848,"Great widget, great customizability, great notifications. Simple reminders, recurring tasks, and things you want to do today are all easy to schedule.",great widget great customizability great notifications simple reminders recurring tasks things want today easy schedule,5,2020-09-23 15:32:37,0,0.5666666666666668,Monetization Sentiment
2849,2849,"Use this professionally as a daily task manager as I have a terrible memory, really helps structure my day",use professionally daily task manager terrible memory really helps structure day,5,2020-09-23 14:08:00,0,-0.2666666666666666,Monetization Sentiment
3600,3600,Fantastic Habit Forming App! The staff is so kind and helpful. My reading skill and general cleanliness are castle improved. I love forming a party with friends and doing all the little quests together.,fantastic habit forming app staff kind helpful reading skill general cleanliness castle improved love forming party friends little quests together,5,2020-10-27 21:50:11,0,0.2725,Monetization Sentiment
3601,3601,Great experience. This app has made me more productive and engaged! Love it,great experience app made productive engaged love,5,2020-10-26 19:06:48,0,0.65,Monetization Sentiment
3602,3602,"I find it so hard fitting things in/remembering to do things, but this app makes it a breeze. Grateful to have it! 👏",find hard fitting things inremembering things app makes breeze grateful,5,2020-10-26 00:37:02,0,0.1041666666666666,Noise
3603,3603,Made productivity really fun.,made productivity really fun,5,2020-10-25 20:55:59,0,0.3,Monetization Sentiment
3604,3604,Best gamification app.,best gamification app,5,2020-10-25 18:31:41,0,1.0,Low Signal
3605,3605,awesome!,awesome,5,2020-10-22 19:38:46,0,1.0,Low Signal
3606,3606,"Makes daily chores feel like a game. Habitica has this thing where you collect an extensive list of gears and animal companion when you complete tasks. I love collecting items, so choosing the rogue class out of the other 3 is probably the best choice for me. There's so much more to it too :)",makes daily chores feel like game habitica thing collect extensive list gears animal companion complete tasks love collecting items choosing rogue class probably best choice theres much,5,2020-10-22 09:28:50,0,0.1999999999999999,Monetization Sentiment
3607,3607,I REALLY LOVE THIS APP. REALLY MULTIFUNCTION AND REALLY GOOD!!,really love app really multifunction really good,5,2020-10-21 15:53:17,0,0.4666666666666666,Efficiency
3608,3608,Nice app tp start a new habit!,nice app tp start new habit,5,2020-10-21 07:46:20,0,0.3681818181818181,Monetization Sentiment
3609,3609,"Great idea, great app",great idea great app,5,2020-10-18 19:19:13,0,0.8,Low Signal
3610,3610,Worked extremely well for me with getting organized and gamifying everyday tasks. Has a really helpful community.,worked extremely well getting organized gamifying everyday tasks really helpful community,5,2020-10-16 15:25:58,0,-0.0416666666666666,Monetization Sentiment
3611,3611,Previous issue was fixed by developers. Thanks for getting back in a timely manner. Great application and is a fun way to keep yourself motivated. Being a gamer myself it is a nice change of pace to your traditional tracking app.,previous issue fixed developers thanks getting back timely manner great application fun way keep motivated gamer nice change pace traditional tracking app,5,2020-10-16 08:06:56,5,0.2291666666666666,Efficiency
3612,3612,"Great app help helps me get stuff done compared to other so-called ""Adult"" "" serious, not childish"" app",great app help helps get stuff done compared socalled adult serious childish app,5,2020-10-15 16:32:08,0,0.0916666666666666,Efficiency
3613,3613,"New UI design is amazing! Only one mistake... when I edit a task, the save button is not showing but I can click that...look into it. Edit: Its fixed now already, Thank you :)",new ui design amazing one mistake edit task save button showing click thatlook edit fixed already thank,5,2020-10-15 06:14:07,0,0.2787878787878788,Monetization Sentiment
3614,3614,"I love it :D I met great and fun people and this is the only to-do apps that really makes me do it or else I'll die oof. I love the concept and all but i kinda wish that there'll be more default costumes like the hair that is free, or some that can be bought by coins if possible. And maybe the background too? Anyways overall I love it, it was really effective for me. Keep up the good work, I'll look forward on it",love met great fun people todo apps really makes else ill die oof love concept kinda wish therell default costumes like hair free bought coins possible maybe background anyways overall love really effective keep good work ill look forward,5,2020-10-14 14:32:52,17,0.2692307692307692,Efficiency
3615,3615,"What would I do without this? Seriously. I don't know. This has honestly helped me work out, and floss. How dumb is that? I don't want to disappoint my party, so I have a certain amount of reps and chores to take care of every day. And darn it, I do them. I have 100% seen improvement in my muscle-mass. It seems... So weird. But this game/whatever you want to call it has started to make me buffer. And I love it.",would without seriously dont know honestly helped work floss dumb dont want disappoint party certain amount reps chores take care every day darn seen improvement musclemass seems weird gamewhatever want call started make buffer love,5,2020-10-11 19:21:59,0,0.0176587301587301,Monetization Sentiment
3616,3616,"Best app I've used to help me stick with habits. They change colors, ranging from deep red to light blue, to show the how well you are doing with the habit. The support features and articles help you customize the app in many ways to fit your needs.",best app ive used help stick habits change colors ranging deep red light blue show well habit support features articles help customize app many ways fit needs,5,2020-10-10 18:29:15,0,0.3285714285714285,Retention Drivers
3617,3617,"This app is amazing! It's exactly what I need to keep track of my goals, cleaning tasks, and to-dos. The widgets were a game changer and allowed me to basically create my perfect bullet journal spread on my phone. And they already gameified it for me so I don't have to. Truly a blessing of an app.",app amazing exactly need keep track goals cleaning tasks todos widgets game changer allowed basically create perfect bullet journal spread phone already gameified dont truly blessing app,5,2020-10-10 14:13:15,1,0.3625,Monetization Sentiment
3618,3618,"Habitica has been a massive positive push in my life. I dont make alot of game reviews, but i kinda felt like i had to for this one. I have adhd and it mainly affects my executive function which gives me alot of issues with procrastinating and putting things off and letting things like my personal hygiene and im ashamed to admit this, but the care for my animals go. Having a place to manage all that with an immediate repercussion, even if digital has been a wonderful motivator",habitica massive positive push life dont make alot game reviews kinda felt like one adhd mainly affects executive function gives alot issues procrastinating putting things letting things like personal hygiene im ashamed admit care animals go place manage immediate repercussion even digital wonderful motivator,5,2020-10-10 11:58:45,0,0.1419913419913419,Monetization Sentiment
3619,3619,"This app has helped my family and I maintain a daily routine despite the emotional rollercoaster that has been 2020. Updates sometimes cause bugs but they're rather charming & are quickly corrected. Whether you're using this solo, with irl friends, or ones you make through the app, habitica will help!",app helped family maintain daily routine despite emotional rollercoaster updates sometimes cause bugs theyre rather charming quickly corrected whether youre using solo irl friends ones make app habitica help,5,2020-10-10 10:10:12,0,0.2583333333333333,Retention Drivers
3620,3620,I wish it will be widget in next update Please,wish widget next update please,5,2020-10-09 22:44:16,0,0.0,Feature Requests & Friction
3621,3621,"Used to love this app, but recently, it's become very buggy. I can no longer use the check boxes for Dailies or To-Do's. Please fix this app. UPDATE: Appears that whatever bug occurred has been fixed.",used love app recently become buggy longer use check boxes dailies todos please fix app update appears whatever bug occurred fixed,5,2020-10-09 20:54:16,2,0.1999999999999999,Service Value & Trust
3622,3622,I love this app! The new dark mode is great. You guys fix any problems really fast and listen to the people who use Habitica which I appreciate. Cheers!,love app new dark mode great guys fix problems really fast listen people use habitica appreciate cheers,5,2020-10-08 20:31:17,2,0.2972727272727272,Monetization Sentiment
3623,3623,"One of the most flexible productivity apps I have used. Works as a Habit tracker, daily reminder list, and a To-Do list, which is great if you want to have an overview of all these things inside a single app. Makes your tasks feel less overwhelming by keeping the theme light and fun. The devs add new content to it constantly and the community is able to create guilds and challenges, offering a more social experience than most other productivity apps.",one flexible productivity apps used works habit tracker daily reminder list todo list great want overview things inside single app makes tasks feel less overwhelming keeping theme light fun devs add new content constantly community able create guilds challenges offering social experience productivity apps,5,2020-10-05 15:36:32,13,0.2210547028728847,Monetization Sentiment
3624,3624,"It's a nice to do list app for me. Separating things into habits, dailies, and to do's isn't something I really thought about. So it's helped me plan what I want a bit better. I just wish there was a late night mode where it acts as if it's yesterday so you can accurately reminesce about what you did that day. I usually plan things out at night. Also turning a to do into a nice grocery list would be nice too. Trying to put it in the notes of a to do doesn't really work since you can't check.",nice list app separating things habits dailies dos isnt something really thought helped plan want bit better wish late night mode acts yesterday accurately reminesce day usually plan things night also turning nice grocery list would nice trying put notes doesnt really work since cant check,5,2020-10-05 14:28:24,19,0.2833333333333334,Monetization Sentiment
3625,3625,"Useful, needs a good internet connection (I can do banking and then find that my connection is not good enough for Habitica). I have used this for well over two years and, even at work, it's a nice boost to my feeling of accomplishment when I get things done. Great co-op with family, too. Very responsive Devs.",useful needs good internet connection banking find connection good enough habitica used well two years even work nice boost feeling accomplishment get things done great coop family responsive devs,5,2020-10-04 18:45:09,16,0.5166666666666666,Retention Drivers
3626,3626,The best habit and to do list tracking app.,best habit list tracking app,5,2020-10-04 08:24:37,0,1.0,Retention Drivers
3627,3627,Increible! La mejor app para organizar tu vida!,increible la mejor app para organizar tu vida,5,2020-10-03 09:17:19,0,0.0,Noise
3628,3628,This app saved my life,app saved life,5,2020-10-01 13:40:51,0,0.0,Efficiency
3629,3629,This makes me so much more productive!,makes much productive,5,2020-10-01 06:16:55,0,0.2,Monetization Sentiment
3630,3630,This app changed my life,app changed life,5,2020-09-30 09:18:48,0,0.0,Efficiency
3631,3631,"I noticed how obsessive I was about getting an achievement in some video game..Like a new gun, module etc. I would grind for ages... I thought what if I did this kind of work in real life? I would be so far ahead! So I thought to look for a Gamification app. Habiticia fit perfectly. I'm using the same ""obsessed"" attitude and all my thousands of hours of childhood ""training"" I have to achieve in video games games for achieving my daily habits. Thank you, you saved me. Instant 1 year sub.",noticed obsessive getting achievement video gamelike new gun module etc would grind ages thought kind work real life would far ahead thought look gamification app habiticia fit perfectly im using obsessed attitude thousands hours childhood training achieve video games games achieving daily habits thank saved instant year sub,5,2020-09-29 18:54:43,0,0.2151515151515151,Monetization Sentiment
3632,3632,This is one of the best to do lists that I have used . Even Google's to do lists pales on comparison.I was surprised to find no constant ads or a pro mode which these things usually have. The widgets are almost perfect except for the hobbies make that 1x1 but it's a really good experience overall . I recommend using it . It helps a lot gamifying ur to do list makes you more eager to do them . Thank you for a to do list that is totally free . I definitely recommend this.,one best lists used even googles lists pales comparisoni surprised find constant ads pro mode things usually widgets almost perfect except hobbies make x really good experience overall recommend using helps lot gamifying ur list makes eager thank list totally free definitely recommend,5,2020-09-29 12:22:25,11,0.3277777777777777,Monetization Sentiment
3633,3633,Quite fun. Actually started keeping up with good habits already just to hatch some pets,quite fun actually started keeping good habits already hatch pets,5,2020-09-29 06:46:37,0,0.3333333333333333,Retention Drivers
3634,3634,Idk why I still stop doing my habits,idk still stop habits,5,2020-09-28 17:18:41,0,0.0,Retention Drivers
3635,3635,Phenomenal productivity application.,phenomenal productivity application,5,2020-09-28 11:55:07,0,0.5,Monetization Sentiment
3636,3636,One of the few apps i can truly say that is life changing,one apps truly say life changing,5,2020-09-28 02:49:30,0,0.0,Efficiency
3637,3637,"This app is amazing, truly. Sure, there are still minor bugs that existed from years ago when I started my first account, but the amount of progress it went through during that time period just shows how much the developers care and how much effort they've put (even just from the display!) in towards realizing this wonderful app for all of us who are looking to better our lives. Thank you so much!",app amazing truly sure still minor bugs existed years ago started first account amount progress went time period shows much developers care much effort theyve put even display towards realizing wonderful app us looking better lives thank much,5,2020-09-27 22:21:55,1,0.3777777777777778,Monetization Sentiment
3638,3638,"I absolutely love this app, it has helped me a lot organizing my time and creating positive habits!",absolutely love app helped lot organizing time creating positive habits,5,2020-09-27 09:10:22,0,0.3636363636363636,Retention Drivers
3639,3639,"Edit: the app gets better with every update and I hadn't had any bugs for a while now. I absolutely love how it looks after the latest update - super clean and fresh. 5 stars and many thanks to the hardworking devs. Love habitica. I find the app often has one bug or another from update to update, so can't really give 5 stars, but the devs do a smashing job regardless so 4 stars from me.",edit app gets better every update hadnt bugs absolutely love looks latest update super clean fresh stars many thanks hardworking devs love habitica find app often one bug another update update cant really give stars devs smashing job regardless stars,5,2020-09-27 05:12:32,6,0.39,Retention Drivers
3640,3640,Awesome stuff! I just wonder if its possible to have a choice for dates to be sorted from day/month/year since thats what im used to. Other than that great job!,awesome stuff wonder possible choice dates sorted daymonthyear since thats im used great job,5,2020-09-26 19:44:00,0,0.6,Monetization Sentiment
3641,3641,"Thank you for the wonderful update. Been using the app for years. Because of the great update, I bought gems as gratitude to the developers. Thanks!",thank wonderful update using app years great update bought gems gratitude developers thanks,5,2020-09-25 16:53:22,0,0.6666666666666666,Retention Drivers
3642,3642,Wow new app ui is looking great,wow new app ui looking great,5,2020-09-25 16:43:18,0,0.3454545454545454,Monetization Sentiment
3643,3643,"Thank You for the Update, I have been waiting for dark mode since months. Best App Ever!!",thank update waiting dark mode since months best app ever,5,2020-09-25 15:46:28,0,0.425,Monetization Sentiment
3644,3644,"This app is really amazing! There are different categories to sort your tasks into to suit your particular needs. The RPG aspect is really well done: your productivity reflects on your avatar in a surprisingly immersive way. It's rich with a variety of items, equipment and cosmetic customisations for your avatar; the quest feature is a great way for people to socialise productively and hold each other accountable in a fun and creative way. I've never loved getting things done more!",app really amazing different categories sort tasks suit particular needs rpg aspect really well done productivity reflects avatar surprisingly immersive way rich variety items equipment cosmetic customisations avatar quest feature great way people socialise productively hold accountable fun creative way ive never loved getting things done,5,2020-09-25 11:56:35,6,0.3291666666666666,Monetization Sentiment
3645,3645,"Love the new UI. Before, you can't look at tasks when offline. It's fixed now. You can also filter the tags.",love new ui cant look tasks offline fixed also filter tags,5,2020-09-25 05:08:07,0,0.2454545454545454,Monetization Sentiment
3646,3646,Really helped with motivation,really helped motivation,5,2020-09-25 02:40:15,0,0.2,Efficiency
3647,3647,This app has been a game changer for productivity in my life. There is soooo much to do and explore.,app game changer productivity life soooo much explore,5,2020-09-23 19:11:14,0,-0.1,Monetization Sentiment
3648,3648,"Amazing app, love it!",amazing app love,5,2020-09-23 12:45:32,0,0.55,Low Signal
3649,3649,"I like this app. But currently there's a glitch which isn't letting me delete dailies and habits left over from older challenges which have been closed now. Please look into this. I tried re - installing, and using the website version, but nothing worked.",like app currently theres glitch isnt letting delete dailies habits left older challenges closed please look tried installing using website version nothing worked,5,2020-09-23 11:19:31,0,0.0166666666666666,Monetization Sentiment
3650,3650,"Can't recommend it enough. Get a party, and you'll make friends super fast and get loooooads of motivation! NO ADS. No annoying popups. Only teamwork, motivation, and rpg magic. Perfect app. Can't thank it enough.",cant recommend enough get party youll make friends super fast get loooooads motivation ads annoying popups teamwork motivation rpg magic perfect app cant thank enough,5,2020-09-22 20:17:29,0,0.1761904761904762,Feature Requests & Friction
3651,3651,"This app helped me so much with acquiring and maintaining good habits! It's amazing, I adore it deeply, and will continue to support it 💛 I've bought a yearly subscription - totally worth it! This app is lovely, and developers deserve all of the praise they can get 💜💜💜 Love you guys, keep up an outstanding work!",app helped much acquiring maintaining good habits amazing adore deeply continue support ive bought yearly subscription totally worth app lovely developers deserve praise get love guys keep outstanding work,5,2020-09-22 03:15:39,0,0.4125,Monetization Sentiment
3652,3652,The best way to help a nerd getting h*s tasks done! I use it everyday.,best way help nerd getting hs tasks done use everyday,5,2020-09-21 20:00:37,0,0.4,Monetization Sentiment
3653,3653,"Habitica isn't just helping me stay productive and organized, it's also really fun to use, and makes me want to do stuff I'd otherwise try to avoid. I love everything about the app, especially the social features like Guilds and Partys which make the whole experience even better.",habitica isnt helping stay productive organized also really fun use makes want stuff id otherwise try avoid love everything app especially social features like guilds partys make whole experience even better,5,2020-09-21 18:29:07,1,0.3133333333333333,Monetization Sentiment
3654,3654,Like it. It has items and you become a character that takes dmg and lvl up. Even got a pet. Love it,like items become character takes dmg lvl even got pet love,5,2020-09-21 15:16:07,0,0.5,Efficiency
3655,3655,"I'm only a few days in, but I gotta say, this feels like virtual adderall. I'm excited to get things done now. My to-do list doesn't scare me anymore and I no longer deal with crippling anxiety about all the stuff I didn't do every night when I try to sleep. Definitely feels like I've ""hacked"" my reward system. Fingers crossed this isn't just a honeymoon period, because for the first time in ages I'm ENJOYING getting things done. No more stress - just dopamine.",im days gotta say feels like virtual adderall im excited get things done todo list doesnt scare anymore longer deal crippling anxiety stuff didnt every night try sleep definitely feels like ive hacked reward system fingers crossed isnt honeymoon period first time ages im enjoying getting things done stress dopamine,5,2020-09-19 02:14:12,0,0.28125,Retention Drivers
3656,3656,Nice app finally some good frikin friends,nice app finally good frikin friends,5,2020-09-17 21:25:16,0,0.6499999999999999,Low Signal
3657,3657,Excelente para organização pessoal e ainda se diverte com o jogo,excelente para organizao pessoal e ainda se diverte com jogo,5,2020-09-17 20:13:50,0,0.0,Noise
3658,3658,This app has already helped me so much and I got it a week ago!!,app already helped much got week ago,5,2020-09-16 09:59:46,0,0.2,Retention Drivers
3659,3659,Great app that helps me keep organized and motivated. Fun spin on a to-do list!,great app helps keep organized motivated fun spin todo list,5,2020-09-16 00:11:44,1,0.55,Efficiency
3660,3660,Simplify your life with the leveling up system and - categorizing & organizations,simplify life leveling system categorizing organizations,5,2020-09-15 11:03:27,0,0.0,Efficiency
3661,3661,"This is a very unique and interesting game, and it's really been helping me keep schedule during quarantine, which is amazing and really makes me happy, but it only gets four stars because sometimes it doesn't keep content. I used a royal purple hatching potion on one of my tiger eggs (I had two) and both items disappeared from my inventory but I didn't get my tiger, which is really disheartening. Very willing to fix this review if it suddenly shows up, but I don't think it will :[edit-fixed!!",unique interesting game really helping keep schedule quarantine amazing really makes happy gets four stars sometimes doesnt keep content used royal purple hatching potion one tiger eggs two items disappeared inventory didnt get tiger really disheartening willing fix review suddenly shows dont think editfixed,5,2020-09-15 08:07:13,54,0.2725000000000001,Efficiency
3662,3662,nice app,nice app,5,2020-09-14 17:42:02,0,0.6,Low Signal
3663,3663,Great app! Has kept me on track with my goals!,great app kept track goals,5,2020-09-14 17:34:42,0,0.8,Efficiency
3664,3664,"The grindy gamer in me refuses to not be rich in coins buy in order to get coins, I need to finish tasks. I dont even feel like studying is studying anymore. Studying has become grinding for a game, making me want to do it more.",grindy gamer refuses rich coins buy order get coins need finish tasks dont even feel like studying studying anymore studying become grinding game making want,5,2020-09-13 20:55:51,1,-0.0125,Monetization Sentiment
3665,3665,Awesome! The last time I used this app was about 3 years ago. Now I use it again and found the updates are amazing.,awesome last time used app years ago use found updates amazing,5,2020-09-13 08:27:07,0,0.5333333333333333,Retention Drivers
3666,3666,"The best habit forming tool ever, whether you pay any attention to the game aspect or not",best habit forming tool ever whether pay attention game aspect,5,2020-09-12 04:18:48,1,0.3,Monetization Sentiment
3667,3667,"This app is great! I've only had it for a few days, and I'm addicted! It's so fun and helps to get rid of habits and create new ones, it helps me get things done. It's so cool! I love the fact that if you want something, you've got to earn it, and it makes you feel good about completing tasks! It doesn't always tell you to rate the app and/or share it which is another plus. 11/10, I do recommend!",app great ive days im addicted fun helps get rid habits create new ones helps get things done cool love fact want something youve got earn makes feel good completing tasks doesnt always tell rate app andor share another plus recommend,5,2020-09-12 02:46:03,8,0.3409090909090909,Monetization Sentiment
3668,3668,"I love this app, it only app that keeps my interested. I love the to do list, habits and daily :) then if you want you have a change to challenge yourself. I wish they had a search bar to search up challenge, maybe a group and create group button and way to invite friends and become friends with your real friends so you can do challenges together but I would totally reccomend this app download it now you will not regret it :)",love app app keeps interested love list habits daily want change challenge wish search bar search challenge maybe group create group button way invite friends become friends real friends challenges together would totally reccomend app download regret,5,2020-09-10 20:59:39,11,0.2416666666666666,Retention Drivers
3669,3669,Best habit tracker app ever,best habit tracker app ever,5,2020-09-10 01:52:59,1,1.0,Retention Drivers
3670,3670,"This app changed my life. Im more willing to do the hard parts of my day because I don't want to take more damage. Seriously, this app is a God send and I even subscribed!!",app changed life im willing hard parts day dont want take damage seriously app god send even subscribed,5,2020-09-08 22:06:52,1,-0.125,Monetization Sentiment
3671,3671,"I LOVE THIS APP VERY MUCH. When the quarantine started, I gained a few kilos, didn't exercise enough and would sit on my phone all day. When I found this app, I started to do things - even making habits that I want to have. Also, this app is also a semi-RPG game, so it's a really big plus. 5 stars, GUARANTEED.",love app much quarantine started gained kilos didnt exercise enough would sit phone day found app started things even making habits want also app also semirpg game really big plus stars guaranteed,5,2020-09-07 18:30:09,18,0.0599999999999999,Retention Drivers
3672,3672,This app combines all the features I've been looking for into one simple interface,app combines features ive looking one simple interface,5,2020-09-06 01:30:18,1,0.0,Feature Requests & Friction
3673,3673,I love this app as it actually help me to change habits.,love app actually help change habits,5,2020-09-03 23:44:58,1,0.25,Retention Drivers
3674,3674,Dame great app,dame great app,5,2020-09-03 20:21:56,0,0.8,Low Signal
3675,3675,"I am completely in love with this app. This app has changed my life completely. Which is why I want it to get even better. Here is a small recommendation. Make a 4 week calender system (A/B/C/D week) so that if you want to make a schedule where you take 1 day off after 3 days of work, It is completely possible to make a routine that will keep repeating itself. (4dayx7=4x7day) by simple math, once you get to 5th week, you are back to the same pattern as that of 1st week and so, the cycle goes on",completely love app app changed life completely want get even better small recommendation make week calender system abcd week want make schedule take day days work completely possible make routine keep repeating dayxxday simple math get th week back pattern st week cycle goes,5,2020-09-03 19:03:02,0,0.1214285714285714,Retention Drivers
3676,3676,Best productivity app ever.,best productivity app ever,5,2020-08-31 17:44:17,0,1.0,Monetization Sentiment
3677,3677,This is a really fun and awesome why to help you sort your life with the bonus of dopmine fun things.,really fun awesome help sort life bonus dopmine fun things,5,2020-08-31 17:27:14,0,0.5333333333333333,Efficiency
3678,3678,So far this seems super cool! I'm excited to try it more and leave a more informed review!,far seems super cool im excited try leave informed review,5,2020-08-31 02:47:43,0,0.2895833333333333,Noise
3679,3679,trying to be productive,trying productive,5,2020-08-29 22:46:09,0,0.0,Monetization Sentiment
3680,3680,"Just love this app,it's really awesome for managing your dailies and to-dos,for anyone who loves gamified version of work to be done this app is all yours ;)",love appits really awesome managing dailies todosfor anyone loves gamified version work done app,5,2020-08-29 22:38:28,0,0.75,Monetization Sentiment
3681,3681,Update made it working again... Hats off to the hard working Devs... Eager to try it....!!!👍,update made working hats hard working devs eager try,5,2020-08-28 22:06:18,1,-0.2916666666666667,User Archetypes & Workflows
3682,3682,I love this so much,love much,5,2020-08-26 04:12:53,0,0.35,Low Signal
3683,3683,Love it! Such a brilliant idea and really well executed. One of the best apps I've ever used.,love brilliant idea really well executed one best apps ive ever used,5,2020-08-25 22:44:28,1,0.6499999999999999,Low Signal
3684,3684,"One of the best apps that I've used so far... I'm a procrastinator, due to which my grades had suffered a lot... I came across this app on a site, and decided to give it a try... One of my best decisions",one best apps ive used far im procrastinator due grades suffered lot came across app site decided give try one best decisions,5,2020-08-24 20:20:27,1,0.49375,Monetization Sentiment
3685,3685,"I really really love this app. The gamifying is really good. And I especially love the guilds with various creative monthly challenges. Another pro is that most people don't spend too much time chatting. The chatting is limited to a healthy amount (cuz ppl r busy with tasks) and it is still social enough to provide enough encouragement, sharing of thoughts and pointless banter to take ur mind off stressful stuff .",really really love app gamifying really good especially love guilds various creative monthly challenges another pro people dont spend much time chatting chatting limited healthy amount cuz ppl r busy tasks still social enough provide enough encouragement sharing thoughts pointless banter take ur mind stressful stuff,5,2020-08-23 19:53:54,11,0.247069597069597,Monetization Sentiment
3686,3686,This app has helped me in doing my tasks on time. It helps me to be more accountable and be more responsible enough. The gamified style kept me going as I see how much my character levels up.,app helped tasks time helps accountable responsible enough gamified style kept going see much character levels,5,2020-08-23 12:21:17,1,0.1333333333333333,Monetization Sentiment
3687,3687,Just like Solo Leveling,like solo leveling,5,2020-08-23 10:38:22,0,0.0,Noise
3688,3688,Best productivity app I've used!!!,best productivity app ive used,5,2020-08-23 09:22:23,0,1.0,Monetization Sentiment
3689,3689,"Excellent app!!! I would rate it 6/5 if calendar option somehow exist. Imagine you do have birds-eye view in days, weeks or even years. May not be a rating/review more kinda suggestions hehe. Admins and Developers great job! Salute to them for making this app awesome. :)",excellent app would rate calendar option somehow exist imagine birdseye view days weeks even years may ratingreview kinda suggestions hehe admins developers great job salute making app awesome,5,2020-08-23 08:10:52,2,0.9333333333333332,Retention Drivers
3690,3690,Great tool to develop new habits. I owe habitica a lot.,great tool develop new habits owe habitica lot,5,2020-08-22 22:14:24,1,0.4681818181818182,Monetization Sentiment
3691,3691,excellent app,excellent app,5,2020-08-22 10:10:56,0,1.0,Low Signal
3692,3692,By far the coolest darn app I have ever played in my life!! I love the whole concept of what is trying to be portrayed here. I doubt I'd actually be good at it because I kind of procrastinate on things a lot😂but it sure is fun already so maybe I've got a chance. But thank you developers for creating this. This can really help people towards their future😊🙏in the most bizarre but absolutely amazing and fun way🤗,far coolest darn app ever played life love whole concept trying portrayed doubt id actually good kind procrastinate things lotbut sure fun already maybe ive got chance thank developers creating really help people towards futurein bizarre absolutely amazing fun way,5,2020-08-21 23:00:25,48,0.3999999999999999,Monetization Sentiment
3693,3693,Keeps me focused,keeps focused,5,2020-08-20 13:52:02,0,0.0,Efficiency
3694,3694,"Love it. Pretty simple, and it helps me get things done, and even helped to break bad habits like sleeping wayyy too late and waking up at like 12PM. I haven't talked to other users all that much but from reading tavern messages, the community seems very helpful and supportive. I've been using Habitica for about a year now, and I plan to continue using it until I can finally get things done without having to be threatened by a party quest boss lol. 11/10",love pretty simple helps get things done even helped break bad habits like sleeping wayyy late waking like pm havent talked users much reading tavern messages community seems helpful supportive ive using habitica year plan continue using finally get things done without threatened party quest boss lol,5,2020-08-19 12:51:38,1,0.1388888888888889,Retention Drivers
3695,3695,Very nice productivity rpg game,nice productivity rpg game,5,2020-08-16 22:28:14,0,0.0999999999999999,Monetization Sentiment
3696,3696,"This is the best! This inspired me to complete my tasks that I always seem to forget in doing. I also had fun at the same time! I really love the RPG-style theme. While using this I realized almost all rpg mechanism are in this but trading so I hope you guys put a trading system or item gifting or whatsoever in the next updates. Also, I wanna try becoming a subscriber for free so, hope you guys give me atleast a 1 mo trial hehe💖.",best inspired complete tasks always seem forget also fun time really love rpgstyle theme using realized almost rpg mechanism trading hope guys put trading system item gifting whatsoever next updates also wanna try becoming subscriber free hope guys give atleast mo trial hehe,5,2020-08-15 14:12:32,1,0.3928571428571428,Monetization Sentiment
3697,3697,"I LOVE THIS APP. It helps me so much when I want to get something done, and when I need to do something daily, like take my vitamins, or wash the dishes. There are also so much nice people when you join guilds. 10/10 would recommend to a friend. Note: This app is way more helpful if you're into games, points, and competitiveness. (I'm very competitive 😅) But it's still super helpful even if you're not that interested in that stuff. Again, 10/10 would definitely recommend!",love app helps much want get something done need something daily like take vitamins wash dishes also much nice people join guilds would recommend friend note app way helpful youre games points competitiveness im competitive still super helpful even youre interested stuff would definitely recommend,5,2020-08-14 20:51:48,44,0.269047619047619,Retention Drivers
3698,3698,Actually for once in my life am getting stuff done lol,actually life getting stuff done lol,5,2020-08-14 15:02:59,0,0.4,Efficiency
3699,3699,Awesome! I've become way more organized after starting to use this app. Absolutely loved it. Keep up the hard work dev.,awesome ive become way organized starting use app absolutely loved keep hard work dev,5,2020-08-13 21:35:12,0,0.3520833333333333,Efficiency
3700,3700,It just works.,works,5,2020-08-13 18:48:39,0,0.0,User Archetypes & Workflows
3701,3701,"Helped me get in control of my habits, helps me keep accountable! The setup allows me to select how difficult any task is and scales to it, very helpful",helped get control habits helps keep accountable setup allows select difficult task scales helpful,5,2020-08-13 18:27:34,1,-0.5,Monetization Sentiment
3702,3702,"I've only just started up, but this app has progressed so much since I last saw it! UI is really tidy and easy to use. It doesn't feel like everything is locked behind a paywall (though I plan to support). Tasks/rewards/etc. are easy to customize, so the game can be tailored to exactly what you need. I have ADHD, so an app that makes every task a fun/novel experience is fantastic. I'm hoping this becomes a well worn tool in my belt. Thanks to the devs for creating such a useful resource ❤",ive started app progressed much since last saw ui really tidy easy use doesnt feel like everything locked behind paywall though plan support tasksrewardsetc easy customize game tailored exactly need adhd app makes every task funnovel experience fantastic im hoping becomes well worn tool belt thanks devs creating useful resource,5,2020-08-13 01:03:25,90,0.1833333333333333,Monetization Sentiment
3703,3703,"Even without an RPG element, this app is robust enough to suit any of your habit tracking needs. Its ridiculous how much better this app is compared to other regular paid or unpaid habit trackers.",even without rpg element app robust enough suit habit tracking needs ridiculous much better app compared regular paid unpaid habit trackers,5,2020-08-12 13:10:54,1,0.0733333333333333,Retention Drivers
3704,3704,Really love this. I enjoy the complexity and the fact that you can buy 'rewards' for keeping up with stuff and that there and consequences for not doing your dailies.,really love enjoy complexity fact buy rewards keeping stuff consequences dailies,5,2020-08-10 01:04:31,2,0.45,Monetization Sentiment
3705,3705,"This app really changed my life. I was able to make my life work with this. I've been trying to get my life on track and out of depression, and this app showed me how. Now I am keeping my house clean, keeping up with my social life, doing homeschool with my kids, and keeping up with then 😊 I didn't think that was possible last year.",app really changed life able make life work ive trying get life track depression app showed keeping house clean keeping social life homeschool kids keeping didnt think possible last year,5,2020-08-07 06:49:44,0,0.1833333333333333,Retention Drivers
3706,3706,Its awesome,awesome,5,2020-08-07 03:38:42,0,1.0,Low Signal
3707,3707,"Helps me SO much. Like seriously, commit to this, get into a ""party"" (kind of an online group for this rpg), and it may help you like it's helped me! I am really lazy so the progress I'm making is miraculous. It really kind of.. forces you to do what you need to do and it's my favorite mobile game there is. Hats off to the developers and anyone else involved!",helps much like seriously commit get party kind online group rpg may help like helped really lazy progress im making miraculous really kind forces need favorite mobile game hats developers anyone else involved,5,2020-08-05 23:26:32,0,0.1309523809523809,Monetization Sentiment
3708,3708,"Amazing, creative and motivating. Kudos Designers love the Gameboy pixellated feel really made me nostalgic. Amazing app",amazing creative motivating kudos designers love gameboy pixellated feel really made nostalgic amazing app,5,2020-08-04 11:08:12,0,0.3166666666666667,Product Usability & Aesthetics
3709,3709,"This app is very nice, it did help me",app nice help,5,2020-08-03 06:36:57,0,0.6,Efficiency
3710,3710,"Took me awhile to figure it out, the mechanics are interesting, the design is fun. It helps me build and quit some habits that i have been trying to.",took awhile figure mechanics interesting design fun helps build quit habits trying,5,2020-08-02 16:49:26,1,0.4,Retention Drivers
3711,3711,Fun,fun,5,2020-07-30 21:06:52,0,0.3,Efficiency
3712,3712,"I've been using this as a motivation and self-rewarding To-Do list. It works, and there a lot of communities of people here! Ranging from LGBT to mental illness, it's great.",ive using motivation selfrewarding todo list works lot communities people ranging lgbt mental illness great,5,2020-07-30 17:51:22,3,0.35,Efficiency
3713,3713,It just might be one of the best apps ever made. It has helped so much with my productivity and has such wonderful features. I love it!,might one best apps ever made helped much productivity wonderful features love,5,2020-07-30 09:50:12,0,0.675,Monetization Sentiment
3714,3714,I will reinstall this app,reinstall app,5,2020-07-30 00:01:51,0,0.0,Noise
3715,3715,The app is really smart,app really smart,5,2020-07-29 17:27:44,0,0.2142857142857142,Noise
3716,3716,Helps me turn my crippling depression into regular depression.,helps turn crippling depression regular depression,5,2020-07-29 07:46:04,1,0.0,Efficiency
3717,3717,Thanks for free widget,thanks free widget,5,2020-07-28 10:08:51,0,0.3,Noise
3718,3718,I'm thoroughly enjoying this app so far. I've been a lot more productive and on point with my tasks as well as keeping up with my personal studies and hobbies. The game aspect has been great for me to hold accountability of my actions while finding joy in completing self-made goals and gaining experience and items.,im thoroughly enjoying app far ive lot productive point tasks well keeping personal studies hobbies game aspect great hold accountability actions finding joy completing selfmade goals gaining experience items,5,2020-07-28 04:12:47,46,0.3,Monetization Sentiment
3719,3719,Super fun way to keep up with tasks,super fun way keep tasks,5,2020-07-28 03:56:32,0,0.3166666666666666,Monetization Sentiment
3720,3720,It was amazing,amazing,5,2020-07-28 00:37:30,0,0.6000000000000001,Low Signal
3721,3721,"Great. I would recommend the following features: - Skills. When you work on a task, you could select which skills you will be working on. - A timer: keep track of how long you spent working on a task, and consequently on the skills. This would allow a summary of how long the player spent on each skill. - (maybe?) Skill trees. Being able to create publix skill trees for a project/hobby/etc... would be a very nice feature too.",great would recommend following features skills work task could select skills working timer keep track long spent working task consequently skills would allow summary long player spent skill maybe skill trees able create publix skill trees projecthobbyetc would nice feature,5,2020-07-26 22:20:53,0,0.2,Monetization Sentiment
3722,3722,"Very good app to help keep and develope new habits! Best gamification of tasks, habits and to do lists!",good app help keep develope new habits best gamification tasks habits lists,5,2020-07-26 20:45:33,0,0.6121212121212122,Monetization Sentiment
3723,3723,"It's hard to not get bored when I being serious on something. So, I always think that life is a game. And this is a great app that can help me to get rid from my boredom when I build my good habits. Thank you very much for the developer. 5 stars from me. 😊🤩",hard get bored serious something always think life game great app help get rid boredom build good habits thank much developer stars,5,2020-07-26 10:50:33,1,0.025,Retention Drivers
3724,3724,"Love the app so far. Great for motivation, but non-punishing, cute graphics, and lots of stuff to explore. Splitting up tasks by priority/type is awesome. It really has made everyday life feel more guided and fun! Would highly recommend for people who enjoy collecting, gaming, or seeing your progress add up. *One note is that sometimes, lists of tasks disappear/show tasks already completed. Closing and reopening fixes it, but would appreciate it if this bug was addressed.",love app far great motivation nonpunishing cute graphics lots stuff explore splitting tasks prioritytype awesome really made everyday life feel guided fun would highly recommend people enjoy collecting gaming seeing progress add one note sometimes lists tasks disappearshow tasks already completed closing reopening fixes would appreciate bug addressed,5,2020-07-26 09:18:25,9,0.376,Monetization Sentiment
3725,3725,Best productivity app,best productivity app,5,2020-07-26 07:29:46,0,1.0,Monetization Sentiment
3726,3726,"The game aspect is fun, and can provide a little added motivation, but beyond that it's one of the best free to-do apps I've found. The organization is easy, and the breakdown of habits, daily (or other schedule) tasks on repeat, and a one time to-do list give much more depth than apps that claim to be more ""professional."" If you like the game-ify idea this app is great. If you want a solid, free task manager, ignore the cute icons and go with this one as well.",game aspect fun provide little added motivation beyond one best free todo apps ive found organization easy breakdown habits daily schedule tasks repeat one time todo list give much depth apps claim professional like gameify idea app great want solid free task manager ignore cute icons go one well,5,2020-07-24 19:23:48,26,0.2727564102564102,Monetization Sentiment
3727,3727,Very creative. and a good idea too!,creative good idea,5,2020-07-23 19:20:18,0,0.6,Low Signal
3728,3728,Very usefull and fun,usefull fun,5,2020-07-23 10:56:52,0,0.3,Efficiency
3729,3729,La actualicé hoy (22/07/2020) y se detiene cada vez que intento ver o darle de comer a mis mascotas. Por favor soluciónenlo 🙇,la actualic hoy se detiene cada vez que intento ver darle de comer mis mascotas por favor solucinenlo,5,2020-07-23 08:27:29,0,0.0,Noise
3730,3730,I'm here for the Ninja Cerebral,im ninja cerebral,5,2020-07-22 01:49:04,0,0.0,Noise
3731,3731,"Loving the app so far and has helped me stay on track with some chores and. My v small complaint is that the date is expressed wrong (for 90% of the world) as mm/dd/yy, wish I could change to dd/mm/yy, any way to change that setting on the horizon?",loving app far helped stay track chores v small complaint date expressed wrong world mmddyy wish could change ddmmyy way change setting horizon,5,2020-07-21 18:36:02,0,-0.07,Efficiency
3732,3732,"The BEST app for motivation and tracking! Even putting the game aspect aside, I have never seen a more user-friendly app for habit/task tracking. I love how there are different categories for habits, tasks, and daily to-dos. It's customizable. Getting coins is motivation! Ive recommended it to everyone! Only thing I wish it had: a way to see your stats based on your missed to dos or frequency of habits. For instance: most health lost due to *blank* etc.",best app motivation tracking even putting game aspect aside never seen userfriendly app habittask tracking love different categories habits tasks daily todos customizable getting coins motivation ive recommended everyone thing wish way see stats based missed dos frequency habits instance health lost due blank etc,5,2020-07-21 04:45:09,26,0.1392857142857143,Monetization Sentiment
3733,3733,"It's been a week since I started using this, and I so already love this! Thanks!",week since started using already love thanks,5,2020-07-20 09:03:30,0,0.35,Monetization Sentiment
3734,3734,Habitica is a lot of fun to use. It helps me more to be productive by applying RPG concept into my everyday tasks. The quests and collectibles are also fun to do - it is so rewarding.,habitica lot fun use helps productive applying rpg concept everyday tasks quests collectibles also fun rewarding,5,2020-07-19 17:58:44,2,0.2249999999999999,Monetization Sentiment
3735,3735,"Habitica had helped me a lot in my efforts to improve my life. I've been using Habitica for 2 years now, and it really provide me with the motivation & support needed for me to achieve my objectives.",habitica helped lot efforts improve life ive using habitica years really provide motivation support needed achieve objectives,5,2020-07-18 21:51:15,0,0.2,Monetization Sentiment
3736,3736,This is an awesome app idea for really anyone to use. Just a great app,awesome app idea really anyone use great app,5,2020-07-18 21:44:30,0,0.6666666666666666,Low Signal
3737,3737,Awesome app. Helps me keep track of my daily tasks and routine. I like the fun reward and punishment system in the form of an rpg game. Keep up the good work!,awesome app helps keep track daily tasks routine like fun reward punishment system form rpg game keep good work,5,2020-07-18 12:39:53,1,0.32,Monetization Sentiment
3738,3738,Great way to keep track of things to do on the computer and phone,great way keep track things computer phone,5,2020-07-17 23:15:05,0,0.8,Retention Drivers
3739,3739,"I didn't think this would work, but it really does help to build habits. The interface is pretty simple and easy to understand. The complexity grows over time. I'd really like a way to share to-dos with a group. Reward those for taking the initiative to take some of the teams shared tasks.",didnt think would work really help build habits interface pretty simple easy understand complexity grows time id really like way share todos group reward taking initiative take teams shared tasks,5,2020-07-15 22:21:49,1,0.2166666666666666,Monetization Sentiment
3740,3740,Super great!!,super great,5,2020-07-15 11:06:08,5,0.5666666666666667,Low Signal
3741,3741,I seriously like it,seriously like,5,2020-07-13 21:03:51,0,-0.3333333333333333,Noise
3742,3742,Thank you this made a difference,thank made difference,5,2020-07-12 22:27:10,0,0.0,Noise
3743,3743,"One of the best habit organisation apps and it gamifies on top, the only feature that I would really need is managing dailies in groups, like meals in group.....etc.",one best habit organisation apps gamifies top feature would really need managing dailies groups like meals groupetc,5,2020-07-12 10:15:30,0,0.5666666666666667,Retention Drivers
3744,3744,"What an adorable and inspirational app! I have actually done things I was considering putting off because I didn't want to lose too much life and thus important items I really need/like. I've even gotten my partner to download it! It also doesn't penalize you too harshly for ""falling off the wagon,"" so to speak, and not using it for some time. As in, days to YEARS. It's the perfect combination of motivational and understanding, which is the perfect recipe for success, at least for myself. 🤓",adorable inspirational app actually done things considering putting didnt want lose much life thus important items really needlike ive even gotten partner download also doesnt penalize harshly falling wagon speak using time days years perfect combination motivational understanding perfect recipe success least,5,2020-07-12 00:06:31,40,0.3272727272727272,Retention Drivers
3745,3745,Really helps me to keep things organized and is a great way to keep myself on track!,really helps keep things organized great way keep track,5,2020-07-11 13:48:35,0,0.5,Efficiency
3746,3746,Its great but I need to make a habit to use the app.,great need make habit use app,5,2020-07-10 03:53:32,0,0.8,Retention Drivers
3747,3747,Just love it,love,5,2020-07-09 00:01:48,0,0.5,Low Signal
3748,3748,"Does what it says, but unable to re-arrange the tasks to my liking via the app. Have to use the browser to do that.",says unable rearrange tasks liking via app use browser,5,2020-07-08 20:52:06,0,-0.5,Monetization Sentiment
3749,3749,Excellent for daily tasks and scheduling future ones,excellent daily tasks scheduling future ones,5,2020-07-08 06:27:26,0,0.3333333333333333,Monetization Sentiment
3750,3750,Life changing app. If you have any affinity to video games and want to better your life you're in the right place. This app saved me.,life changing app affinity video games want better life youre right place app saved,5,2020-07-07 21:28:49,0,0.3928571428571428,Efficiency
3751,3751,"Excellent app, they greatly improved the quality since last time I used it. I'm a user of the web page for 5 year now, and the app was a little outdated but know it is very complete and useful. Thank you!",excellent app greatly improved quality since last time used im user web page year app little outdated know complete useful thank,5,2020-07-07 16:45:00,3,0.2303571428571428,Monetization Sentiment
3752,3752,"It sounds crazy but this app has basically changed my life. I'm more productive every day as this game motivates me to get my life together. I like how I can give myself credit even for the little things, the house chores no one will pay you to do or thank you for but that still need to be done. It can also be very social if you want it to be.",sounds crazy app basically changed life im productive every day game motivates get life together like give credit even little things house chores one pay thank still need done also social want,5,2020-07-06 21:31:01,5,-0.2885416666666666,Monetization Sentiment
3753,3753,Amazing app.. One request from the developers.. This app is turning humans into better humans so 'the rouge' class should be renamed to 'the Ninja' or something as it affects the subconscious brain of users without even them noticing it..(this pure psychology) And this is how low of attraction works.. Never talk or think of things which you don't want in life.. You yourself would not want anyone to be Rouge. So please give 'ROUGE' SOME positive polish.. If you can. Only a humble suggestion.,amazing app one request developers app turning humans better humans rouge class renamed ninja something affects subconscious brain users without even noticing itthis pure psychology low attraction works never talk think things dont want life would want anyone rouge please give rouge positive polish humble suggestion,5,2020-07-06 15:46:39,6,0.1916512059369202,Efficiency
3754,3754,"I have used this tool continuously since 2015 and it's a fun way to get yourself to do tasks that otherwise you might not be motivated to do. I've been a subscriber for almost two years. I would highly recommend Habitica, whether you prefer to do it all on your own, quest with others, take up challenges, or just keep track of your flossing. There's a lot to out and I've never gotten bored in almost five years.",used tool continuously since fun way get tasks otherwise might motivated ive subscriber almost two years would highly recommend habitica whether prefer quest others take challenges keep track flossing theres lot ive never gotten bored almost five years,5,2020-07-02 08:20:07,25,-0.0133333333333333,Market Displacement
3755,3755,Awesome. It really helps me to level up my life.,awesome really helps level life,5,2020-07-01 23:05:35,0,0.6,Efficiency
3756,3756,"Changed my life. The group feature, when you have a family, is a must have. Seeing our avatars morph and change while we level up our life, priceless. This app is worth it, it's one of the best decisions I've made for me and my children. They're excited to do chores, and I no longer procrastinate. I just can't recommend this app enough.",changed life group feature family must seeing avatars morph change level life priceless app worth one best decisions ive made children theyre excited chores longer procrastinate cant recommend app enough,5,2020-07-01 22:07:31,2,0.5349999999999999,Monetization Sentiment
3757,3757,A good app. Love the concept. Helped me,good app love concept helped,5,2020-07-01 13:29:04,0,0.6,Efficiency
3758,3758,This is the first time I found an app which can read my mind. This app really knows the scientific importance of reward. I really advice anyone to install this app and give it a try especially if you are a student.,first time found app read mind app really knows scientific importance reward really advice anyone install app give try especially student,5,2020-07-01 03:18:26,0,0.1625,User Archetypes & Workflows
3759,3759,It is awesome super helped me But I have a suggestion you can improve your chat session and to invite members to party you can make so we can explore users and invite them,awesome super helped suggestion improve chat session invite members party make explore users invite,5,2020-06-27 19:27:01,0,0.6666666666666666,Monetization Sentiment
3760,3760,I've never enjoyed accountability before this... Our whole family partied up and is having a blast PLAYING to do chores. Wonderful concept!,ive never enjoyed accountability whole family partied blast playing chores wonderful concept,5,2020-06-25 19:45:35,0,0.3166666666666666,Noise
3761,3761,I'm really enjoying the fun parts about this game and hope that it continues to grow. Downside is the glasses and headband can't come off the avatar. So my character is stuck with them for awhile.,im really enjoying fun parts game hope continues grow downside glasses headband cant come avatar character stuck awhile,5,2020-06-25 00:05:02,0,0.1333333333333333,Efficiency
3762,3762,Super helpful for habits and breaking bad ones,super helpful habits breaking bad ones,5,2020-06-24 04:00:49,0,-0.1833333333333332,Retention Drivers
3763,3763,"What an absolute boon. My boyfriend has ADHD and a love for video games--this app helps him remember and complete tasks much more easily than unengaging notes-app checklists. It really does wonders for motivation. Habitica is helping me survive grad school AND manage the mental load of day to day activities. I'm really excited for the new ""groups"" feature to be rolled out as well. Thank you so much Habitica!",absolute boon boyfriend adhd love video gamesthis app helps remember complete tasks much easily unengaging notesapp checklists really wonders motivation habitica helping survive grad school manage mental load day day activities im really excited new groups feature rolled well thank much habitica,5,2020-06-24 02:50:19,0,0.1568181818181817,Monetization Sentiment
3764,3764,Loving the app so far! Just a minor note: I can't seem to unequip my avatar's glasses or headband...,loving app far minor note cant seem unequip avatars glasses headband,5,2020-06-22 22:37:39,0,0.2166666666666666,Product Usability & Aesthetics
3765,3765,Awesome,awesome,5,2020-06-21 05:32:47,0,1.0,Low Signal
3766,3766,This is great! After having played it for three days I was begging my mom for chores to do!,great played three days begging mom chores,5,2020-06-19 05:37:57,0,0.8,Retention Drivers
3767,3767,"Getting into it, following the mechanics and I feel motivated to do ans comolete stuff to earn Exp. I haven't used it much but I'm satisfied already. One small thing I can't choose to wear no glasses and I believe this is an unintentional error.",getting following mechanics feel motivated ans comolete stuff earn exp havent used much im satisfied already one small thing cant choose wear glasses believe unintentional error,5,2020-06-18 16:50:46,0,0.0833333333333333,Efficiency
3768,3768,10 out 10 recommend for anyone who wants to stay organized and goal oriented without knowing you're doing it! This app is For beginners looking for a concept to start planing or motivating & go getters who want a fun and resourceful way to sort your goals and stay motivated.,recommend anyone wants stay organized goal oriented without knowing youre app beginners looking concept start planing motivating go getters want fun resourceful way sort goals stay motivated,5,2020-06-18 15:56:37,0,0.3666666666666667,Efficiency
3769,3769,"I love Habitica! I've used it for several years, both the browser version and the app. I love how simple it is and I love the social aspect! I've been able to make friends and find support through guilds, and my party really pushes each other to be our best and continually improve! This app has helped me focus on self care and get better grades in school. I'm building healthy habits and having fun with the creative quests and interactions! Habitica is amazing!",love habitica ive used several years browser version app love simple love social aspect ive able make friends find support guilds party really pushes best continually improve app helped focus self care get better grades school im building healthy habits fun creative quests interactions habitica amazing,5,2020-06-18 01:59:03,43,0.4023809523809523,Monetization Sentiment
3770,3770,Has really helped me get more done and stay on task!,really helped get done stay task,5,2020-06-16 03:21:15,0,0.2,Efficiency
3771,3771,The best out there.,best,5,2020-06-14 17:38:54,0,1.0,Low Signal
3772,3772,I love Habitica. It works to make the things I have to do at least somewhat rewarding and I can set fun goals for boring tasks.,love habitica works make things least somewhat rewarding set fun goals boring tasks,5,2020-06-13 10:14:58,0,0.0,Monetization Sentiment
3773,3773,"Great app. I don't even play video games but I love the set up of this application, the split into habits, dailies and tasks is perfect. The streaks and rewards are motivational, I like the capability to set reminders and being able to have a task list widget on my home page. I tried a couple other to do apps and none have kept me consistent besides this one.",great app dont even play video games love set application split habits dailies tasks perfect streaks rewards motivational like capability set reminders able task list widget home page tried couple apps none kept consistent besides one,5,2020-06-12 06:00:43,0,0.61,Monetization Sentiment
3774,3774,"Great! No errors found, super useful, fun, good design, and small (I guess?). Super recommended!",great errors found super useful fun good design small guess super recommended,5,2020-06-11 20:11:21,0,0.3595238095238096,Efficiency
3775,3775,"With your friends you can play this game. You progress by completing tasks you set for yourself. Often i see t the app and think, well, 10 pushups isn't that hard, might as well do it. Without the app i wouldn't have thought that. Set small tangible goals. It motivates me to do the things i want to do but can't get in the habit of doing.",friends play game progress completing tasks set often see app think well pushups isnt hard might well without app wouldnt thought set small tangible goals motivates things want cant get habit,5,2020-06-11 16:17:03,26,-0.3138888888888889,Monetization Sentiment
3776,3776,Fantastic app.... I have tried many other productivity app and used to find it difficult to follow them every day. After I switched to this app.. it became all fun and I am getting motivated to complete the tasks as I earn rewards Suggestion to developer: I use browser version more than mobile app. please add reminder feature to browser version as well. Also please add auto date parser while adding the task. It will save a lot of time in entering the task. You ca take reference from ticktick app,fantastic app tried many productivity app used find difficult follow every day switched app became fun getting motivated complete tasks earn rewards suggestion developer use browser version mobile app please add reminder feature browser version well also please add auto date parser adding task save lot time entering task ca take reference ticktick app,5,2020-06-10 16:48:29,2,0.1599999999999999,Market Displacement
3777,3777,"I love the interface, the overall concept and easiness of interface. Rewarding and fun to use, has helped me alot with my life goals!",love interface overall concept easiness interface rewarding fun use helped alot life goals,5,2020-06-09 08:11:41,0,0.325,Efficiency
3778,3778,The only app that really helped getting through my really busy schedule,app really helped getting really busy schedule,5,2020-06-06 13:13:36,0,0.15,Efficiency
3779,3779,Helpful and fun,helpful fun,5,2020-06-05 12:25:43,0,0.3,Efficiency
3780,3780,"Love this app. If you need help sticking to a schedule, meeting goals, or want to better your life in any way this app is for you. Guilds and challenges promote productivity. Separate categories for habits (positive/negative), daily tasks, and to-dos keep the app structured. Wish there were more items and rpg aspects after reaching a certain level though.",love app need help sticking schedule meeting goals want better life way app guilds challenges promote productivity separate categories habits positivenegative daily tasks todos keep app structured wish items rpg aspects reaching certain level though,5,2020-06-05 06:39:24,6,0.3035714285714285,Monetization Sentiment
3781,3781,"I love this app. It keeps me on track and I have fun while doing it. Whatever aspect of you daily life you want to improve, you can set tasks and goals to help you achieve it.! 💯🙋🌄",love app keeps track fun whatever aspect daily life want improve set tasks goals help achieve,5,2020-06-03 07:06:05,0,0.2666666666666666,Monetization Sentiment
3782,3782,Really helped me stay on top of online classes this year!,really helped stay top online classes year,5,2020-06-02 21:58:18,0,0.35,Retention Drivers
3783,3783,"I love this app. It's helped me so much. There's only a few things that bother me about it, like how you can't change the order of dailies but besides that it's fantastic.",love app helped much theres things bother like cant change order dailies besides fantastic,5,2020-06-02 21:57:27,0,0.3666666666666667,Efficiency
3784,3784,The best app for people with or without ADHD,best app people without adhd,5,2020-06-01 11:10:12,0,1.0,Low Signal
3785,3785,"This app is fantastic! It helps to organize tasks and bring new positive habits into your life. And does it in a gamified, entertaining way. You should at least try it out!",app fantastic helps organize tasks bring new positive habits life gamified entertaining way least try,5,2020-06-01 11:02:36,0,0.1927272727272727,Monetization Sentiment
3786,3786,Thank you,thank,5,2020-05-31 14:49:34,0,0.0,Noise
3787,3787,Very nice app. Let´s you make reminders and actually feel rewarded once you do it.,nice app lets make reminders actually feel rewarded,5,2020-05-30 11:59:03,0,0.3,Efficiency
3788,3788,"The app has improved over the time I've been using it. There are a few things that would be useful to have. For example, the ability to search for challenges like in the website. On another point, this app has really helped me improve in different areas of my life.",app improved time ive using things would useful example ability search challenges like website another point app really helped improve different areas life,5,2020-05-29 20:21:58,1,0.1666666666666666,Monetization Sentiment
3789,3789,Love love LOVE the idea behind this!,love love love idea behind,5,2020-05-29 06:43:21,0,0.275,Low Signal
3790,3790,"The best app to become a better person and acheive your daily goals developing great habits! The whole community is cheerful and i may thank you for taking the time to develope such great considerate features for free, you've really helped us all 💖💖",best app become better person acheive daily goals developing great habits whole community cheerful may thank taking time develope great considerate features free youve really helped us,5,2020-05-28 05:23:54,0,0.4777777777777778,Retention Drivers
3791,3791,"Please keep tinkering, and improving. Thank you for this app",please keep tinkering improving thank app,5,2020-05-27 19:50:37,0,0.0,Monetization Sentiment
3792,3792,"I love this app. It's amazing and has made me a bit more productive with the few days I've had it. I just wish there was some sort of game that comes with it. I know it isn't the point of the app, but I feel like if some sort of game was added, there would be more incentive to do all your tasks. I know it's probably just me who has this issue, but a game really would add a lot to the app (even a tiny one).",love app amazing made bit productive days ive wish sort game comes know isnt point app feel like sort game added would incentive tasks know probably issue game really would add lot app even tiny one,5,2020-05-27 09:15:23,3,0.0142857142857142,Monetization Sentiment
3793,3793,"App keeps crashing when launching, couldn't even get past the title screen. Edit: After signing into the website version, tried to install the app again and apparently it worked!",app keeps crashing launching couldnt even get past title screen edit signing website version tried install app apparently worked,5,2020-05-27 06:00:53,0,-0.1,Monetization Sentiment
3794,3794,"WHY? Why my habit streaks keep disappearing every single day!? :( Edit: Thank you, developers! I didn't notice that option I love this app❤️",habit streaks keep disappearing every single day edit thank developers didnt notice option love app,5,2020-05-27 03:54:11,0,0.2142857142857143,Retention Drivers
3795,3795,"So far the best productivity app, with this being productive is fun",far best productivity app productive fun,5,2020-05-26 12:20:03,0,0.4666666666666667,Monetization Sentiment
3796,3796,I soooo love this app. I am not a gamer but gamifying my habits makes it more interactive. You wouldn't want your avatar to die so you'll do your tasks.,soooo love app gamer gamifying habits makes interactive wouldnt want avatar die youll tasks,5,2020-05-26 09:28:26,0,0.5,Monetization Sentiment
3797,3797,"This app has helped me make my days more productive, and I like the way it's put together. Two suggestions for the devs: 1. Introduce an option to stay indefinitely at one level, only needing that fixed amount of xp to refill your hp. With the ever increasing xp requirement, eventually I won't be able to keep levelling up and will start dying, and that'll be demotivating. 2. Make a holiday mode that has a different set of dailies/habits. I'd like to have different goals on holiday.",app helped make days productive like way put together two suggestions devs introduce option stay indefinitely one level needing fixed amount xp refill hp ever increasing xp requirement eventually wont able keep levelling start dying thatll demotivating make holiday mode different set dailieshabits id like different goals holiday,5,2020-05-25 13:10:25,84,0.15,Monetization Sentiment
3798,3798,I am in the unique circumstance of liking to gamify my life and also being horrible at incentivizing doing daily chores. This is literally the perfect app for me.,unique circumstance liking gamify life also horrible incentivizing daily chores literally perfect app,5,2020-05-25 12:19:49,0,0.09375,Retention Drivers
3799,3799,"So far, I love this app and the idea behind it. It holds me accountable for my tasks and habits which i really love. I would totally give it a shot.",far love app idea behind holds accountable tasks habits really love would totally give shot,5,2020-05-25 05:31:20,0,0.1399999999999999,Monetization Sentiment
4550,4550,I know this app from my sis. 11/10 would be focused again.,know app sis would focused,5,2020-10-28 01:01:58,0,0.0,Efficiency
4551,4551,Productive app,productive app,5,2020-10-27 23:37:33,0,0.0,Monetization Sentiment
4552,4552,I loved this app so much. Really useful and easy to use. 10/10 <3,loved app much really useful easy use,5,2020-10-27 23:30:21,0,0.4777777777777778,Efficiency
4553,4553,I love it,love,5,2020-10-27 23:05:24,0,0.5,Low Signal
4554,4554,Nice,nice,5,2020-10-27 22:37:46,0,0.6,Low Signal
4555,4555,Amazing app yo stay focused and relax too😜,amazing app yo stay focused relax,5,2020-10-27 22:04:03,0,0.6000000000000001,Efficiency
4556,4556,Simple easy to use app. Has massively increased my productivity.,simple easy use app massively increased productivity,5,2020-10-27 21:50:35,0,0.1444444444444444,Monetization Sentiment
4557,4557,Nice,nice,5,2020-10-27 21:13:22,0,0.6,Low Signal
4558,4558,Its an amazing app to keep us away from distractions,amazing app keep us away distractions,5,2020-10-27 21:07:09,0,0.6000000000000001,Low Signal
4559,4559,This app is amazing. It definitely helps me focus on my work and get things done. If you get it I suggest buying premium cause it's a small price for a very great app. 10/10 recommend. I use this app everyday.,app amazing definitely helps focus work get things done get suggest buying premium cause small price great app recommend use app everyday,5,2020-10-27 20:57:25,0,0.19,Monetization Sentiment
4560,4560,It is a really good application I really liked it. It helped me to increase productivity,really good application really liked helped increase productivity,5,2020-10-27 20:56:28,0,0.6499999999999999,Monetization Sentiment
4561,4561,Amzing app,amzing app,5,2020-10-27 20:35:33,0,0.0,Noise
4562,4562,Nice,nice,5,2020-10-27 20:05:54,0,0.6,Low Signal
4563,4563,Best.app.ever. really helps me.,bestappever really helps,5,2020-10-27 19:30:47,0,0.2,Efficiency
4564,4564,Very useful app,useful app,5,2020-10-27 19:26:37,0,0.3,Efficiency
4565,4565,Quite awesome. Love the asthetics too. My work gets actually done these days coz of this.,quite awesome love asthetics work gets actually done days coz,5,2020-10-27 19:03:24,0,0.5,Retention Drivers
4566,4566,The coolest app ever.,coolest app ever,5,2020-10-27 17:50:05,0,0.0,Noise
4567,4567,wow,wow,5,2020-10-27 17:25:48,0,0.1,Noise
4568,4568,This is great I love planting and helping the community (´･ω･`),great love planting helping community,5,2020-10-27 17:23:03,0,0.65,Efficiency
4569,4569,Nice app it gives us sense of time invested and also good vibes,nice app gives us sense time invested also good vibes,5,2020-10-27 16:36:38,0,0.6499999999999999,Low Signal
4570,4570,Nice,nice,5,2020-10-27 16:14:44,0,0.6,Low Signal
4571,4571,greaaat 😍😍😍,greaaat,5,2020-10-27 15:45:37,0,0.0,Noise
4572,4572,Helps me focus on my sleep😴,helps focus sleep,5,2020-10-27 15:35:07,0,0.0,Efficiency
4573,4573,This app hasn't aged with online classes and online studying and all,app hasnt aged online classes online studying,5,2020-10-27 15:10:28,0,-0.1,User Archetypes & Workflows
4574,4574,حلو,,5,2020-10-27 14:49:42,0,0.0,Noise
4575,4575,아주 멋지다 그리고 나는 그것을 정말로 좋아했다 و 그 덕분에 매일 수업을 잘 공부할 수 있습니다 💙,,5,2020-10-27 14:23:38,0,0.0,Noise
4576,4576,Good,good,5,2020-10-27 14:19:13,0,0.7,Low Signal
4577,4577,Love it,love,5,2020-10-27 13:50:45,0,0.5,Low Signal
4578,4578,👍,,5,2020-10-27 13:06:28,0,0.0,Noise
4579,4579,Pretty awesome,pretty awesome,5,2020-10-27 12:52:02,0,0.625,Low Signal
4580,4580,Nice app super cool I am impress And subscribe slay point,nice app super cool impress subscribe slay point,5,2020-10-27 12:48:34,0,0.4277777777777777,Monetization Sentiment
4581,4581,Nice app,nice app,5,2020-10-27 09:20:13,0,0.6,Low Signal
4582,4582,Helps me focus a lot,helps focus lot,5,2020-10-27 07:44:46,0,0.0,Efficiency
4583,4583,Does what I need it to do! I've got ADHD so the app just reminds me to keep doing work or making art.,need ive got adhd app reminds keep work making art,5,2020-10-27 07:01:27,0,0.0,User Archetypes & Workflows
4584,4584,"I have a problem staying off my phone, and this gives me the stimulus to stay off and get to work. I do appreciate it.",problem staying phone gives stimulus stay get work appreciate,5,2020-10-27 06:17:03,0,0.0,Monetization Sentiment
4585,4585,Amazing,amazing,5,2020-10-27 02:20:29,0,0.6000000000000001,Low Signal
4586,4586,So pretty...,pretty,5,2020-10-27 01:56:01,0,0.25,Noise
4587,4587,I love it!,love,5,2020-10-27 00:24:15,0,0.5,Low Signal
4588,4588,It really helped me uwu,really helped uwu,5,2020-10-27 00:19:56,0,0.2,Efficiency
4589,4589,My best app,best app,5,2020-10-26 23:52:56,0,1.0,Low Signal
4590,4590,I can relaxxxx,relaxxxx,5,2020-10-26 23:21:38,0,0.0,Noise
4591,4591,Top to play of not watching your mobile with your family,top play watching mobile family,5,2020-10-26 22:58:39,0,0.5,Noise
4592,4592,Bomm,bomm,5,2020-10-26 22:15:27,0,0.0,Noise
4593,4593,It's really useful,really useful,5,2020-10-26 21:57:37,0,0.3,Efficiency
4594,4594,Unique & helpful 🙂 Can make the versions better...,unique helpful make versions better,5,2020-10-26 21:46:03,0,0.4375,Monetization Sentiment
4595,4595,This is a best APP,best app,5,2020-10-26 21:13:19,0,1.0,Low Signal
4596,4596,"It helps a lot to focus on ur tasks , improvises ur focus level And once start using this app u will be excited to grow more trees and make ur forest beautiful",helps lot focus ur tasks improvises ur focus level start using app u excited grow trees make ur forest beautiful,5,2020-10-26 20:20:40,0,0.6125,Monetization Sentiment
4597,4597,Tis good I used it for A levels and now Uni work,tis good used levels uni work,5,2020-10-26 19:33:37,0,0.7,User Archetypes & Workflows
4598,4598,Best,best,5,2020-10-26 19:28:11,0,1.0,Low Signal
4599,4599,Nice app,nice app,5,2020-10-26 19:07:42,0,0.6,Low Signal
4600,4600,good,good,5,2020-10-26 18:55:39,0,0.7,Low Signal
4601,4601,"Just discovered this app thanks to other students, love the ""plant together"" mode!",discovered app thanks students love plant together mode,5,2020-10-26 17:20:03,0,0.35,User Archetypes & Workflows
4602,4602,Helps me focus on my work but the downside is whenever I close my phone it takes 10 to 15 minutes and shuts down maybe this is because of my phone or something but nonetheless I enjoyed using it.,helps focus work downside whenever close phone takes minutes shuts maybe phone something nonetheless enjoyed using,5,2020-10-26 16:39:57,0,0.5,Efficiency
4603,4603,"it's great, it makes me more productive and stops me from procrastinating 😁",great makes productive stops procrastinating,5,2020-10-26 16:08:43,0,0.8,Monetization Sentiment
4604,4604,Está genial :),est genial,5,2020-10-26 13:39:48,0,0.0,Noise
4605,4605,So good for students,good students,5,2020-10-26 12:22:51,0,0.7,User Archetypes & Workflows
4606,4606,"I haven't used the app in about a year and when I opened it now, I find that I'm totally enjoying the new update. 👍 Thank you for making the app more interesting than before. I went premium right away!",havent used app year opened find im totally enjoying new update thank making app interesting went premium right away,5,2020-10-26 11:40:24,0,0.3555194805194804,Monetization Sentiment
4607,4607,Nice,nice,5,2020-10-26 11:40:02,0,0.6,Low Signal
4608,4608,Good 👍,good,5,2020-10-26 09:57:44,0,0.7,Low Signal
4609,4609,very nice,nice,5,2020-10-26 08:20:40,0,0.6,Low Signal
4610,4610,Very helpful on study,helpful study,5,2020-10-26 06:07:19,0,0.0,Efficiency
4611,4611,Show,show,5,2020-10-26 03:32:37,0,0.0,Noise
4612,4612,for the first time in my life i studied continually 4 hour having 5 min break after 25 minutes.. i dont know how to thanks the developers who had worked hard to build this apps but thank you guys.. u made something really helpful,first time life studied continually hour min break minutes dont know thanks developers worked hard build apps thank guys u made something really helpful,5,2020-10-26 02:21:10,0,0.0895833333333333,Efficiency
4613,4613,"Great app, there something peaceful above it.",great app something peaceful,5,2020-10-26 02:04:27,0,0.525,Low Signal
4614,4614,💜,,5,2020-10-26 01:21:10,0,0.0,Noise
4615,4615,"Amazing app! I really recommend instealling this app 🙂. I recently installed it a few hours ago and so far, its probrably the best app to stay focused on certain things! This app is MIND BLOWING 🤯!!!",amazing app really recommend instealling app recently installed hours ago far probrably best app stay focused certain things app mind blowing,5,2020-10-26 01:14:45,2,0.3523809523809524,Monetization Sentiment
4616,4616,Cool,cool,5,2020-10-25 23:45:11,0,0.35,Noise
4617,4617,Nice app,nice app,5,2020-10-25 23:02:00,0,0.6,Low Signal
4618,4618,Amazing,amazing,5,2020-10-25 22:48:00,0,0.6000000000000001,Low Signal
4619,4619,Helps me to focus on school and work!,helps focus school work,5,2020-10-25 22:44:54,0,0.0,Efficiency
4620,4620,Just for that coral plant... Btw good app,coral plant btw good app,5,2020-10-25 22:01:19,0,0.7,Low Signal
4621,4621,one of the super best apps for focusing on diff things ...helps in maintaining routine,one super best apps focusing diff things helps maintaining routine,5,2020-10-25 21:18:33,0,0.6666666666666666,Efficiency
4622,4622,This app so useful for me and make me more productive than before.,app useful make productive,5,2020-10-25 19:47:56,0,0.3,Monetization Sentiment
4623,4623,Lovr it,lovr,5,2020-10-25 19:34:01,0,0.0,Noise
4624,4624,So cool..,cool,5,2020-10-25 19:11:31,0,0.35,Noise
4625,4625,Nice app,nice app,5,2020-10-25 18:55:48,0,0.6,Low Signal
4626,4626,I love this app,love app,5,2020-10-25 18:48:53,0,0.5,Low Signal
4627,4627,Great application. It's a great approach on practicing productivity! 👍,great application great approach practicing productivity,5,2020-10-25 17:36:37,0,0.8,Monetization Sentiment
4628,4628,Cute and useful app,cute useful app,5,2020-10-25 17:00:28,0,0.4,Efficiency
4629,4629,This ia a awesome application.,ia awesome application,5,2020-10-25 15:27:43,0,1.0,Low Signal
4630,4630,👍it was good,good,5,2020-10-25 15:24:50,0,0.7,Low Signal
4631,4631,Actually makes me work. Super easy layout and very cute :),actually makes work super easy layout cute,5,2020-10-25 14:44:14,0,0.3166666666666666,User Archetypes & Workflows
4632,4632,Am installing noww l am very excited,installing noww l excited,5,2020-10-25 13:36:33,0,0.375,Noise
4633,4633,I really love this app 😍,really love app,5,2020-10-25 13:28:40,0,0.5,Low Signal
4634,4634,This App help me In my life,app help life,5,2020-10-25 12:58:47,0,0.0,Efficiency
4635,4635,Nice app 👌👍,nice app,5,2020-10-25 11:18:16,0,0.6,Low Signal
4636,4636,👍👍,,5,2020-10-25 11:12:38,0,0.0,Noise
4637,4637,Best app,best app,5,2020-10-25 11:05:21,0,1.0,Low Signal
4638,4638,Very good,good,5,2020-10-25 09:33:34,0,0.7,Low Signal
4639,4639,Good App👍👍👍👍,good app,5,2020-10-25 08:51:02,0,0.7,Low Signal
4640,4640,काम पर फोकस करने हेतु बढ़िया ऐप।,,5,2020-10-25 07:51:13,0,0.0,Noise
4641,4641,Its a good way to focus. Makes me stop looking at my phone.,good way focus makes stop looking phone,5,2020-10-25 06:46:40,0,0.7,Efficiency
4642,4642,Love this app. Let's me stay focused,love app lets stay focused,5,2020-10-25 06:01:27,0,0.5,Efficiency
4643,4643,^-^ es buena la app,es buena la app,5,2020-10-25 01:41:37,0,0.0,Noise
4644,4644,Nice,nice,5,2020-10-25 00:49:34,0,0.6,Low Signal
4645,4645,This app is helpful for me. I recommend it.,app helpful recommend,5,2020-10-25 00:07:46,0,0.0,Efficiency
4646,4646,"Ever since downloading this app, I've been able to get a lot more done around my house. It helps me to focus with the excitement of having a tree planted in my garden! I do wish more things were free on this app, but I understand why they aren't as well.",ever since downloading app ive able get lot done around house helps focus excitement tree planted garden wish things free app understand arent well,5,2020-10-24 23:51:20,0,0.45,Monetization Sentiment
4647,4647,It so cute and good for have to drink a water,cute good drink water,5,2020-10-24 23:06:46,0,0.6,Low Signal
4648,4648,Wow,wow,5,2020-10-24 21:44:21,0,0.1,Noise
4649,4649,very helpful,helpful,5,2020-10-24 21:21:57,0,0.0,Efficiency
4650,4650,You are the best. I learn programming so effectively with Forest. Thank you developers 🔥,best learn programming effectively forest thank developers,5,2020-10-24 20:51:05,0,0.8,Monetization Sentiment
4651,4651,I really like this app🌿 It's the cutest thing I've ever seen and it helps me a lot 🌱,really like app cutest thing ive ever seen helps lot,5,2020-10-24 19:55:29,0,0.2,Efficiency
4652,4652,prefect,prefect,5,2020-10-24 18:05:13,0,0.0,Noise
4653,4653,Helped a lot with my phone addiction but I wish they hadn't moved the doggo tree to the pro version. Is there any way I can have that tree without switching to the pro version,helped lot phone addiction wish hadnt moved doggo tree pro version way tree without switching pro version,5,2020-10-24 15:00:08,0,0.0,Monetization Sentiment
4654,4654,Is a cute and useful app if u wanna study focus try it,cute useful app u wanna study focus try,5,2020-10-24 14:04:07,0,0.4,Efficiency
4655,4655,Super app,super app,5,2020-10-24 12:37:35,0,0.3333333333333333,Noise
4656,4656,Very helpful for me. Thanks!,helpful thanks,5,2020-10-24 11:49:30,0,0.2,Efficiency
4657,4657,Fun,fun,5,2020-10-24 10:39:43,0,0.3,Efficiency
4658,4658,"So far still good, really helps me to stay focused",far still good really helps stay focused,5,2020-10-24 09:30:01,0,0.3333333333333333,Efficiency
4659,4659,Why not this app is not downloading in my tablet. 😭😭,app downloading tablet,5,2020-10-24 09:21:25,0,0.0,Noise
4660,4660,I love it this app,love app,5,2020-10-24 07:54:35,0,0.5,Low Signal
4661,4661,Keeps you focused and motivated 👌👌👌👌👌👌👌👌,keeps focused motivated,5,2020-10-24 07:37:30,0,0.0,Efficiency
4662,4662,Cool🙂,cool,5,2020-10-24 05:39:55,0,0.35,Noise
4663,4663,Really helpful for studying.,really helpful studying,5,2020-10-24 05:14:54,0,0.2,Efficiency
4664,4664,Interested in first view 😍,interested first view,5,2020-10-24 04:16:17,0,0.25,Noise
4665,4665,This is the best app for me!,best app,5,2020-10-24 03:51:10,0,1.0,Low Signal
4666,4666,It's nice to have an app that keeps me off my phone. Ironically. Anyways it's cool 10/10,nice app keeps phone ironically anyways cool,5,2020-10-24 03:39:29,0,0.475,Low Signal
4667,4667,❤️❤️,,5,2020-10-24 03:02:55,0,0.0,Noise
4668,4668,Well appp,well appp,5,2020-10-23 20:20:18,0,0.0,Noise
4669,4669,It's good,good,5,2020-10-23 20:20:01,0,0.7,Low Signal
4670,4670,Awesome 😌,awesome,5,2020-10-23 19:44:17,0,1.0,Low Signal
4671,4671,"It's a great app for focusing on whatever you do. When I open my phone, reading that little message immediately cause me to go back to my work. It really helps me to study for my exams, I'm used to using the app so much that whenever I set time I automatically get in the mood for studying and I start working efficiently.",great app focusing whatever open phone reading little message immediately cause go back work really helps study exams im used using app much whenever set time automatically get mood studying start working efficiently,5,2020-10-23 18:38:19,0,0.1687499999999999,Efficiency
4672,4672,good,good,5,2020-10-23 17:55:49,0,0.7,Low Signal
4673,4673,Good app for study👍,good app study,5,2020-10-23 17:50:20,0,0.7,User Archetypes & Workflows
4674,4674,Great app,great app,5,2020-10-23 17:31:10,0,0.8,Low Signal
4675,4675,Cute!,cute,5,2020-10-23 16:22:23,0,0.5,Noise
4676,4676,Good fucus att study download it now,good fucus att study download,5,2020-10-23 16:02:38,0,0.7,User Archetypes & Workflows
4677,4677,"This is really a good app, it really reduced my bad habit of using phone and checking phone continously, I suggest everyone to download this app...",really good app really reduced bad habit using phone checking phone continously suggest everyone download app,5,2020-10-23 15:28:43,0,0.0666666666666667,Retention Drivers
4678,4678,This is an amazing app and love it 😍,amazing app love,5,2020-10-23 14:58:00,0,0.55,Low Signal
4679,4679,Very nice app to concentrate on our tasks,nice app concentrate tasks,5,2020-10-23 14:33:57,0,0.6,Monetization Sentiment
4680,4680,Great 👌,great,5,2020-10-23 13:53:57,0,0.8,Low Signal
4681,4681,Really love this app! So helpful and fun!,really love app helpful fun,5,2020-10-23 13:42:21,0,0.4,Efficiency
4682,4682,Good app,good app,5,2020-10-23 12:21:14,0,0.7,Low Signal
4683,4683,a very convenient app! helped me improve my studying habits. i'd recommend this app to all of those who are taking online classes.,convenient app helped improve studying habits id recommend app taking online classes,5,2020-10-23 09:56:04,0,0.0,Monetization Sentiment
4684,4684,A best app for students who cannot focus on there study /work,best app students cannot focus study work,5,2020-10-23 09:00:49,0,1.0,Efficiency
4685,4685,Superb app for students,superb app students,5,2020-10-23 08:46:51,0,1.0,User Archetypes & Workflows
4686,4686,yes this is the app for manage your time especially for studying. i already used this app since I was in high school.,yes app manage time especially studying already used app since high school,5,2020-10-23 07:56:49,0,0.08,Monetization Sentiment
4687,4687,That's amazing,thats amazing,5,2020-10-23 03:09:40,0,0.6000000000000001,Low Signal
4688,4688,It's good.,good,5,2020-10-23 01:54:20,0,0.7,Low Signal
4689,4689,Super cute! And I h8 to kill my trees so I stay off my phone,super cute h kill trees stay phone,5,2020-10-23 01:31:16,0,0.4166666666666666,Noise
4690,4690,"The app is amazing ! Really useful and keep you focus at your work. It would be more amazing if after planting a real tree, you would obtain a picture and the location of your tree! Take it into consideration plsss",app amazing really useful keep focus work would amazing planting real tree would obtain picture location tree take consideration plsss,5,2020-10-23 00:08:06,0,0.425,Efficiency
4691,4691,Good for nature,good nature,5,2020-10-22 23:54:38,0,0.7,Low Signal
4692,4692,Bets app👌👌👌,bets app,5,2020-10-22 22:57:52,0,0.0,Noise
4693,4693,Vidhya Hodkashiya Very nice time saving,vidhya hodkashiya nice time saving,5,2020-10-22 20:42:43,0,0.6,Low Signal
4694,4694,Love this app. It's definitely a game changer and is great for reducing distractions from your phone and helping you stay focused. Would highly recommend this app and the other Seekrtech apps as well.,love app definitely game changer great reducing distractions phone helping stay focused would highly recommend app seekrtech apps well,5,2020-10-22 19:19:27,0,0.265,Efficiency
4695,4695,"Very nice app, it takes a little amount of commitment only and the time flows easily and productively",nice app takes little amount commitment time flows easily productively,5,2020-10-22 19:12:32,0,0.2819444444444444,Monetization Sentiment
4696,4696,Great App. Enabled me to monitor my progress,great app enabled monitor progress,5,2020-10-22 19:08:27,0,0.8,Monetization Sentiment
4697,4697,Very good,good,5,2020-10-22 18:44:19,0,0.7,Low Signal
4698,4698,Got my mind fixed,got mind fixed,5,2020-10-22 18:09:19,0,0.1,Service Value & Trust
4699,4699,Its so amazing i keep focusing on my assignments beacause of that i totally recommend it,amazing keep focusing assignments beacause totally recommend,5,2020-10-22 16:19:25,0,0.3,Efficiency
4700,4700,I love this app!,love app,5,2020-10-22 16:18:44,0,0.5,Low Signal
4701,4701,Good app,good app,5,2020-10-22 14:37:44,0,0.7,Low Signal
4702,4702,Nice concentration app,nice concentration app,5,2020-10-22 12:58:39,0,0.6,Low Signal
4703,4703,Nice,nice,5,2020-10-22 12:16:14,0,0.6,Low Signal
4704,4704,Best,best,5,2020-10-22 11:33:41,0,1.0,Low Signal
4705,4705,IT IS AMAZING...ONE MUST TRY IT !!!❤☺👍,amazingone must try,5,2020-10-22 11:33:01,0,0.0,Low Signal
4706,4706,Perfect app for self studying student.,perfect app self studying student,5,2020-10-22 11:11:46,0,1.0,User Archetypes & Workflows
4707,4707,It is awesome and really useful for studying.,awesome really useful studying,5,2020-10-22 08:24:07,0,0.65,Efficiency
4708,4708,"Amazing,just amazing",amazingjust amazing,5,2020-10-22 08:05:09,0,0.6000000000000001,Low Signal
4709,4709,Nice app as per some features are in pro but although app is great😍,nice app per features pro although app great,5,2020-10-22 08:04:41,0,0.7,Monetization Sentiment
4710,4710,So good,good,5,2020-10-22 07:51:02,0,0.7,Low Signal
4711,4711,This is really working for me... I NEVER THOUGHT I was going to be able to focus this well,really working never thought going able focus well,5,2020-10-22 05:51:40,0,0.35,Efficiency
4712,4712,This app helps me a lot ❤️🤧😊,app helps lot,5,2020-10-22 05:48:45,0,0.0,Efficiency
4713,4713,"This app does exactly what it says! It has beautiful plants such as star coral and flowered bushes. The sounds are very relaxing and I like that you can set the time and reason you want to focus. Overall, very good app.",app exactly says beautiful plants star coral flowered bushes sounds relaxing like set time reason want focus overall good app,5,2020-10-22 05:12:57,0,0.45,Efficiency
4714,4714,"I really like the app, and it's very very helpful for me. Especially the plant together feature. It's the only app I have purchased the premium version so far. The only thing I would like to have and I don't is to be able to change the forest's floor, sometimes the green doesn't match the theme of my forest, but that's really me being nitpicky. Great app!",really like app helpful especially plant together feature app purchased premium version far thing would like dont able change forests floor sometimes green doesnt match theme forest thats really nitpicky great app,5,2020-10-22 05:01:47,63,0.2285714285714286,Monetization Sentiment
4715,4715,"This app is great for staying away from your phone when studying, sleeping, or simply relaxing. It is great for practicing mindfulness.",app great staying away phone studying sleeping simply relaxing great practicing mindfulness,5,2020-10-22 03:00:35,0,0.5333333333333333,User Archetypes & Workflows
4716,4716,This helps me get so much done! I would definately recommend getting this app!,helps get much done would definately recommend getting app,5,2020-10-22 01:54:53,0,0.2,Efficiency
4717,4717,"I enjoy using this app, however the only concern I have is when I grow trees with friends, I am unable to see the duration of time. It would be lovely to be able to see it. Also a suggestion, perhaps add a new feature where we can customise our own tree and have it named. That would be so cute haha.",enjoy using app however concern grow trees friends unable see duration time would lovely able see also suggestion perhaps add new feature customise tree named would cute haha,5,2020-10-22 01:43:52,0,0.248051948051948,Monetization Sentiment
4718,4718,Great app!,great app,5,2020-10-22 00:44:53,0,0.8,Low Signal
4719,4719,I love this app the trees are absolutely lovely and the restrictive mode really helps me even with the free version it's so effecient i should use it more often,love app trees absolutely lovely restrictive mode really helps even free version effecient use often,5,2020-10-22 00:25:36,0,0.4,Monetization Sentiment
4720,4720,I love it... It helps a lot in my studies 💜💜💜I purple u creators,love helps lot studies purple u creators,5,2020-10-21 23:22:38,0,0.5,Efficiency
4721,4721,Its so nice and I love the sounds. It helps me not mess around on my phone in my homeschool. I'm excited to start planting some real trees!,nice love sounds helps mess around phone homeschool im excited start planting real trees,5,2020-10-21 23:21:55,0,0.3,Efficiency
4722,4722,This app has helped me a lot because I am a unfocuse person and focus person and help me get better grades.,app helped lot unfocuse person focus person help get better grades,5,2020-10-21 23:07:39,0,0.5,Efficiency
4723,4723,Nice,nice,5,2020-10-21 21:47:53,0,0.6,Low Signal
4724,4724,Cool,cool,5,2020-10-21 21:11:49,0,0.35,Noise
4725,4725,So good 😊😍,good,5,2020-10-21 20:37:12,0,0.7,Low Signal
4726,4726,"This app is amazing ! My friend, Just download It ! It will help you, I'm telling you. This application helps me to Focus my study for my University admission Exam ! Gracious ❤️",app amazing friend download help im telling application helps focus study university admission exam gracious,5,2020-10-21 19:44:56,0,0.6000000000000001,Efficiency
4727,4727,Lovely app,lovely app,5,2020-10-21 18:07:38,0,0.5,Low Signal
4728,4728,Cute and motivational.,cute motivational,5,2020-10-21 18:00:14,0,0.5,Noise
4729,4729,Very good,good,5,2020-10-21 17:51:46,0,0.7,Low Signal
4730,4730,It's good you should definitely download this app,good definitely download app,5,2020-10-21 16:25:31,0,0.35,Feature Requests & Friction
4731,4731,اجمل تطبيق رأيته بحياتي,,5,2020-10-21 16:20:17,0,0.0,Noise
4732,4732,Very useful to focus in a fun way!,useful focus fun way,5,2020-10-21 16:05:04,0,0.3,Efficiency
4733,4733,So effective!,effective,5,2020-10-21 15:56:40,0,0.6,Noise
4734,4734,Good,good,5,2020-10-21 15:15:48,0,0.7,Low Signal
4735,4735,Great,great,5,2020-10-21 15:00:30,0,0.8,Low Signal
4736,4736,Nice,nice,5,2020-10-21 13:43:40,0,0.6,Low Signal
4737,4737,Good,good,5,2020-10-21 13:04:33,0,0.7,Low Signal
4738,4738,Ui,ui,5,2020-10-21 12:45:58,0,0.0,Product Usability & Aesthetics
4739,4739,So helpful and sweet,helpful sweet,5,2020-10-21 12:11:51,0,0.35,Efficiency
4740,4740,Just wonderdul app....I just love it...,wonderdul appi love,5,2020-10-21 11:49:17,0,0.5,Low Signal
4741,4741,"Love it, recommend by friends. Help me to focus on my work",love recommend friends help focus work,5,2020-10-21 09:54:06,0,0.5,Efficiency
4742,4742,It is an amazing app .😊😊,amazing app,5,2020-10-21 09:44:59,0,0.6000000000000001,Low Signal
4743,4743,Very nice app,nice app,5,2020-10-21 09:28:57,0,0.6,Low Signal
4744,4744,Awesome.,awesome,5,2020-10-21 09:09:55,0,1.0,Low Signal
4745,4745,nice,nice,5,2020-10-21 08:48:08,0,0.6,Low Signal
4746,4746,#LEARNPINAOWITHRAGHAV PLEASE SUBSCRIBE ON YouTube Learn Piano With Raghav,learnpinaowithraghav please subscribe youtube learn piano raghav,5,2020-10-21 07:46:25,0,0.0,Monetization Sentiment
4747,4747,Me ha ayudado a concentrarme y me motiva el hecho de ganar moneditas,ha ayudado concentrarme motiva el hecho de ganar moneditas,5,2020-10-21 05:54:48,0,0.0,Noise
4748,4748,Simply this app is awesome So this app helps me motivate and let the tree grow until your task is done. Keep the good work up team.,simply app awesome app helps motivate let tree grow task done keep good work team,5,2020-10-21 05:28:40,0,0.5666666666666667,Efficiency
4749,4749,i love this app,love app,5,2020-10-20 23:54:06,0,0.5,Low Signal
5500,5500,I'm using the app for about a week. So far so wonderful :),im using app week far wonderful,5,2020-10-27 06:10:59,0,0.55,Retention Drivers
5501,5501,It is perfect.,perfect,5,2020-10-25 23:41:19,0,1.0,Noise
5502,5502,Simple and amazing app.,simple amazing app,5,2020-10-25 12:23:56,0,0.3,Product Usability & Aesthetics
5503,5503,Very good 😃,good,5,2020-10-24 22:56:48,0,0.7,Low Signal
5504,5504,"Really good app, it actually helps me stay focused and on track with all the positive habits i have created for myself.",really good app actually helps stay focused track positive habits created,5,2020-10-24 22:09:22,0,0.3090909090909091,Retention Drivers
5505,5505,Wonder full app,wonder full app,5,2020-10-24 07:23:55,0,0.35,Noise
5506,5506,"I love how simple this is! It's helped me focus on those important things that I want to accomplish. I just wish there was space for more than 5 free habits!!! This means, if you decide to track something else in that space, then you'll lose the data, unless of course you write it down before changing it. This is why it loses a star, in my opinion. It's the best FREE habit tracker I've found! A lot of other apps have free trials, which I don't even bother with.",love simple helped focus important things want accomplish wish space free habits means decide track something else space youll lose data unless course write changing loses star opinion best free habit tracker ive found lot apps free trials dont even bother,5,2020-10-22 07:42:05,125,0.35,Market Displacement
5507,5507,"At first seemed like a habit on w habit, but now it is a part of my habits. I find it indispensable today.",first seemed like habit w habit part habits find indispensable today,5,2020-10-22 06:18:57,0,0.325,Retention Drivers
5508,5508,Yes its nice,yes nice,5,2020-10-22 02:24:06,0,0.6,Low Signal
5509,5509,Great app!,great app,5,2020-10-20 01:07:09,0,0.8,Low Signal
5510,5510,Sweet and Simple,sweet simple,5,2020-10-19 20:19:00,0,0.175,Product Usability & Aesthetics
5511,5511,"Simple and useful. You're allowed to track 5 habits for free. Upgrade for up to 100 habits. Best feature is that you can track a habit in terms of counts i.e. 3 times a week (any day), instead of every Monday, Wednesday and Friday. Quite a rare feature for most habit trackers.",simple useful youre allowed track habits free upgrade habits best feature track habit terms counts ie times week day instead every monday wednesday friday quite rare feature habit trackers,5,2020-10-19 19:16:42,9,0.4,Monetization Sentiment
5512,5512,It's easy to use and there is suggestion on how to use it efficiently,easy use suggestion use efficiently,5,2020-10-19 11:50:38,0,0.4333333333333333,Feature Requests & Friction
5513,5513,Very good,good,5,2020-10-18 16:38:55,0,0.7,Low Signal
5514,5514,"Good application, To keep a watch on habit and becomming sucessful. In my opnion if you are sucessful for 90 days habit is created. I am usuing again to review and creat habit.",good application keep watch habit becomming sucessful opnion sucessful days habit created usuing review creat habit,5,2020-10-18 16:18:11,0,0.7,Retention Drivers
5515,5515,Great and useful App!!,great useful app,5,2020-10-17 16:55:57,0,0.55,Efficiency
5516,5516,It's amazing. Very useful. I m happy to use it,amazing useful happy use,5,2020-10-17 00:51:35,0,0.5666666666666668,Efficiency
5517,5517,Simple & easy & exactly what I was looking for.,simple easy exactly looking,5,2020-10-16 11:25:02,0,0.2277777777777777,Product Usability & Aesthetics
5518,5518,Easy to use and exactly what I was looking for in a goal tracker.,easy use exactly looking goal tracker,5,2020-10-16 01:00:18,0,0.3416666666666667,Efficiency
5519,5519,It's soooo good. ^-^♡,soooo good,5,2020-10-15 23:40:29,0,0.7,Low Signal
5520,5520,"I tried to get back into meditating, and exercise/drinking enough water, etc. but I couldn't fully commit to it all until I downloaded this app again. I'm a perfectionist so I like to keep my habits completion at 100% 😉",tried get back meditating exercisedrinking enough water etc couldnt fully commit downloaded app im perfectionist like keep habits completion,5,2020-10-13 23:32:41,1,0.0,Retention Drivers
5521,5521,Awesome app. Been using it to track my sobriety. Its been 3.8 years now. Best thing 5 habits tracking for free. Plus community support of like minded ppl. Great design and quotes and notifications. This and habithub are my favourites. Cheers.,awesome app using track sobriety years best thing habits tracking free plus community support like minded ppl great design quotes notifications habithub favourites cheers,5,2020-10-13 22:49:04,1,0.8,Retention Drivers
5522,5522,Very good,good,5,2020-10-12 21:15:46,0,0.7,Low Signal
5523,5523,মোর বড় বেশি ভালো লেগেছে,,5,2020-10-12 21:06:31,0,0.0,Noise
5524,5524,I use it to track just a few things. Works nicely.,use track things works nicely,5,2020-10-12 19:44:53,1,0.6,Efficiency
5525,5525,Nice app,nice app,5,2020-10-12 14:15:40,0,0.6,Low Signal
5526,5526,"Life Changing!!! I've been using this app for 2 years and it has changed my lifestyle. I actually bought the premium and I didn't regret it at all. I love that it is intuitive, the streak motivates you to keep doing. I love that there are more rewards that comes with the streak. For example, if you reach 30-day marked, you should receive a badge or trophy just to keep us motivated.",life changing ive using app years changed lifestyle actually bought premium didnt regret love intuitive streak motivates keep love rewards comes streak example reach day marked receive badge trophy keep us motivated,5,2020-10-12 02:53:14,27,0.275,Monetization Sentiment
5527,5527,It's good to help u maintain consistency,good help u maintain consistency,5,2020-10-11 22:11:16,1,0.7,Efficiency
5528,5528,Cool,cool,5,2020-10-11 11:25:19,0,0.35,Noise
5529,5529,Great,great,5,2020-10-11 10:23:55,0,0.8,Low Signal
5530,5530,Life changing,life changing,5,2020-10-10 20:46:03,0,0.0,Efficiency
5531,5531,"Hi, Push notifications and reminders are not working. Plz help. My phone is one plus 6T",hi push notifications reminders working plz help phone one plus,5,2020-10-10 08:25:26,1,0.0,Efficiency
5532,5532,"It's good for calendaring your goals and accomplishments as well as seeing others, great app 🙏",good calendaring goals accomplishments well seeing others great app,5,2020-10-10 03:14:16,1,0.75,Market Displacement
5533,5533,Very good,good,5,2020-10-09 21:57:51,0,0.7,Low Signal
5534,5534,I've had struggles with discipline and perseverance after lockdown. App helps.,ive struggles discipline perseverance lockdown app helps,5,2020-10-09 18:26:37,3,0.0,Efficiency
5535,5535,Great app guys,great app guys,5,2020-10-08 18:14:56,0,0.8,Low Signal
5536,5536,Perfect app for trying to create good habits,perfect app trying create good habits,5,2020-10-08 10:54:53,1,0.85,Retention Drivers
5537,5537,I like it... I can keep track of my actions,like keep track actions,5,2020-10-06 16:39:26,0,0.0,Retention Drivers
5538,5538,"Fantastic software, an edge over others",fantastic software edge others,5,2020-10-06 10:36:18,2,0.4,Market Displacement
5539,5539,Really good and simple to use and actually is helping me take my vitamins consistently,really good simple use actually helping take vitamins consistently,5,2020-10-06 08:20:43,6,0.2375,Retention Drivers
5540,5540,It was great,great,5,2020-10-05 12:53:10,0,0.8,Low Signal
5541,5541,Simply good,simply good,5,2020-10-03 17:11:53,0,0.7,Low Signal
5542,5542,It motivates you to work,motivates work,5,2020-10-02 15:01:53,0,0.0,Efficiency
5543,5543,"The best! I tried 10 habit trackers. Wish it had Edge screen implemented like Habitsooz tracker (it's an app but also has Edge Screen so you can view all habits & check/uncheck them off quickly rather than having to leave current screen, find the app, open it & search for habits. It's there on my screen at all times, just gotta swipe the edge screen handle to see). Edge Screen is on Samsung phones, I'm sure all devs kno it. I can send u screenshots what Habitsooz edge screen looks like jst ask",best tried habit trackers wish edge screen implemented like habitsooz tracker app also edge screen view habits checkuncheck quickly rather leave current screen find app open search habits screen times gotta swipe edge screen handle see edge screen samsung phones im sure devs kno send u screenshots habitsooz edge screen looks like jst ask,5,2020-10-02 13:25:41,8,0.3666666666666666,Retention Drivers
5544,5544,Great !!!,great,5,2020-10-02 07:34:58,0,0.8,Low Signal
5545,5545,Excellent,excellent,5,2020-10-02 00:20:51,0,1.0,Low Signal
5546,5546,Perfect,perfect,5,2020-10-01 21:37:55,0,1.0,Noise
5547,5547,Pretty good app to track your habits,pretty good app track habits,5,2020-09-30 18:37:31,0,0.475,Retention Drivers
5548,5548,I Keep coming back cuz it's got best balance of simple and versatile,keep coming back cuz got best balance simple versatile,5,2020-09-30 08:21:06,0,0.3333333333333333,Product Usability & Aesthetics
5549,5549,Very useful and helpful app. Straighforward and easy to navigate.,useful helpful app straighforward easy navigate,5,2020-09-30 07:41:43,0,0.3666666666666667,Efficiency
5550,5550,I'm using the free version. Lets you have up to 5 habits. I like how customizable you can make the habit and what warrants success.,im using free version lets habits like customizable make habit warrants success,5,2020-09-29 21:08:45,1,0.35,Monetization Sentiment
5551,5551,"Love this app! I track my exercise, which I can track 5 days out of 7 and I also track whether I made good food choices",love app track exercise track days also track whether made good food choices,5,2020-09-29 05:41:09,0,0.6,Retention Drivers
5552,5552,Simple & effective. I've used this a lot over the past few years & found it extremely helpful. Strongly recommend.,simple effective ive used lot past years found extremely helpful strongly recommend,5,2020-09-28 19:51:23,0,0.1316666666666666,Monetization Sentiment
5553,5553,It pushes me from my comfort zone to do something important,pushes comfort zone something important,5,2020-09-28 01:30:15,0,0.4,Noise
5554,5554,"User friendly interface. Been using this for quite some time and so far, I like it as a free version. Easy to use and does its job. Like others, I don't really use the chat but I don't mind it at all.",user friendly interface using quite time far like free version easy use job like others dont really use chat dont mind,5,2020-09-26 17:12:26,1,0.3016666666666666,Market Displacement
5555,5555,Very good.,good,5,2020-09-26 17:09:03,0,0.7,Low Signal
5556,5556,"The UI, data, and systems are all great. I only wish there were a one time lifetime subscription.",ui data systems great wish one time lifetime subscription,5,2020-09-26 11:19:58,2,0.8,Monetization Sentiment
5557,5557,Gets the job done,gets job done,5,2020-09-26 03:23:52,0,0.0,Noise
5558,5558,Easy to use and has notification reminders,easy use notification reminders,5,2020-09-25 00:21:43,0,0.4333333333333333,Efficiency
5559,5559,We appreciate your efforts to make this app soo complete and helpful. Thank you.,appreciate efforts make app soo complete helpful thank,5,2020-09-24 18:49:30,0,0.1,Efficiency
5560,5560,Awesome app.,awesome app,5,2020-09-24 08:14:07,0,1.0,Low Signal
5561,5561,"Great app! Easy to use, free version was perfect for my goals but could totally see buying it in the future!",great app easy use free version perfect goals could totally see buying future,5,2020-09-23 21:31:37,0,0.4388888888888889,Monetization Sentiment
5562,5562,"Great basic app. Had an annoying reminder that the tracker was running, which made me wary of the permissions used, but seems like that was fixed.",great basic app annoying reminder tracker running made wary permissions used seems like fixed,5,2020-09-23 19:27:23,3,-0.08,Efficiency
5563,5563,Great habit tracker,great habit tracker,5,2020-09-23 05:27:37,0,0.8,Retention Drivers
5564,5564,"Great app, keep up guys.",great app keep guys,5,2020-09-22 22:25:30,0,0.8,Low Signal
5565,5565,"Great app, very functional!",great app functional,5,2020-09-22 22:13:03,0,0.8,Efficiency
5566,5566,Nice,nice,5,2020-09-22 07:20:52,0,0.6,Low Signal
5567,5567,Simple and easy...👍🏻,simple easy,5,2020-09-21 16:19:41,0,0.2166666666666666,Product Usability & Aesthetics
5568,5568,Easy to use and effective,easy use effective,5,2020-09-21 11:28:38,0,0.5166666666666666,Product Usability & Aesthetics
5569,5569,Amazing app. It helped me to built winning habits. Changing life ❤ Thank you!,amazing app helped built winning habits changing life thank,5,2020-09-21 10:24:02,0,0.55,Retention Drivers
5570,5570,Keeps track for ur life,keeps track ur life,5,2020-09-21 09:14:44,0,0.0,Efficiency
5571,5571,Best app to track your lifestyle and build powerful habits.,best app track lifestyle build powerful habits,5,2020-09-21 08:43:14,0,0.65,Retention Drivers
5572,5572,Love this app!,love app,5,2020-09-21 07:25:27,0,0.5,Low Signal
5573,5573,Perfect helper,perfect helper,5,2020-09-19 23:28:21,0,1.0,Efficiency
5574,5574,A good one,good one,5,2020-09-19 17:24:40,0,0.7,Low Signal
5575,5575,Great app but why is the name and logo on Play Store different from the one on your phone?,great app name logo play store different one phone,5,2020-09-19 13:42:13,0,0.4,Low Signal
5576,5576,"So far so good,I like the different habit option stand out",far goodi like different habit option stand,5,2020-09-19 05:35:35,0,0.05,Retention Drivers
5577,5577,Absolutely love this app! Keeps me accountable and on track 😁,absolutely love app keeps accountable track,5,2020-09-18 18:32:56,0,0.5,Efficiency
5578,5578,Nice,nice,5,2020-09-18 09:53:04,0,0.6,Low Signal
5579,5579,Funny sayings that get me motivated,funny sayings get motivated,5,2020-09-18 04:30:37,0,0.25,Efficiency
5580,5580,Awesome Great app⭐,awesome great app,5,2020-09-18 02:42:29,0,0.9,Low Signal
5581,5581,Easy to use.,easy use,5,2020-09-17 21:50:42,0,0.4333333333333333,Product Usability & Aesthetics
5582,5582,Great app! Works exactly like it says it would.,great app works exactly like says would,5,2020-09-16 22:16:12,0,0.525,Feature Requests & Friction
5583,5583,"I like it, use every day",like use every day,5,2020-09-16 13:51:42,0,0.0,Retention Drivers
5584,5584,Helps a data nerd who likes to track progress 😁,helps data nerd likes track progress,5,2020-09-15 11:44:32,0,0.0,Monetization Sentiment
5585,5585,Enjoying the app. Keeping me accountable. Doing well because I want a good report card lol.,enjoying app keeping accountable well want good report card lol,5,2020-09-15 10:26:07,0,0.6666666666666666,Efficiency
5586,5586,"This app is simply a wonder! If it were up to me, i'd make it a 'must have' for every phone user.",app simply wonder id make must every phone user,5,2020-09-15 04:56:20,0,0.0,Noise
5587,5587,"This has been great to remind and motivate me, both with breaking habits and making new ones.",great remind motivate breaking habits making new ones,5,2020-09-15 00:48:47,0,0.4681818181818182,Monetization Sentiment
5588,5588,"Phenomenal experience with the app, so easy to visualize your streak. Best of all, you can do it w/o login into it, so if you are paranoid for security, this is the app for you. With minimal permission on your phone, you can track the new habits you want to install in a very simple fun way.",phenomenal experience app easy visualize streak best wo login paranoid security app minimal permission phone track new habits want install simple fun way,5,2020-09-14 11:32:01,13,0.3242424242424242,Monetization Sentiment
5589,5589,Love this app and use it everyday. Very simple and straight forward.,love app use everyday simple straight forward,5,2020-09-13 11:39:36,0,0.125,Retention Drivers
5590,5590,Easy to use. Simple. What I was hoping for.,easy use simple hoping,5,2020-09-13 05:56:21,0,0.2166666666666666,Product Usability & Aesthetics
5591,5591,"Best habit app I have tried. Clear layout, and I like the option to list habits you would like to focus on in the future.",best habit app tried clear layout like option list habits would like focus future,5,2020-09-13 02:16:57,0,0.3666666666666667,Retention Drivers
5592,5592,The best I have ever used. The pop up reminders prevent me from skipping a day,best ever used pop reminders prevent skipping day,5,2020-09-12 14:27:02,0,1.0,Retention Drivers
5593,5593,"Simple, clean, what I needed",simple clean needed,5,2020-09-12 05:15:12,0,0.1833333333333333,Product Usability & Aesthetics
5594,5594,So easy to use.,easy use,5,2020-09-12 04:17:23,0,0.4333333333333333,Product Usability & Aesthetics
5595,5595,An awesome app,awesome app,5,2020-09-11 21:48:10,0,1.0,Low Signal
5596,5596,Easy to use,easy use,5,2020-09-11 04:08:39,0,0.4333333333333333,Product Usability & Aesthetics
5597,5597,It's pretty simple and there are discussion boards where other people share their experience on similar experiences.,pretty simple discussion boards people share experience similar experiences,5,2020-09-11 01:38:42,0,0.0833333333333333,Product Usability & Aesthetics
5598,5598,Wonderful app. It helps a lot on trekking my progress and motivates me not to give up,wonderful app helps lot trekking progress motivates give,5,2020-09-10 14:09:47,0,1.0,Monetization Sentiment
5599,5599,Good simple app. Does what it says and doesn't ask anything in return,good simple app says doesnt ask anything return,5,2020-09-10 09:59:07,0,0.35,Product Usability & Aesthetics
5600,5600,This has been a great experiment...i really like this app. I feel motivated to see the check marks and have feelings of confidence!,great experimenti really like app feel motivated see check marks feelings confidence,5,2020-09-10 09:08:39,0,0.5,Efficiency
5601,5601,"Really nice tracking app. I really like the number per day function as it also keeps track of the total for the week, month, and overall.",really nice tracking app really like number per day function also keeps track total week month overall,5,2020-09-09 09:13:19,1,0.2,Retention Drivers
5602,5602,I like this app. Would be good if you can implement option that allows miscellaneous days to count towards an activity. E.g perform a task 3 times a week (any non-specific day).,like app would good implement option allows miscellaneous days count towards activity eg perform task times week nonspecific day,5,2020-09-08 19:10:59,1,0.7,Monetization Sentiment
5603,5603,Simple yet useful... what a great app,simple yet useful great app,5,2020-09-08 02:45:53,0,0.3666666666666667,Efficiency
5604,5604,Kisses for the developer,kisses developer,5,2020-09-08 02:18:15,0,0.0,Noise
5605,5605,Good basic no- frills app,good basic frills app,5,2020-09-06 14:13:30,0,0.35,Low Signal
5606,5606,Super helpful and easy to use!,super helpful easy use,5,2020-09-05 22:07:29,0,0.3833333333333333,Efficiency
5607,5607,I have some things that I struggle with. This app has helped me to look at patterns and shows me physically what is happening in my life. It's very easy to use and you can track multiple things at once. I recommend giving it a try. .,things struggle app helped look patterns shows physically happening life easy use track multiple things recommend giving try,5,2020-09-05 17:50:45,2,0.1444444444444444,Efficiency
5608,5608,"Great for tracking and encouraging habits, good clean layout that lets you see at a glance the info you need.",great tracking encouraging habits good clean layout lets see glance info need,5,2020-09-05 00:51:35,1,0.6222222222222222,Retention Drivers
5609,5609,So motivating! Wonderful app,motivating wonderful app,5,2020-09-04 13:22:55,0,1.0,Noise
5610,5610,Very good,good,5,2020-09-03 18:46:49,0,0.7,Low Signal
5611,5611,I love this is apps.,love apps,5,2020-09-03 14:52:10,0,0.5,Low Signal
5612,5612,Great app to track all your different kinds of habits and activities.,great app track different kinds habits activities,5,2020-09-03 07:39:49,0,0.4,Retention Drivers
5613,5613,User friendly and highly customizable,user friendly highly customizable,5,2020-09-03 05:34:31,0,0.2675,Monetization Sentiment
5614,5614,Loving this app. It keeps me organized and I make myself accountable. Having the widget is definitely a constant reminder.,loving app keeps organized make accountable widget definitely constant reminder,5,2020-09-02 20:37:19,0,0.3,Efficiency
5615,5615,Good:),good,5,2020-09-02 09:16:06,0,0.7,Low Signal
5616,5616,I got the desired results with this app. Excellent app to create or change our habit.,got desired results app excellent app create change habit,5,2020-09-02 06:19:29,0,1.0,Retention Drivers
5617,5617,Good tool to track improvements,good tool track improvements,5,2020-09-01 20:51:38,0,0.7,Monetization Sentiment
5618,5618,Not overly complicated and fussy! Great app,overly complicated fussy great app,5,2020-09-01 15:38:26,0,0.15,Low Signal
5619,5619,Too Good,good,5,2020-08-31 18:11:40,0,0.7,Low Signal
5620,5620,Grt app. Helps to focus on habits you need to cultivate so no need of time management.,grt app helps focus habits need cultivate need time management,5,2020-08-31 13:19:17,0,0.0,Retention Drivers
5621,5621,"Simple, easy to use, really helped set habits!",simple easy use really helped set habits,5,2020-08-31 03:23:02,0,0.2111111111111111,Retention Drivers
5622,5622,Very helpful app and easy to use!!!,helpful app easy use,5,2020-08-30 03:16:49,0,0.4333333333333333,Efficiency
5623,5623,"Awesome app, really helping me gain consistency with my goals and objectives!",awesome app really helping gain consistency goals objectives,5,2020-08-29 18:20:43,0,0.6,Efficiency
5624,5624,"Doing all I need, all good.",need good,5,2020-08-29 12:36:23,0,0.7,Low Signal
5625,5625,Useful and aesthetically pleasing.,useful aesthetically pleasing,5,2020-08-28 20:40:34,0,0.3,Efficiency
5626,5626,Great at Tracking Habits,great tracking habits,5,2020-08-28 18:42:12,0,0.8,Retention Drivers
5627,5627,Love this app!!,love app,5,2020-08-28 06:19:16,0,0.5,Low Signal
5628,5628,Great and useful,great useful,5,2020-08-26 14:22:40,0,0.55,Efficiency
5629,5629,Good one,good one,5,2020-08-26 10:35:16,0,0.7,Low Signal
5630,5630,So helpful to visualize your habits,helpful visualize habits,5,2020-08-25 11:19:43,0,0.0,Retention Drivers
5631,5631,Very excellent app to have track of our acitivites and to develop a new habit,excellent app track acitivites develop new habit,5,2020-08-25 09:33:24,0,0.5681818181818181,Monetization Sentiment
5632,5632,Very good app for keeping records of your habits.,good app keeping records habits,5,2020-08-25 04:45:51,0,0.7,Retention Drivers
5633,5633,Realty good,realty good,5,2020-08-25 04:14:07,0,0.7,Low Signal
5634,5634,Good app,good app,5,2020-08-24 14:29:04,0,0.7,Low Signal
5635,5635,"Easy to use and works offline, no complaints",easy use works offline complaints,5,2020-08-23 04:19:11,0,0.4333333333333333,User Archetypes & Workflows
5636,5636,Excellent indeed,excellent indeed,5,2020-08-21 22:45:22,0,1.0,Low Signal
5637,5637,Very good app 👍 it's help me to change my bad habits 🤠,good app help change bad habits,5,2020-08-21 22:15:41,0,5.551115123125783e-17,Retention Drivers
5638,5638,So easy and fun!! Highly recommend,easy fun highly recommend,5,2020-08-20 22:20:53,0,0.2977777777777778,Efficiency
5639,5639,Wonderful app,wonderful app,5,2020-08-20 16:50:59,0,1.0,Noise
5640,5640,"Thanks for the response! Great product, sorry i didn't fix my rating sooner.",thanks response great product sorry didnt fix rating sooner,5,2020-08-20 03:22:49,1,0.1666666666666666,Monetization Sentiment
5641,5641,Very nice app and easy to use!,nice app easy use,5,2020-08-19 18:15:13,0,0.5166666666666666,Product Usability & Aesthetics
5642,5642,"Very good, just only free for 5 habits, have to pay to unlock habits 6 onwards.",good free habits pay unlock habits onwards,5,2020-08-19 13:53:54,1,0.55,Monetization Sentiment
5643,5643,It's an awesome app ..if you really want to achieve a habit goal it really helps,awesome app really want achieve habit goal really helps,5,2020-08-18 20:21:58,0,0.4666666666666666,Retention Drivers
5644,5644,Perfect habit tracker for me. Simple and straightforward. Love it!,perfect habit tracker simple straightforward love,5,2020-08-18 19:48:58,0,0.46875,Retention Drivers
5645,5645,"Great way of locking in a new habit, in my case regular exercise. Trying to maintain a streak is very motivating and can genuinely change your life. I've lost 8kg (and counting) through the extra motivation that this app has provided.",great way locking new habit case regular exercise trying maintain streak motivating genuinely change life ive lost kg counting extra motivation app provided,5,2020-08-18 19:43:32,1,0.2672727272727273,Monetization Sentiment
5646,5646,I love this app. Allows me to track how many weeks in a row I can maintain new habits.,love app allows track many weeks row maintain new habits,5,2020-08-17 15:33:46,1,0.3787878787878787,Monetization Sentiment
5647,5647,A really great application. Well worth premium,really great application well worth premium,5,2020-08-17 08:52:27,0,0.55,Monetization Sentiment
5648,5648,Greate app,greate app,5,2020-08-16 05:56:32,0,0.0,Low Signal
5649,5649,"Did a lot of research, this is the best app for this that I've seen!",lot research best app ive seen,5,2020-08-16 05:28:17,0,1.0,Low Signal
5650,5650,Just what I needed great app,needed great app,5,2020-08-15 23:28:05,0,0.8,Low Signal
5651,5651,Its very useful to me Thank y very much for making useful this,useful thank much making useful,5,2020-08-15 20:29:28,0,0.2666666666666666,Efficiency
5652,5652,Super (wo) man......😒😒😒😒.... BTW....good app for building new habits😎,super wo man btwgood app building new habits,5,2020-08-15 08:50:49,0,0.2348484848484848,Monetization Sentiment
5653,5653,amazing ! thank you,amazing thank,5,2020-08-15 02:08:23,0,0.6000000000000001,Low Signal
5654,5654,Simple to set up and use.,simple set use,5,2020-08-14 23:32:27,0,0.0,Product Usability & Aesthetics
5655,5655,Excellent,excellent,5,2020-08-14 18:11:54,0,1.0,Low Signal
5656,5656,I hope this app help me on habit building,hope app help habit building,5,2020-08-14 15:49:54,0,0.0,Retention Drivers
5657,5657,Perfecto,perfecto,5,2020-08-14 13:38:30,0,0.0,Noise
5658,5658,Great app to keep your habits on track ❤️,great app keep habits track,5,2020-08-14 11:29:31,0,0.8,Retention Drivers
5659,5659,User friendly,user friendly,5,2020-08-14 07:43:50,0,0.375,Noise
5660,5660,The app reminders no longer work. Edit: they fixed it,app reminders longer work edit fixed,5,2020-08-13 20:30:07,2,0.1,Efficiency
5661,5661,I love it! It does what it says it will.,love says,5,2020-08-13 04:16:04,0,0.5,Low Signal
5662,5662,Very useful for keeping track of things I want to do,useful keeping track things want,5,2020-08-12 21:09:54,0,0.3,Efficiency
5663,5663,Good app,good app,5,2020-08-12 20:26:49,0,0.7,Low Signal
5664,5664,Excellent app to build habits.,excellent app build habits,5,2020-08-12 20:17:35,0,1.0,Retention Drivers
5665,5665,Easy to use... I find it really helpful 😉,easy use find really helpful,5,2020-08-11 14:15:56,0,0.3166666666666666,Efficiency
5666,5666,"Brilliant. For the first time ever I have managed to exercise outside, do yoga, meditate and eat healthily for a full 8 days. Im on a roll! Thank you Habit Bull.",brilliant first time ever managed exercise outside yoga meditate eat healthily full days im roll thank habit bull,5,2020-08-10 14:21:38,0,0.375,Retention Drivers
5667,5667,Its a really good app for tracking i really like it,really good app tracking really like,5,2020-08-10 04:48:29,0,0.4499999999999999,Efficiency
5668,5668,Awesome app,awesome app,5,2020-08-10 03:47:12,0,1.0,Low Signal
5669,5669,"Solid app, makes tracking habits easy.",solid app makes tracking habits easy,5,2020-08-09 17:54:26,0,0.2166666666666666,Retention Drivers
5670,5670,What a useful app👌🏻😍 love it😍❤️,useful app love,5,2020-08-09 13:03:03,0,0.4,Efficiency
5671,5671,Good,good,5,2020-08-09 07:43:09,0,0.7,Low Signal
5672,5672,The community on this is amazing,community amazing,5,2020-08-08 17:58:43,0,0.6000000000000001,Low Signal
5673,5673,Its a fine app that we can easily track our habits and manipulate our entire life by starting a new habbit or easily breack down any bad habbits .,fine app easily track habits manipulate entire life starting new habbit easily breack bad habbits,5,2020-08-08 13:13:17,0,0.1028138528138528,Monetization Sentiment
5674,5674,"Brilliant App, it has only got better",brilliant app got better,5,2020-08-08 08:37:09,0,0.7,Efficiency
5675,5675,Easy to use,easy use,5,2020-08-08 07:26:04,0,0.4333333333333333,Product Usability & Aesthetics
5676,5676,The App helps to build good habits at a comfortable achievable pace,app helps build good habits comfortable achievable pace,5,2020-08-07 19:54:19,0,0.55,Retention Drivers
5677,5677,"Phenomenal app. Simple, effective and higly customizable.",phenomenal app simple effective higly customizable,5,2020-08-07 10:57:08,0,0.3666666666666667,Monetization Sentiment
5678,5678,Gud,gud,5,2020-08-07 07:20:13,0,0.0,Noise
5679,5679,I like it,like,5,2020-08-06 16:25:44,0,0.0,Noise
5680,5680,Really useful for tracking and no annoying ads,really useful tracking annoying ads,5,2020-08-05 23:50:56,1,-0.25,Efficiency
5681,5681,Does what it says it will do,says,5,2020-08-05 18:53:09,0,0.0,Noise
5682,5682,Awesome app.,awesome app,5,2020-08-05 11:40:17,0,1.0,Low Signal
5683,5683,Keeps me reminded on my streak,keeps reminded streak,5,2020-08-05 05:37:00,0,0.0,Noise
5684,5684,"Very nice app, has everything required for tracking habit. Please introduce option to change unlock pin.",nice app everything required tracking habit please introduce option change unlock pin,5,2020-08-05 04:57:09,0,0.6,Retention Drivers
5685,5685,"My experience with this app has been amazing. For some reason, somehow, it has been the defining factor in instigating many great core habits that have greatly improved my quality of life. I couldn't recommend it enough.",experience app amazing reason somehow defining factor instigating many great core habits greatly improved quality life couldnt recommend enough,5,2020-08-04 21:52:51,2,0.54,Monetization Sentiment
5686,5686,Higher app,higher app,5,2020-08-04 14:03:46,0,0.25,Noise
5687,5687,Cool App,cool app,5,2020-08-04 01:43:16,0,0.35,Noise
5688,5688,"I paid for it so I could track more habits......love it. Always works good,it's colorful and motivating",paid could track habitslove always works goodits colorful motivating,5,2020-08-04 00:05:15,0,0.3,Retention Drivers
5689,5689,This app is supperb.....from india.🇮🇳🇮🇳🇮🇳,app supperbfrom india,5,2020-08-03 23:29:00,0,0.0,Noise
5690,5690,I got a best friend in daily practice,got best friend daily practice,5,2020-08-02 23:48:56,0,0.5,Retention Drivers
5691,5691,Just came here after you becoming sponsor of rewirs channel in utube Well I am thanks full that I got to know about this app by rewirs (that is also a very gud channel),came becoming sponsor rewirs channel utube well thanks full got know app rewirs also gud channel,5,2020-08-02 13:40:03,0,0.3333333333333333,Noise
5692,5692,"Awesome habit tracker, I like that you can go back in time to track a habit you've already started.",awesome habit tracker like go back time track habit youve already started,5,2020-08-02 04:39:02,1,0.5,Retention Drivers
5693,5693,Well it works for me. Seem to be keeping up with my habit. Slowly introducing a new habit every 2-4 weeks and building up my habits.,well works seem keeping habit slowly introducing new habit every weeks building habits,5,2020-08-01 11:21:35,0,-0.0818181818181818,Monetization Sentiment
5694,5694,Easy to use.,easy use,5,2020-07-31 22:49:08,0,0.4333333333333333,Product Usability & Aesthetics
5695,5695,Awesome app,awesome app,5,2020-07-31 20:32:52,0,1.0,Low Signal
5696,5696,Great aoo,great aoo,5,2020-07-31 19:41:00,0,0.8,Low Signal
5697,5697,Really easy app to use.,really easy app use,5,2020-07-31 14:56:52,0,0.4333333333333333,Product Usability & Aesthetics
5698,5698,A very necessary app. It has changed my life very well. Thanks for creating this app.,necessary app changed life well thanks creating app,5,2020-07-30 17:27:21,0,0.1,Efficiency
5699,5699,Awesome app.,awesome app,5,2020-07-30 12:50:08,0,1.0,Low Signal
6125,6125,By far the most in-depth app of this style. Tried Habitica and others and they were so underdeveloped in comparison in my opinion.,far indepth app style tried habitica others underdeveloped comparison opinion,5,2020-10-27 03:09:43,0,0.1,Market Displacement
6126,6126,"This app is very customizable, which I definitely wanted in an RPG style To Do list. However, it does come at a cost, since getting everything set up how you'd like takes much longer than similar apps. Personally I think the trade is worth it (hence my rating), but be aware that if you're looking for something more simple, this probably isnt the app for you. If you want to really determine exactly how you want things to work, pick this one over the others!",app customizable definitely wanted rpg style list however come cost since getting everything set youd like takes much longer similar apps personally think trade worth hence rating aware youre looking something simple probably isnt app want really determine exactly want things work pick one others,5,2020-10-26 22:53:33,0,0.1333333333333333,Market Displacement
6127,6127,"It would be nice to have the ability to set an xp/coins decay until a particular task is completed. Also, would be nice to be able to more easily schedule an existing infinite repitition task for a particular time (rather than editing its time and resetting it, or duplicating it). Also, maybe add search ability for filtering icons (as there are so many).",would nice ability set xpcoins decay particular task completed also would nice able easily schedule existing infinite repitition task particular time rather editing time resetting duplicating also maybe add search ability filtering icons many,5,2020-10-26 20:12:16,0,0.4238095238095237,Feature Requests & Friction
6128,6128,"The most fully-featured task tracking app I've seen. A little daunting at first, I recommend ignoring a lot of the xp sliders and special options until you are used to the general mechanics. Once you realize you can ignore or tweak any mechanics you dislike, it's value shines through. There's enough options in the mechanics that you can use what systems you like and ignore the rest.",fullyfeatured task tracking app ive seen little daunting first recommend ignoring lot xp sliders special options used general mechanics realize ignore tweak mechanics dislike value shines theres enough options mechanics use systems like ignore rest,5,2020-10-24 22:26:10,0,0.0939285714285714,Efficiency
6129,6129,Great software for those who want to succeed I have been using this software for a year and I am completely satisfied with it Install it right now,great software want succeed using software year completely satisfied install right,5,2020-10-24 17:41:45,1,0.5285714285714286,Retention Drivers
6130,6130,Perfect. I serched to many apps like this but finally i find you. Best app for upgrade your life. U are my hero and i am a premium User now. Thank you dear Dev. ♡,perfect serched many apps like finally find best app upgrade life u hero premium user thank dear dev,5,2020-10-22 19:02:14,0,0.625,Market Displacement
6131,6131,Really helps me to keep motivated to keep my workouts or chores. And its so easy to use,really helps keep motivated keep workouts chores easy use,5,2020-10-21 17:49:37,0,0.3166666666666666,Efficiency
6132,6132,Best app,best app,5,2020-10-21 02:30:30,0,1.0,Low Signal
6133,6133,"Good app... Relatively easy, with out being too simplistic... Rpg aspects are engaging but not excessively time consuming! Calendar is 'paid access', which is a little annoying, but certainly understandable... Popup ads are mostly brief (as should be), and far enough between, they are acceptable enough... All in all, best 'RPG ToDo list' I've tried...!",good app relatively easy simplistic rpg aspects engaging excessively time consuming calendar paid access little annoying certainly understandable popup ads mostly brief far enough acceptable enough best rpg todo list ive tried,5,2020-10-18 21:52:39,0,0.0853937728937728,Feature Requests & Friction
6134,6134,"wow! I've only had this for a few hours, but I love all the features, and I think this is going to be super helpful. amazing app, I will definitely be upgrading to pro at some point",wow ive hours love features think going super helpful amazing app definitely upgrading pro point,5,2020-10-17 07:23:04,0,0.3066666666666667,Monetization Sentiment
6135,6135,"Been using it for a few days now, has really helped me focus on and organize tasks, even simple ones like making the bed or brushing my dog, things I always skip at least a couple times a week. Don't even really feel the need to get the pro version because of how useful the free one is.",using days really helped focus organize tasks even simple ones like making bed brushing dog things always skip least couple times week dont even really feel need get pro version useful free one,5,2020-10-12 06:56:09,10,0.1333333333333333,Monetization Sentiment
6136,6136,"You have to spend some time setting up everything such that it fits your goals and your personality etc. ., but it's worth the effort",spend time setting everything fits goals personality etc worth effort,5,2020-10-12 04:47:10,0,0.3,Noise
6137,6137,"Just what I was looking for. Simple, logic, no unnecessary filling functions. Great design.",looking simple logic unnecessary filling functions great design,5,2020-10-10 12:14:59,0,0.1333333333333333,Efficiency
6138,6138,"Awesome reminder app. This one actually motivates you to complete tasks because it shows you your progress and the ui is easy to use. It's very customizable, from being able to choose the icon of a task to allowing you to create an unlimited number of tasks. The free version also allows the use of almost all of its features and doesn't hinder you in any way. I'm considering getting a subscription, but mostly because I want to support the creators of the app that has improved my daily life.",awesome reminder app one actually motivates complete tasks shows progress ui easy use customizable able choose icon task allowing create unlimited number tasks free version also allows use almost features doesnt hinder way im considering getting subscription mostly want support creators app improved daily life,5,2020-10-10 00:33:48,15,0.3666666666666666,Monetization Sentiment
6139,6139,"Love it, the game element to it really gives me motivation to complete my tasks. I can create loads of tasks and give myself rewards to work todays. Really cool 🙌",love game element really gives motivation complete tasks create loads tasks give rewards work todays really cool,5,2020-10-08 15:44:37,0,0.15,Monetization Sentiment
6140,6140,"This has been the most straight forward gamify your life app. I love that it lets you add your own skills and have a task increase or decrease a skill. I also like that it allows you add your own pictures for each different level that you advance as you fulfill your taks Improvements needed would be to explain the metrics, percentages and other customization that is not entirely clear how to use",straight forward gamify life app love lets add skills task increase decrease skill also like allows add pictures different level advance fulfill taks improvements needed would explain metrics percentages customization entirely clear use,5,2020-10-06 23:27:13,3,0.1999999999999999,Monetization Sentiment
6141,6141,I love this app. Life is like a game for me and this application helps to improve myself in a fun way.,love app life like game application helps improve fun way,5,2020-10-06 14:48:51,0,0.1333333333333333,Monetization Sentiment
6142,6142,Love the app and the fact the devs listen and add new updates all the time,love app fact devs listen add new updates time,5,2020-10-05 23:08:29,0,0.3181818181818182,Monetization Sentiment
6143,6143,I just started the app a few days ago and I really like it. I told my kids it would have been nice to have this when they were young. The fight for chores might have been a little less of a struggle.,started app days ago really like told kids would nice young fight chores might little less struggle,5,2020-10-02 13:01:12,0,0.1091666666666666,Retention Drivers
6144,6144,Great so far,great far,5,2020-10-01 22:21:52,0,0.45,Low Signal
6145,6145,"So far, it's a great way to keep track of daily tasks and stay motivated on self-care",far great way keep track daily tasks stay motivated selfcare,5,2020-09-29 00:01:14,0,0.3,Monetization Sentiment
6146,6146,Great app! It helped me get my life together.,great app helped get life together,5,2020-09-27 10:42:55,0,0.8,Efficiency
6147,6147,This app has been life changing. Its perfect for people who are Strategic and motivated by growing as a person.,app life changing perfect people strategic motivated growing person,5,2020-09-24 14:06:08,0,1.0,Efficiency
6148,6148,"Love it, incredibly useful and I feel like a superhero growing in a gamification style system that tracks my lifestyle and productivity... Great product. The only thing I need is an online opportunity, it is hard to use the interface exclusively on the phone because it is such an interactive interface, this would really expand on the product usage, I can't pull my phone out at work, but could open a website.",love incredibly useful feel like superhero growing gamification style system tracks lifestyle productivity great product thing need online opportunity hard use interface exclusively phone interactive interface would really expand product usage cant pull phone work could open website,5,2020-09-23 19:04:26,0,0.2513888888888889,Monetization Sentiment
6149,6149,Excelente app e com possobilidades infinitas se você for criativo,excelente app e com possobilidades infinitas se voc criativo,5,2020-09-21 17:02:12,0,0.0,Noise
6150,6150,"Absolutely love it! This is by far the greatest app for gamification, i use this app to implement new and creative ideas in Notion. I wonder if the developers know about notion and gamification setup in notion. It has been a huge help.",absolutely love far greatest app gamification use app implement new creative ideas notion wonder developers know notion gamification setup notion huge help,5,2020-09-19 18:18:52,0,0.4393939393939394,Monetization Sentiment
6151,6151,"Tried 3 top rated (at time), as once a 'pen & paper' Dungeon Master, I found this app to be a nice blend of functionality and fantasy... The interface is user friendly, and sub-screens are nicely inter-connected, easy to navigate. Would benefit from a little more initial guidance, particularly with specific intended use of the various 'percentage settings' and 'groups & sub tasks, but, overall, so far very happy!! Wish calendar wasn't 'paid', but certainly understand! So far, no obnoxious ads...",tried top rated time pen paper dungeon master found app nice blend functionality fantasy interface user friendly subscreens nicely interconnected easy navigate would benefit little initial guidance particularly specific intended use various percentage settings groups sub tasks overall far happy wish calendar wasnt paid certainly understand far obnoxious ads,5,2020-09-16 04:35:58,25,0.2525085034013606,Monetization Sentiment
6152,6152,Великолепное приложение. Отзывчивая поддержка. Отличный дизайн. Продуманная и удобная система развития. Очень интересно ставить себе и родным задачи и вознаграждение за них. Рекомендую.,,5,2020-09-15 12:45:03,0,0.0,Noise
6153,6153,I really like this app. I appreciate how much thought has been put into it but it is complicated app. I wish there was a video to understand all features even though the help document is quite thorough.,really like app appreciate much thought put complicated app wish video understand features even though help document quite thorough,5,2020-09-13 15:59:30,3,-0.0333333333333333,Efficiency
6154,6154,Good,good,5,2020-09-13 09:53:10,0,0.7,Low Signal
6155,6155,挺好用的，挺好玩的，而且还可以同步。,,5,2020-09-12 14:23:26,0,0.0,Noise
6156,6156,"It's a great app, just the one that I've been looking for. It's a bit overwhelming at first since I'm still starting with activities i want to write about, but i got to customizing my wants after a week. I hope this app will keep on improving and then I'll subscribe in the future as a support for the developers",great app one ive looking bit overwhelming first since im still starting activities want write got customizing wants week hope app keep improving ill subscribe future support developers,5,2020-09-11 06:30:31,1,0.1785714285714285,Monetization Sentiment
6157,6157,Edit: This one complaint has been fixed! Its perfect now I really love this app and I use it everyday! The new black and orange theme is really nice to look at! My only feedback is that I wish the color of the widget changed to match the chosen in-app theme because the yellow list kinda sticks out from my background. Other than that the app is perfect! Thank a lot Levor!!,edit one complaint fixed perfect really love app use everyday new black orange theme really nice look feedback wish color widget changed match chosen inapp theme yellow list kinda sticks background app perfect thank lot levor,5,2020-09-10 21:38:56,6,0.2669696969696969,Monetization Sentiment
6158,6158,"I have only spent a day with this app, but I know that I will spend a great deal of time with it in the future. Pros: Highly versatile and fast. This app can be designed to fit any goal and can be tuned to fit any RPG balancing you want. Nearly everything is customizable. It's also fast. From first tap of the app to checking off accomplished tasks it takes just a couple seconds. Cons: Perfecting the customization to the RPG experience you want can take a long time, but it's worth it.",spent day app know spend great deal time future pros highly versatile fast app designed fit goal tuned fit rpg balancing want nearly everything customizable also fast first tap app checking accomplished tasks takes couple seconds cons perfecting customization rpg experience want take long time worth,5,2020-09-09 07:08:51,5,0.22,Monetization Sentiment
6159,6159,"This app makes creating new habits more fun, by making it feel like a game.",app makes creating new habits fun making feel like game,5,2020-09-08 07:14:46,0,0.0121212121212121,Monetization Sentiment
6160,6160,"I love using this app for myself to help me prioritize/organize my time for school, homework, and playing. One thing I would love to see in here is an option where you can have multiple characters so a parent can get the app on their phone and make a character for each child so that they can keep track of what their child has done and what rewards they can have, ex: playing games, extra dessert, screen time, etc.",love using app help prioritizeorganize time school homework playing one thing would love see option multiple characters parent get app phone make character child keep track child done rewards ex playing games extra dessert screen time etc,5,2020-09-07 04:04:32,6,0.25,Retention Drivers
6161,6161,Very useful,useful,5,2020-09-06 17:44:18,0,0.3,Efficiency
6162,6162,"Классное приложение, не все функции доступны в бесплатной версии, но их вполне хватает. Заполнение всех заданий и их вес (опыт, монетки) очень простое и не нудное. Можно поставить себе награды за выполнение дел. Все круто.",,5,2020-09-03 10:32:35,0,0.0,Noise
6163,6163,"Lots of control & customization of tasks & rewards. Could benefit from some additional features, but no app has everything. Been using for 2 weeks & it's helping me accomplish important tasks I usually lack motivation to do.",lots control customization tasks rewards could benefit additional features app everything using weeks helping accomplish important tasks usually lack motivation,5,2020-09-02 15:08:55,0,0.075,Monetization Sentiment
6164,6164,It's great for planning out goals of any time frame whether it be short or long term. It's also extremely customizable which I adore a lot.,great planning goals time frame whether short long term also extremely customizable adore lot,5,2020-09-01 04:26:31,0,0.15625,Monetization Sentiment
6165,6165,Great app. I would love to buy it for lifetime but the price is too steep for a student in india. Hopefully like Netflix and Spotify etc have done with their prices for india. You can give us some price which will be affordable in our country.,great app would love buy lifetime price steep student india hopefully like netflix spotify etc done prices india give us price affordable country,5,2020-08-30 19:48:20,1,0.65,Monetization Sentiment
6166,6166,Fun way to manage tasks and improve yourself.,fun way manage tasks improve,5,2020-08-29 19:21:34,0,0.3,Monetization Sentiment
6167,6167,Such an organized convenient way to keep track of my life,organized convenient way keep track life,5,2020-08-29 03:46:34,0,0.0,Retention Drivers
6168,6168,They should change the name. Have no idea it would be awesome just from the name.,change name idea would awesome name,5,2020-08-27 13:13:58,0,1.0,Feature Requests & Friction
6169,6169,good. yes. me like,good yes like,5,2020-08-26 17:01:06,0,0.7,Low Signal
6170,6170,"I honestly love this app. It's a great way to keep track of everything you need to do and it's very versatile, allowing you to customize tasks in a wide variety of ways. Only thing it's missing is a version I can use on my laptop, I might have to get bluestacks running :)",honestly love app great way keep track everything need versatile allowing customize tasks wide variety ways thing missing version use laptop might get bluestacks running,5,2020-08-26 09:40:32,0,0.25,Monetization Sentiment
6171,6171,"Great app. I wish the one time payment wasn't so absurdly expensive, but it's definitely worth using.",great app wish one time payment wasnt absurdly expensive definitely worth using,5,2020-08-26 03:01:55,1,0.2,Monetization Sentiment
6172,6172,Don't import its resets evryfing to defult,dont import resets evryfing defult,5,2020-08-25 23:56:34,0,0.0,Noise
6173,6173,This app has helped me keep on track and get better habits,app helped keep track get better habits,5,2020-08-25 20:49:07,0,0.5,Retention Drivers
6174,6174,"Canny, I've been jogging, cleaned the houseand took the dog for a walk. Recommended.",canny ive jogging cleaned houseand took dog walk recommended,5,2020-08-24 22:12:16,0,0.0,Feature Requests & Friction
6175,6175,"As a lifetime gamer and task lister, this app seems bespoke to me. Thanks for making it!",lifetime gamer task lister app seems bespoke thanks making,5,2020-08-23 19:15:45,0,0.2,Efficiency
6176,6176,Really motivates,really motivates,5,2020-08-21 13:15:58,0,0.2,Efficiency
6177,6177,"Hands down, one of the best apps for productivity, to do, etc.! (Or maybe the best one on the market). Thanks Taras!",hands one best apps productivity etc maybe best one market thanks taras,5,2020-08-19 20:00:12,0,0.7333333333333334,Monetization Sentiment
6178,6178,"Hi. I love the app. There's a bug that I want to share. I created a daily task (once a day) but it doesn't go away after completing it from ""Today's"" task. What do I do? Thank you Edit: Gonna subscribe soon! Can you add sounds when consuming items, please? Thanks!",hi love app theres bug want share created daily task day doesnt go away completing todays task thank edit gonna subscribe soon add sounds consuming items please thanks,5,2020-08-19 15:06:22,7,0.2333333333333333,Monetization Sentiment
6179,6179,I have only had it for a few days and don't fully understand every feature.. but it is the only to do list app that has so far worked for me. Probably because of it being based on a reward system even if the rewards are only virtual.,days dont fully understand every feature list app far worked probably based reward system even rewards virtual,5,2020-08-18 22:21:09,0,0.1,Monetization Sentiment
6180,6180,Great app for goal setting & tracking in a gamified way.,great app goal setting tracking gamified way,5,2020-08-18 10:34:25,0,0.8,Efficiency
6181,6181,I love it! Incredibly customizable. Keeps me on track to do the things I want to do!,love incredibly customizable keeps track things want,5,2020-08-18 04:27:49,0,0.7,Monetization Sentiment
6182,6182,"Wow, this is such an exciting way to try to organise and get motivated to do more of the things i mean to do each day and with my life..i still don't understand a lot of how to make it work but it's great fun finding out and seems to be very customisable to make it fun to build your skills and habits you want to develop in life to get to your aims.. When i get enough money i will definitely buy the app as i think the developer has made a REALLY great way totry2get my life to how i want it to be.",wow exciting way try organise get motivated things mean day lifei still dont understand lot make work great fun finding seems customisable make fun build skills habits want develop life get aims get enough money definitely buy app think developer made really great way totryget life want,5,2020-08-17 02:49:24,9,0.2541666666666666,Monetization Sentiment
6183,6183,"Adorei, é perfeito.",adorei perfeito,5,2020-08-17 00:38:39,0,0.0,Noise
6184,6184,"It's designed as a to-do app with game mechanics on top of it, not the other way around - the simplicity feels like any other Android app, although the interface can take 15 mins to get used to (and then some more).",designed todo app game mechanics top way around simplicity feels like android app although interface take mins get used,5,2020-08-16 23:37:19,0,0.0499999999999999,Monetization Sentiment
6185,6185,"If life is a simulation... Then the only way to win is to take meticulous control of your life. To live it for as long as you can. Think Minecraft of the future. Life is peaceful during day, but night time eventually comes. 2020 is night time. However you can survive it. When things get peaceful again...(whenever it does) prepare further for nighttime. Figure out your stats. Figure out your level and continue to level up more efficiently every time. There's always room for improvement.",life simulation way win take meticulous control life live long think minecraft future life peaceful day night time eventually comes night time however survive things get peaceful againwhenever prepare nighttime figure stats figure level continue level efficiently every time theres always room improvement,5,2020-08-16 10:35:12,0,0.231060606060606,Monetization Sentiment
6186,6186,Very Active App,active app,5,2020-08-15 14:03:53,0,-0.1333333333333333,Noise
6187,6187,"When will this app be added to the Microsoft Store for PC??? Edited: I've noticed that when I perform a execution, it doesn't always leaves from the list of today's executions. Can I fix that by settings or is it a bug?",app added microsoft store pc edited ive noticed perform execution doesnt always leaves list todays executions fix settings bug,5,2020-08-14 02:03:33,0,0.0,Retention Drivers
6188,6188,I think it's a pretty straightforward app. It definitely helps when you need to place certain tasks throughout your week as a reminder.,think pretty straightforward app definitely helps need place certain tasks throughout week reminder,5,2020-08-12 04:47:33,0,0.2098214285714285,Monetization Sentiment
6189,6189,"Most amazing task organizer. Everything is customizable and easy to understand. Functions perfectly whether you use every detail of the app or just basic task lists. I'm Pavlov-ing myself with the task completion noise and my serotonin levels are through the roof. I've never wanted to give anyone money before but I 100% would buy every add-on, even though I don't need to, because I can do almost everything for free (HOORAY) THANK YOU SO MUCH",amazing task organizer everything customizable easy understand functions perfectly whether use every detail app basic task lists im pavloving task completion noise serotonin levels roof ive never wanted give anyone money would buy every addon even though dont need almost everything free hooray thank much,5,2020-08-11 19:50:14,18,0.4388888888888889,Monetization Sentiment
6190,6190,Amazing! This app has had a really large positive impact on my life (in just a few short months). Would definitely reccommend ^-^,amazing app really large positive impact life short months would definitely reccommend,5,2020-08-11 17:06:02,0,0.2083116883116883,Retention Drivers
6191,6191,It's the best task gamification app I have ever seen Even if you don't need the gamification it's still better than most other to do apps in task organization Edit : if you are capable please add the option of adding files to tasks like some other to do apps,best task gamification app ever seen even dont need gamification still better apps task organization edit capable please add option adding files tasks like apps,5,2020-08-11 15:59:20,0,0.5666666666666667,Market Displacement
6192,6192,Love the app but i have a question. I have a morning routine set up with subtasks. Is there a way to hide the subtasks from my daily task veiw and only have them show under the master task pulldown tab? Also i would love it if i could order my tasks customly without having to assign a time to them. This is by far the best app i have found for setting to do's for yourself. As an adult with adhd I love the fun childish functionality without it looking like a childs game on my phone.,love app question morning routine set subtasks way hide subtasks daily task veiw show master task pulldown tab also would love could order tasks customly without assign time far best app found setting dos adult adhd love fun childish functionality without looking like childs game phone,5,2020-08-11 06:52:16,0,0.24,Monetization Sentiment
6193,6193,"Some of it is a little unintuitive, but overall this is an awesome and free app.",little unintuitive overall awesome free app,5,2020-08-11 04:00:48,0,0.303125,Product Usability & Aesthetics
6194,6194,Encourages me to complete task,encourages complete task,5,2020-08-10 22:42:38,0,0.1,Efficiency
6195,6195,"I love the app and it's customizablity with some notes; repeats are confusing and not easy to work about (for instance repeat times during one day versus general repeats), moving tasks to different days (calendar drag?) , can set specific times on multiple reminders, making routines, changes easy to lose when pressing back, and unable to manually order tasks by preference in list form. Adding stars for great responsiveness and care of creator =D",love app customizablity notes repeats confusing easy work instance repeat times one day versus general repeats moving tasks different days calendar drag set specific times multiple reminders making routines changes easy lose pressing back unable manually order tasks preference list form adding stars great responsiveness care creator,5,2020-08-10 14:45:11,15,0.1097222222222222,Monetization Sentiment
6196,6196,The developer is pure genius. Well execution on customizable gamification app execution. I have bought a subscription as soon as using it for 10 minutes. I would like to make a business inquiry. Is the contact information listed here updated? Do you check your e-mails often? I am looking for a firm communication channel with the developer.,developer pure genius well execution customizable gamification app execution bought subscription soon using minutes would like make business inquiry contact information listed updated check emails often looking firm communication channel developer,5,2020-08-09 18:14:13,0,0.0071428571428571,Monetization Sentiment
6197,6197,"Started few days ago, so far it's good",started days ago far good,5,2020-08-09 13:02:12,0,0.3999999999999999,Retention Drivers
6198,6198,This is a great app. I recommend a search bar though for both skills and characteristics,great app recommend search bar though skills characteristics,5,2020-08-08 13:37:06,0,0.8,Feature Requests & Friction
6199,6199,RPG bolado,rpg bolado,5,2020-08-08 05:25:08,0,0.0,Noise
6200,6200,This app is just what I needed to make progress on my goals. Contains a whole bunch of features and customisability. It is also easy to use. I only have an Issue with the Task List Widget not updating properly after completing a task.,app needed make progress goals contains whole bunch features customisability also easy use issue task list widget updating properly completing task,5,2020-08-07 22:41:26,0,0.2111111111111111,Monetization Sentiment
6201,6201,I've been doing this for several days and it's been working wonders,ive several days working wonders,5,2020-08-07 02:54:35,0,0.0,Retention Drivers
6202,6202,"Everything is able to be modified. You can gamify whatever you want of your day a day life. It would be nice to sort tasks as you wish, just moving them in the order you want without needing to rename them or other tricks to put them in the order you like. However still being quite good for everything it offers",everything able modified gamify whatever want day day life would nice sort tasks wish moving order want without needing rename tricks put order like however still quite good everything offers,5,2020-08-03 15:54:23,1,0.475,Monetization Sentiment
6203,6203,"Hi, I just started using this app a few days ago and I'm absolutely blown away. It's kept me on track for a bunch of my activities and the UI is so customisable while being clean. I have a minor suggestion about if progress bars to recurrent activities can be added? Eg. I'm reading a book and have that as a recurring task but I'd like a slide bar to be able to advance my progress daily. Subtasks don't show in the widget as well. This app is still amazing and great work on everything so far!",hi started using app days ago im absolutely blown away kept track bunch activities ui customisable clean minor suggestion progress bars recurrent activities added eg im reading book recurring task id like slide bar able advance progress daily subtasks dont show widget well app still amazing great work everything far,5,2020-08-02 18:58:22,34,0.3145833333333334,Monetization Sentiment
6204,6204,"The best app you can find of this kind. It is well built, creative and regularly updated. With this app you don't need any other planning or to-do list apps. It is completely worth buying. I gladly payed full price for this high quality app.",best app find kind well built creative regularly updated app dont need planning todo list apps completely worth buying gladly payed full price high quality app,5,2020-08-01 23:17:22,0,0.42625,Monetization Sentiment
6205,6205,Probably the best task managing app out there.,probably best task managing app,5,2020-08-01 08:20:03,0,1.0,Monetization Sentiment
6206,6206,"This is the best, most customizable, app around. I appreciate the dev for being on top of responding to feedback and such. The app has grown over the years, and it keeps getting better and better with quality of life changes. It's actually spoiled me from installing other similar style apps again simply because I can just make everything to my taste all in one app. It really makes keeping a schedule feel like less of a chore, and for a gamer like me, that's golden. Real life questing is fun!",best customizable app around appreciate dev top responding feedback app grown years keeps getting better better quality life changes actually spoiled installing similar style apps simply make everything taste one app really makes keeping schedule feel like less chore gamer like thats golden real life questing fun,5,2020-07-31 09:45:10,21,0.2777777777777778,Monetization Sentiment
6207,6207,Awesome app overall. It would be great to see some kind of progress functionality inside tasks. For example counter 0-10(or any other number you input) for push-ups / book pages / words learned etc.,awesome app overall would great see kind progress functionality inside tasks example counter number input pushups book pages words learned etc,5,2020-07-30 00:49:32,0,0.6,Monetization Sentiment
6208,6208,It's not that bad.,bad,5,2020-07-26 20:31:36,0,-0.6999999999999998,Noise
6209,6209,"This app is brilliant! Clean, simple, and ultimately customizable. I've been wanting something like this for a while!",app brilliant clean simple ultimately customizable ive wanting something like,5,2020-07-26 18:04:05,0,0.3166666666666666,Monetization Sentiment
6210,6210,Awesome app The best i've ever used,awesome app best ive ever used,5,2020-07-26 09:00:31,0,1.0,Low Signal
6211,6211,"The app is great. There are so many features. Actually, you create your own game. I didn't notice any ad even with a free account. You can donate 1 dollar to support developers with cup of coffee :) Edit: Still love the app. Enjoy your coffee, Taras! ;)",app great many features actually create game didnt notice ad even free account donate dollar support developers cup coffee edit still love app enjoy coffee taras,5,2020-07-26 05:49:05,2,0.3142857142857143,Feature Requests & Friction
6212,6212,Fun. Versatile!,fun versatile,5,2020-07-25 20:53:22,0,0.3,Efficiency
6213,6213,"Such a good idea. Very generous to help us out for free. Helps me recognize my accomplishments instead of dismissing them and losing track of how much progress I'm making. Would recommend having essential daily tasks pre-scheduled so that they're easy to tick off the list but writing in unique events only AFTER they've been accomplished in order to maintain intrinsic motivation, memory, and your capacity to self-monitor. Use this to record progress, not replace internal self-determination.",good idea generous help us free helps recognize accomplishments instead dismissing losing track much progress im making would recommend essential daily tasks prescheduled theyre easy tick list writing unique events theyve accomplished order maintain intrinsic motivation memory capacity selfmonitor use record progress replace internal selfdetermination,5,2020-07-25 17:18:33,10,0.2564814814814815,Monetization Sentiment
6214,6214,"Only complaint is how often it asks you to rate it. Other than that, the app is even so great IMO that it's work buying the subscription. I love how customizable it is. For sure one of my top 5 favorite apps.",complaint often asks rate app even great imo work buying subscription love customizable sure one top favorite apps,5,2020-07-25 03:18:29,0,0.4166666666666667,Monetization Sentiment
6215,6215,I'm having lots of fun. I feel motivated to do more in the day. So far I have had no adds and the free version has everything you could need. I just hope it will work for me long term!,im lots fun feel motivated day far adds free version everything could need hope work long term,5,2020-07-24 07:10:10,0,0.1875,Monetization Sentiment
6216,6216,"It's pretty cool app, very convenient to customer everything. And really immerse into the game which is your life",pretty cool app convenient customer everything really immerse game life,5,2020-07-23 21:00:04,0,0.1,Efficiency
6217,6217,Very good app for complete tracking,good app complete tracking,5,2020-07-22 13:51:24,0,0.3999999999999999,Efficiency
6218,6218,Great App. Changing my Life,great app changing life,5,2020-07-22 01:37:22,0,0.8,Efficiency
6219,6219,Really cute but I'm more into minimalist designs. It works really well tho if the interface seems like ur thing. I like that they have a reward system. I might just get it back just for that bc no other app that I've seen has that.,really cute im minimalist designs works really well tho interface seems like ur thing like reward system might get back bc app ive seen,5,2020-07-21 23:00:28,0,0.2333333333333333,User Archetypes & Workflows
6220,6220,"Life is like a video game. The free version: very detailed organization with a clean look, but well worth the time it takes to figure out.",life like video game free version detailed organization clean look well worth time takes figure,5,2020-07-21 19:16:59,0,0.2133333333333333,Monetization Sentiment
6221,6221,"Great app. I am trying to find an application like this one for a while. If you are looking for an app that will help you grow, this is the one for you. You have multiple skills to choose from. Also, you can create your own. I love that they had programming, and an Icon of Python to choose. To get the full features you need to purchase the application. However, you don't need to buy or watch annoying adds to use the application",great app trying find application like one looking app help grow one multiple skills choose also create love programming icon python choose get full features need purchase application however dont need buy watch annoying adds use application,5,2020-07-21 15:18:39,4,0.1699999999999999,Monetization Sentiment
6222,6222,Best habbit app,best habbit app,5,2020-07-21 02:22:11,0,1.0,Low Signal
6223,6223,Really fun and thorough ^^,really fun thorough,5,2020-07-20 14:14:17,0,0.3,Efficiency
6224,6224,I need more options of anything,need options anything,5,2020-07-19 21:06:40,0,0.0,Efficiency
6225,6225,BEST TASK APP EVER!!!!,best task app ever,5,2020-07-19 01:50:06,0,1.0,Low Signal
6226,6226,"Great app, let's you customize pretty much anything you want to create your own system. Only reward app I kept coming back to. Has helped me to create change in my life.",great app lets customize pretty much anything want create system reward app kept coming back helped create change life,5,2020-07-18 10:35:01,1,0.3125,Efficiency
6227,6227,i need the application thanks developers :),need application thanks developers,5,2020-07-17 03:19:21,0,0.2,Noise
6228,6228,"Very fun app. Lots of customization and a very polished app. Some features are blocked unless you pay(calender and some icons). They aren't needed to enjoy the app though. Can't complain, it works great reminding and motivating me to get stuff done. :)",fun app lots customization polished app features blocked unless paycalender icons arent needed enjoy app though cant complain works great reminding motivating get stuff done,5,2020-07-16 16:05:37,2,0.5,Monetization Sentiment
6229,6229,Awesome,awesome,5,2020-07-15 12:59:46,0,1.0,Low Signal
6230,6230,Exceptional.,exceptional,5,2020-07-14 14:10:31,0,0.6666666666666666,Noise
6231,6231,This app is amazing I'm having fun just setting up that being said an optional progress bar for tasks would be really helpful,app amazing im fun setting said optional progress bar tasks would really helpful,5,2020-07-13 20:32:40,0,0.3666666666666667,Monetization Sentiment
6232,6232,Excellent app.,excellent app,5,2020-07-13 12:17:53,0,1.0,Low Signal
6233,6233,Perfect!!!,perfect,5,2020-07-13 09:02:05,0,1.0,Noise
6234,6234,Great app. Makes doing hard and annoying tasks more fun.,great app makes hard annoying tasks fun,5,2020-07-13 07:20:26,0,0.0020833333333333,Monetization Sentiment
6235,6235,"I LOVE this app. I had tried Habit RPG and I liked the generalized idea behind it but wished it was more in depth & video game like, that you could not only lvl up but gain skill points, this is extremely detailed, even has characteristics you can lvl up as well as skills & allows for complete customization in everything. Being a nerd & someone who lacks discipline, I forsee this to be an extremely useful tool to help me stay on task, achieve my goals and feel like I am ACTUALLY lvling up IRL!!!",love app tried habit rpg liked generalized idea behind wished depth video game like could lvl gain skill points extremely detailed even characteristics lvl well skills allows complete customization everything nerd someone lacks discipline forsee extremely useful tool help stay task achieve goals feel like actually lvling irl,5,2020-07-12 08:08:58,1,0.1375,Monetization Sentiment
6236,6236,"It really feels like I have a tabletop character sheet for myself, and I didn't even know I wanted it until now. The skill and stat customization is incredibly deep. The reward system is great. I highly recommend the premium, if you can afford it. These devs deserve it, and the calendar is a nice bonus on top of all the aesthetic additions.",really feels like tabletop character sheet didnt even know wanted skill stat customization incredibly deep reward system great highly recommend premium afford devs deserve calendar nice bonus top aesthetic additions,5,2020-07-12 01:19:11,4,0.3766666666666666,Monetization Sentiment
6237,6237,Beautiful and detailed app! There are two features that would make it more useful: 1) a counter to keep track of quantity (example: alcohol drinks); 2) a limit which causes a fail if you go over (example: limit 14 drinks in a week or 2 per day),beautiful detailed app two features would make useful counter keep track quantity example alcohol drinks limit causes fail go example limit drinks week per day,5,2020-07-11 22:24:13,0,0.2625,Retention Drivers
6238,6238,"This is cool, I'm on my first day and just put in all my major daily goals like exercising and reading. You can customize the traits that are rewarded by each activity, as well as penalties for failure. You can even link customizable titles to your level progression (my personal goal: Archwizard of the Order of Ptolemy). Very few features are locked behind the paywall, and everything that is essential is free.",cool im first day put major daily goals like exercising reading customize traits rewarded activity well penalties failure even link customizable titles level progression personal goal archwizard order ptolemy features locked behind paywall everything essential free,5,2020-07-11 20:19:50,6,0.0384259259259259,Monetization Sentiment
6239,6239,awesome,awesome,5,2020-07-11 15:51:42,0,1.0,Low Signal
6240,6240,very good,good,5,2020-07-08 18:53:19,0,0.7,Low Signal
6241,6241,"Excellent way to gamify your personal habits, with many levels of customization so you can set the difficulty levels of tasks as well as the level of self improvement those tasks provide.",excellent way gamify personal habits many levels customization set difficulty levels tasks well level self improvement tasks provide,5,2020-07-08 17:25:36,0,0.5,Monetization Sentiment
6242,6242,It's a great app,great app,5,2020-07-07 14:13:42,0,0.8,Low Signal
6243,6243,Thanks for this perfect app. How I can use coins? How I can buy with coins??,thanks perfect app use coins buy coins,5,2020-07-07 12:23:40,0,0.6,Monetization Sentiment
6244,6244,Great idea. Managing yourself like playing game.,great idea managing like playing game,5,2020-07-06 14:51:14,0,0.2,Low Signal
6245,6245,Fun way to track tasks,fun way track tasks,5,2020-07-05 06:05:30,0,0.3,Monetization Sentiment
6246,6246,Nice app very use full,nice app use full,5,2020-07-04 20:53:50,0,0.475,Low Signal
6247,6247,"Linking tasks to higher level skills & characteristics, and then seeing them increase, is perfect motivation for me.",linking tasks higher level skills characteristics seeing increase perfect motivation,5,2020-07-03 04:37:00,0,0.625,Monetization Sentiment
6248,6248,Amazing.,amazing,5,2020-07-03 04:23:03,0,0.6000000000000001,Low Signal
6249,6249,It's a really great app I love most that it reminds you about your tasks since I tend to forget a lot especially feeding my pets and watering my plants it's easy and fun to use especially with the reward system I think it would be challenging if the app had personal rewards for say keeping up with your tasks for a large period of time and all but honestly I love the app it's perfect you can personalize it to whatever you want or need,really great app love reminds tasks since tend forget lot especially feeding pets watering plants easy fun use especially reward system think would challenging app personal rewards say keeping tasks large period time honestly love app perfect personalize whatever want need,5,2020-07-02 23:51:36,2,0.3861471861471861,Monetization Sentiment
6250,6250,"Just installed this yesterday. Loved it. Love the concept. Love the design. Too bad the free version can't have access to the calendar 😝 but otherwise, it's a great app. Am gonna give it a go for another few more weeks before deciding to commit to premium.",installed yesterday loved love concept love design bad free version cant access calendar otherwise great app gonna give go another weeks deciding commit premium,5,2020-07-01 11:25:07,0,0.3666666666666667,Monetization Sentiment
6251,6251,It really really good.,really really good,5,2020-06-30 16:21:12,0,0.7,Low Signal
6252,6252,Seems to be useful so far.,seems useful far,5,2020-06-30 05:46:15,0,0.2,Efficiency
6253,6253,"Awesome app to gamify tasks. I've been using it for 3 months and I love many things about it. I won't write them because I can only type 500 characters. BUT I wish it could include ""time tracking"", like the one from Toggl. Also I strongly wish it could have a desktop version (and IOS). Another thing would be to sincronize with a google calendar, not only the one inside the app (I also think the calendar needs accuracy). Lastly being able to interact with other users and a ranking would be great.",awesome app gamify tasks ive using months love many things wont write type characters wish could include time tracking like one toggl also strongly wish could desktop version ios another thing would sincronize google calendar one inside app also think calendar needs accuracy lastly able interact users ranking would great,5,2020-06-30 01:25:50,28,0.6222222222222222,Monetization Sentiment
6254,6254,The idea is just wow. Well executed.,idea wow well executed,5,2020-06-29 03:37:02,0,0.1,Noise
6255,6255,"Out of all the RPG themed productivity apps out there, this one has certainly met my needs. To whoever who comes up with the idea and design of this app, you certainly created a miracle for a guy like me! Thank you so much for creating this app, dear developers! P.S. I'll be giving this app a proper review one day, after a few weeks / months of using this! :) Till again, you've certainly created a great future for me, through this app man! 😭",rpg themed productivity apps one certainly met needs whoever comes idea design app certainly created miracle guy like thank much creating app dear developers ps ill giving app proper review one day weeks months using till youve certainly created great future app man,5,2020-06-28 16:22:59,2,0.1428571428571428,Monetization Sentiment
6256,6256,Great work mates!,great work mates,5,2020-06-28 11:07:07,0,0.8,User Archetypes & Workflows
6257,6257,"Really loving this app! I've used a couple other productivity apps but this is the first one I've really stuck too. Turns out failing tasks and losing points really motivates me. Was wondering if it's possible to get bonus points for completing tasks in succession? Think it would help with habit formation. Otherwise does everything I need it to and really happy with it, great job!",really loving app ive used couple productivity apps first one ive really stuck turns failing tasks losing points really motivates wondering possible get bonus points completing tasks succession think would help habit formation otherwise everything need really happy great job,5,2020-06-28 01:35:08,17,0.4071428571428571,Monetization Sentiment
6258,6258,Great productivity app to stay organized,great productivity app stay organized,5,2020-06-26 05:26:22,0,0.8,Monetization Sentiment
6259,6259,I really love this app It's fantastic in many ways. I wish I could adjust the overdue settings as tasks are set as overdue too quickly for me :),really love app fantastic many ways wish could adjust overdue settings tasks set overdue quickly,5,2020-06-26 04:15:22,0,0.4333333333333333,Monetization Sentiment
6260,6260,Amazing,amazing,5,2020-06-25 23:36:22,0,0.6000000000000001,Low Signal
6261,6261,Does everything I want it to do and more!,everything want,5,2020-06-25 13:07:22,0,0.0,Noise
6262,6262,Amazing app!! You can literally modify EVERYTHING into the way you prefer! It's a little complex but with only minutes you can understand it's interface and fall in love with it. I love it even more because you can go up levels and it makes really more fun doing your tasks! No ads and almost everything for free. Pretty amazing!,amazing app literally modify everything way prefer little complex minutes understand interface fall love love even go levels makes really fun tasks ads almost everything free pretty amazing,5,2020-06-24 21:06:55,5,0.2958333333333333,Monetization Sentiment
6263,6263,"I love this app. It has so many features and I love the creator listens to the app's reviews. That's rare, and when it happens, I have to give props to the creator. If there is a feature I would like, it's items that can change your current photo (temporarily). This app is a 10 🌟 app and I highly recommend it",love app many features love creator listens apps reviews thats rare happens give props creator feature would like items change current photo temporarily app app highly recommend,5,2020-06-21 21:20:17,1,0.3266666666666666,Monetization Sentiment
6264,6264,"I've only had this app for a couple of days but it's already helped me so much! I've tried a LOT of planner-type apps but I never felt motivated to follow through with them. This app allows you to make schedules and tasks, and it has a reward system in place! I've had a hard time focusing with all this online school stuff, but my productivity has shot up due to this app :) definitely worth a try. Thank you devs!",ive app couple days already helped much ive tried lot plannertype apps never felt motivated follow app allows make schedules tasks reward system place ive hard time focusing online school stuff productivity shot due app definitely worth try thank devs,5,2020-06-20 21:29:44,7,0.0208333333333333,Monetization Sentiment
6265,6265,Hmm... I like it,hmm like,5,2020-06-19 23:13:02,0,0.0,Noise
6266,6266,"It has everything you truly need with a degree of complexity, besides it's versatile. Liberty to do many things. Thanks for the app. NO ADDS. Seriously. Congrats",everything truly need degree complexity besides versatile liberty many things thanks app adds seriously congrats,5,2020-06-19 07:51:41,1,0.1222222222222222,Feature Requests & Friction
6267,6267,"Hello, can you please add in your godlike widget transparent theme? I really need in this 🙏",hello please add godlike widget transparent theme really need,5,2020-06-18 09:32:13,0,0.2,Feature Requests & Friction
6268,6268,"I like it! I waited purposely almost 3 weeks in order to give here a true opinion. This application is amazing because it has so many possibilities, like everything is open for you, you can set anything. This is why I recommend to whom wants to use it, to take the time to understand as it works. Read the user guide included in the app so you can set the application to your exact goal. So at the beginning it may not so clear, and maybe there are more friendly use apps, but this one in adjustable",like waited purposely almost weeks order give true opinion application amazing many possibilities like everything open set anything recommend wants use take time understand works read user guide included app set application exact goal beginning may clear maybe friendly use apps one adjustable,5,2020-06-17 21:44:50,11,0.296875,Retention Drivers
6269,6269,This is my first time with a RPG but I love this To Do List.,first time rpg love list,5,2020-06-17 21:30:04,0,0.375,User Archetypes & Workflows
6270,6270,Gufy,gufy,5,2020-06-17 14:07:46,0,0.0,Noise
6271,6271,This app is great. I was using different methods to change myself and they all failed but this RPG style game which I can even customize has proved to be most efficient.I would like the app developer to add some more stuff like new acheivements at different levels and getting access to more functions as we level up.😊(it will make app more interesting instead of getting more and more boring every time),app great using different methods change failed rpg style game even customize proved efficienti would like app developer add stuff like new acheivements different levels getting access functions level upit make app interesting instead getting boring every time,5,2020-06-17 10:48:14,3,-0.0579545454545454,Monetization Sentiment
6272,6272,So far loving this app,far loving app,5,2020-06-17 04:04:22,0,0.35,Noise
6273,6273,I enjoy this app because I am a task oriented person and I can see how much I have completed and the XP gaming quality to it makes me feel like I m reaching for a goal with immediate gratification not just doing work,enjoy app task oriented person see much completed xp gaming quality makes feel like reaching goal immediate gratification work,5,2020-06-16 18:25:10,0,0.3,User Archetypes & Workflows
6274,6274,Very easy to personalise and use 5⭐,easy personalise use,5,2020-06-16 12:35:34,0,0.4333333333333333,Product Usability & Aesthetics
6275,6275,Very nice,nice,5,2020-06-16 03:01:34,0,0.6,Low Signal
6276,6276,"Love the app, it's much fun, engaging, and helpful to stay focused on your goals and developing new habits. Much better than competing apps (Habitica comes to mind) even if they have better social integration. Of course one can always add new features and improve design elements, but if you are looking for a task manager look no further. This is the best on the market. Highly engaging and fun to interact with.",love app much fun engaging helpful stay focused goals developing new habits much better competing apps habitica comes mind even better social integration course one always add new features improve design elements looking task manager look best market highly engaging fun interact,5,2020-06-15 08:38:46,9,0.3823691460055096,Market Displacement
6277,6277,"As a fan of rpg's, and a slacker who needs encouragement to do things besides play video games, I have to say this is the greatest app ever. It's so much fun.",fan rpgs slacker needs encouragement things besides play video games say greatest app ever much fun,5,2020-06-13 21:03:59,0,0.65,Efficiency
6278,6278,"I enjoy using this app, it makes habit tracking fun and entertaining..",enjoy using app makes habit tracking fun entertaining,5,2020-06-12 23:52:35,0,0.3999999999999999,Retention Drivers
6279,6279,This app is really great. Easy to keep track of all my many activities.,app really great easy keep track many activities,5,2020-06-11 18:13:40,0,0.5777777777777778,Retention Drivers
6280,6280,Best life rpg app that I could find. Support is very helpful and fast at responding. Everything other app I tried was all about them milking money. But not this one.,best life rpg app could find support helpful fast responding everything app tried milking money one,5,2020-06-11 17:27:01,0,0.6,Efficiency
6281,6281,Great! It's been helping me a lot,great helping lot,5,2020-06-11 08:14:03,0,0.8,Efficiency
6282,6282,Es buena para aser mis abitos y mis tareas tiene muchas occiones,es buena para aser mis abitos mis tareas tiene muchas occiones,5,2020-06-11 05:17:15,0,0.0,Noise
6283,6283,One of the bests to-do apps.,one bests todo apps,5,2020-06-11 03:50:13,0,0.0,Low Signal
6284,6284,Good apps,good apps,5,2020-06-10 12:02:41,0,0.7,Low Signal
6285,6285,Fun way to celebrate your accomplishments!,fun way celebrate accomplishments,5,2020-06-09 18:37:38,0,0.3,Efficiency
6286,6286,"I love it the app, but why is so expensive?? Perhaps more cheap, help us to buy it!",love app expensive perhaps cheap help us buy,5,2020-06-08 22:03:32,0,0.1333333333333333,Monetization Sentiment
6287,6287,"Life changing app. For someone who loves RPG game so much like me, making myself the avatar in real life helps much to change my own attitude to work and lifestyle. My only comment is to allow description for every hero statuses. And maybe in the future, the icon will look more appealing with colors. Also, for premium members let them be able to have several heroes at once. This will inspire people to work on different aspect of their life more closely. Thank you for makin such an amazing app.",life changing app someone loves rpg game much like making avatar real life helps much change attitude work lifestyle comment allow description every hero statuses maybe future icon look appealing colors also premium members let able several heroes inspire people work different aspect life closely thank makin amazing app,5,2020-06-08 21:18:48,4,0.18,Monetization Sentiment
6288,6288,"Great app. Could suggest rewards that fit the task type, offer actual customer / icon customization, and allow linkage of tasks to overarching goals that have separate rewards attached. Other than that - best app like this I can find - a lot of great features.",great app could suggest rewards fit task type offer actual customer icon customization allow linkage tasks overarching goals separate rewards attached best app like find lot great features,5,2020-06-08 04:19:56,1,0.6,Monetization Sentiment
6289,6289,Been using the app for a couple of weeks and have lost 4lbs already. Took a bit of setting up with the tasks and rewards but it is very customisable. Gamifying my life might be just the thing I need to get into better habits and lose some weight!,using app couple weeks lost lbs already took bit setting tasks rewards customisable gamifying life might thing need get better habits lose weight,5,2020-06-08 01:30:26,0,0.5,Monetization Sentiment
6290,6290,"This is an amazing app. You're able to customize almost everything to what you want. There are some things I'd love to see added, though. Some way to have an item reward you with money would be nice, and being able to have a task directly award you with an item, too. Developer(s), if you see this you have done an amazing job, I'll be getting the in app subscription soon to support you.",amazing app youre able customize almost everything want things id love see added though way item reward money would nice able task directly award item developers see done amazing job ill getting app subscription soon support,5,2020-06-07 11:44:40,16,0.3625,Monetization Sentiment
6291,6291,"Great app which has everything I need! It's not very easy at first, but the result it gives is worth the effort. I like that you can see your characteristics in a diagram and how customizable everything is. Thank you!",great app everything need easy first result gives worth effort like see characteristics diagram customizable everything thank,5,2020-06-06 00:53:18,0,0.4458333333333333,Monetization Sentiment
6292,6292,Best motivational game style to do list app I've tried. Subscription cost is very reasonable and the free version is great too. Definitely recommend!,best motivational game style list app ive tried subscription cost reasonable free version great definitely recommend,5,2020-06-02 23:18:20,0,0.3333333333333333,Monetization Sentiment
6293,6293,Amazing app!,amazing app,5,2020-06-02 19:37:38,0,0.6000000000000001,Low Signal
6294,6294,"Let's me focus on working out and ect the rewards are good from me going to the scale I lost more than 50 pounds good for activities and exercise I hope you enjoy it as well because I have a reason to give it a five star rating I have set the reward to make me improve better and make it all a more of a challenge thank you creators for giving me this inspiration to do better and be more healthy I will continue using this app for the rest of my life - enjoyable of this app , mogginz",lets focus working ect rewards good going scale lost pounds good activities exercise hope enjoy well reason give five star rating set reward make improve better make challenge thank creators giving inspiration better healthy continue using app rest life enjoyable app mogginz,5,2020-06-02 17:50:45,0,0.5428571428571428,Monetization Sentiment
6295,6295,This app makes me so much more productive,app makes much productive,5,2020-06-02 07:55:03,0,0.2,Monetization Sentiment
6296,6296,Great app,great app,5,2020-06-01 23:53:30,0,0.8,Low Signal
6297,6297,It's a really great app. Although it would be better if you could use costom icons for tasks and rewards and it would be better if the app didn't blur low quality pictures (as I like to use pixelated pictures). I also love the fact that this app works offline. Thank you for the great work 👍,really great app although would better could use costom icons tasks rewards would better app didnt blur low quality pictures like use pixelated pictures also love fact app works offline thank great work,5,2020-06-01 22:08:25,1,0.5166666666666666,Monetization Sentiment
6298,6298,Estive procurando por um aplicativo como esse.,estive procurando por um aplicativo como esse,5,2020-06-01 15:14:07,0,0.0,Monetization Sentiment
6299,6299,Very neat,neat,5,2020-05-31 10:16:53,0,0.0,Noise
6300,6300,"Overall very good. U can edit the skills and characteristics u want and edit the rewards as well. I just want to suggest: can u add a feature where we could interact with other users or create a group according to the skills and characteristics that we have. In that way, we can also get rewards for our grp and loose our stamina/ health if we wont be able to do task. These will trigger us more to participate. :) ill purchase the calendar soon if school will be back. Thanks!",overall good u edit skills characteristics u want edit rewards well want suggest u add feature could interact users create group according skills characteristics way also get rewards grp loose stamina health wont able task trigger us participate ill purchase calendar soon school back thanks,5,2020-05-31 09:57:47,12,0.1175824175824175,Feature Requests & Friction
6301,6301,"First of all it's an excellent app. I like the fact that it is highly customizable. However, I'd like to make a suggestion. Your app lacks the ""emotional"" aspect a bit. I suggest to add support of small custom avatar-like images to the tasks instead of monotone colored icons. This way a task will associate with something positive/inspirational. Pressing on a task could then show a larger version of the image in the task view screen. Do not understimate the power of visual associations.",first excellent app like fact highly customizable however id like make suggestion app lacks emotional aspect bit suggest add support small custom avatarlike images tasks instead monotone colored icons way task associate something positiveinspirational pressing task could show larger version image task view screen understimate power visual associations,5,2020-05-30 20:32:00,37,0.1657142857142857,Monetization Sentiment
6302,6302,C'est la meilleure application pour vaincre la procrastination,cest la meilleure application pour vaincre la procrastination,5,2020-05-29 00:23:02,0,0.0,Monetization Sentiment
6303,6303,In a weird way its cool to level up doing mundane tasks.,weird way cool level mundane tasks,5,2020-05-27 06:56:24,0,-0.1055555555555555,Monetization Sentiment
6304,6304,great app for a to-do list with a hint of gamer mentality,great app todo list hint gamer mentality,5,2020-05-26 02:33:35,0,0.8,Efficiency
6305,6305,"Very nice. Takes effort to customize, but can be a useful tool.",nice takes effort customize useful tool,5,2020-05-26 00:34:39,0,0.4499999999999999,Efficiency
6306,6306,Great App! I paid for the pro version. I like the customice options to create character traits and unique skills. Pls upload a yoga and a meditation icon :),great app paid pro version like customice options create character traits unique skills pls upload yoga meditation icon,5,2020-05-23 03:31:41,0,0.5875,Monetization Sentiment
6307,6307,"Why nobody said about the app missing a FAIL TASK button?·It's been so hard and time consuming to just fail some tasks. It's the best app from this category, besides this minor flaw.",nobody said app missing fail task buttonits hard time consuming fail tasks best app category besides minor flaw,5,2020-05-22 10:00:02,0,-0.0902777777777777,Monetization Sentiment
6308,6308,"I actually want to complete tasks and see how much I can level up each day! I love it! Its a game now, not a chore :D",actually want complete tasks see much level day love game chore,5,2020-05-22 06:17:17,0,0.08,Monetization Sentiment
6309,6309,Very good so far.,good far,5,2020-05-22 05:40:03,0,0.3999999999999999,Low Signal
6310,6310,Дякую,,5,2020-05-19 16:51:02,0,0.0,Noise
6311,6311,"This app is so cool! It's geared towards complete configuration from the user, so give your goals the time they deserve and map it out. Once you get through learning the app, it will be an awesome tool for your future development!",app cool geared towards complete configuration user give goals time deserve map get learning app awesome tool future development,5,2020-05-19 08:57:38,0,0.3625,Low Signal
6312,6312,Good,good,5,2020-05-19 00:58:29,0,0.7,Low Signal
6313,6313,"Although I ended up settling on a different tracking method, this app is nice. It offers tons of customization options. (Edit): What personally ended up working for me, unexpectedly, was just a low-tech checklist, lol. Still, praises to this app's design options :)",although ended settling different tracking method app nice offers tons customization options edit personally ended working unexpectedly lowtech checklist lol still praises apps design options,5,2020-05-18 13:59:26,0,0.2666666666666666,Efficiency
6314,6314,I'm a gamer and dislike doing chores. This gives incentive,im gamer dislike chores gives incentive,5,2020-05-18 02:49:38,0,0.0,Noise
6315,6315,I have had zero motivation to do anything lately with the whole Cortana thing going on but this really helps me get things done,zero motivation anything lately whole cortana thing going really helps get things done,5,2020-05-17 05:47:21,0,0.2,Efficiency
6316,6316,A frightfully creative and entertaining way getting your tasks done! 👍🏽,frightfully creative entertaining way getting tasks done,5,2020-05-15 12:21:55,0,0.5,Monetization Sentiment
6317,6317,"If you see this Taras or other developers, I believe your app would benefit immensely and more people will download it if you were to implement an online feature or a way to access on any device such as a computer. If you would upload a website with this apps interface and sync to the cloud, more people would be able to access it, meaning more profit which would mean more great reviews, etc. If you were to add this feature like Habitica has, I, and more people, will likely buy the subscription.",see taras developers believe app would benefit immensely people download implement online feature way access device computer would upload website apps interface sync cloud people would able access meaning profit would mean great reviews etc add feature like habitica people likely buy subscription,5,2020-05-15 02:20:33,17,0.1975,Monetization Sentiment
6318,6318,Good,good,5,2020-05-14 01:23:13,0,0.7,Low Signal
6319,6319,"Best gamify your todolist + productivity app, really recommend it to everyone",best gamify todolist productivity app really recommend everyone,5,2020-05-13 17:40:39,1,0.6,Monetization Sentiment
6320,6320,"Рекомендую.Отличное приложение, я вернулся и снова сразу подписался. Реквест:из-за большого количества опций и настроек часто тратишь много времени на заполнения всей инфы о задачах.Я бы очень хотел увидеть возможность добавления стандартных параметров для пользовательских групп задач.К примеру: у меня есть To Do лист и скажем Книги. Хотелось бы чтобы при добавлении задач на прямую в группу(+) подтягивалась иконка с цветом, длительность, повторение, и др параметры.И побольше иконок для платной",,5,2020-05-12 18:35:24,0,0.0,Noise
6321,6321,Ok,ok,5,2020-05-12 16:48:36,0,0.5,Noise
6322,6322,Wonderful app. Thank you developer. Please keep update.,wonderful app thank developer please keep update,5,2020-05-11 19:36:45,0,1.0,Noise
6323,6323,"Amazing system, some what hard to balance custom goals without someone else's help. But fun and helpfully none the less .",amazing system hard balance custom goals without someone elses help fun helpfully none less,5,2020-05-11 14:11:14,0,0.1104166666666666,Efficiency
6324,6324,"Aww man glad I found this!!! Love rpg games and this is a great incentive to get stuff done, just wish the full version wasn't almost 60 bucks or a subscription fee... Lil much for a reminder app",aww man glad found love rpg games great incentive get stuff done wish full version wasnt almost bucks subscription fee lil much reminder app,5,2020-05-08 23:47:32,0,0.4416666666666667,Monetization Sentiment
6602,6602,this helped to fix my life,helped fix life,5,2020-10-28 00:34:42,0,0.0,Efficiency
6603,6603,It's good.when I install it.I have many plans every day. Thanks for your program.🌹🌹🌹,goodwhen install iti many plans every day thanks program,5,2020-10-27 01:06:20,0,0.35,Monetization Sentiment
6604,6604,A really nice and amazing app. Lots of flexibility even in the free version. Love it so far.,really nice amazing app lots flexibility even free version love far,5,2020-10-26 15:52:31,0,0.44,Monetization Sentiment
6605,6605,Very nice app I downloaded many app but it is the best app I love this app thanks for this app 👍😄👍👍👍👍👍👍👍👍👍👍👍👍👍👍 I love this app,nice app downloaded many app best app love app thanks app love app,5,2020-10-26 12:43:23,0,0.55,Market Displacement
6606,6606,"Almost perfect. There's only one feature I'd like it to have that it doesn't: modify start of the week. To Europeans it makes absolutely no sense to start the week on a Sunday, which throws off my quantifications. I bought premium, but will update my review if this is added. Edit : it worked, thanks!",almost perfect theres one feature id like doesnt modify start week europeans makes absolutely sense start week sunday throws quantifications bought premium update review added edit worked thanks,5,2020-10-26 11:34:33,0,0.4666666666666666,Monetization Sentiment
6607,6607,Actually we need two type of tools one for long term growth 'Good Habits' and short term ' to do list' this aap fullfil both the purpose,actually need two type tools one long term growth good habits short term list aap fullfil purpose,5,2020-10-26 10:54:23,0,0.1624999999999999,Monetization Sentiment
6608,6608,Nice app. I Love it,nice app love,5,2020-10-25 04:31:15,0,0.55,Low Signal
6609,6609,I love this app so much. 5 starts definitely. I just got the app and I love it. But there is only one thing I really want a different background on the app. But for that I need premium I don't think that's fare. But 5 stars love it!,love app much starts definitely got app love one thing really want different background app need premium dont think thats fare stars love,5,2020-10-25 00:15:42,0,0.2714285714285714,Monetization Sentiment
6610,6610,I love this App. This app is just right for me.,love app app right,5,2020-10-24 12:27:18,0,0.3928571428571428,Low Signal
6611,6611,Perfect for my needs of tracking goals,perfect needs tracking goals,5,2020-10-22 08:35:34,0,1.0,Efficiency
6612,6612,Absolutely love this app it is so simple to use and it will remind you of everything ! I would recommend this app to anyone,absolutely love app simple use remind everything would recommend app anyone,5,2020-10-21 09:22:09,0,0.25,Feature Requests & Friction
6613,6613,great app,great app,5,2020-10-20 15:57:01,0,0.8,Low Signal
6614,6614,Helps to create new habit love it,helps create new habit love,5,2020-10-20 07:24:40,0,0.3181818181818182,Monetization Sentiment
6615,6615,"Good app, this guys are cool",good app guys cool,5,2020-10-20 00:19:47,0,0.5249999999999999,Low Signal
6616,6616,Litt it helps a lot,litt helps lot,5,2020-10-19 14:14:40,0,0.0,Efficiency
6617,6617,Easy to use and organize yourself. I love the habit feature to help you train yourself into healthy habits.,easy use organize love habit feature help train healthy habits,5,2020-10-19 01:24:39,0,0.4777777777777778,Retention Drivers
6618,6618,Best app keep it up 👍👍,best app keep,5,2020-10-18 22:20:19,0,1.0,Low Signal
6619,6619,"One of my biggest problem I was not so persistent and regular. Also I always tend to forget task. Habit tracking, task tracking and reminder helped me. It's like, a part of myself changed that day when I decided to install it. It's worth purchasing premium version. I really love the widget on my Home screen. Winners' secret of success is always hidden in their daily routine, so this app is highly recommend from my side. A REQUEST TO DEVELOPER TEAM, PLEASE DON'T STOP OR TURN DOWN THIS APP, EVER.",one biggest problem persistent regular also always tend forget task habit tracking task tracking reminder helped like part changed day decided install worth purchasing premium version really love widget home screen winners secret success always hidden daily routine app highly recommend side request developer team please dont stop turn app ever,5,2020-10-18 18:27:22,4,0.0866666666666666,Monetization Sentiment
6620,6620,"This is the app that i kept from numerous time management apps. All are full of features but not practical. This app serves me clear cut. Habit & Task, simple and most practical 😍 But I can't set the ""ending"" reminder alarms for a habit, i can only start but we need a alarm that tell us to stop 😒",app kept numerous time management apps full features practical app serves clear cut habit task simple practical cant set ending reminder alarms habit start need alarm tell us stop,5,2020-10-16 04:24:35,0,0.1125,Retention Drivers
6621,6621,"Fantastic! This app is visually appealing, easy to use, and is exceptionally customizable with notifications and reminders. I love the ability to categorize desired habits and set their importance. The only limiting factor is that it seems to be a little more designed for people with a standard work schedule. I've suggested adding a feature that would help for those with a changing work schedule.",fantastic app visually appealing easy use exceptionally customizable notifications reminders love ability categorize desired habits set importance limiting factor seems little designed people standard work schedule ive suggested adding feature would help changing work schedule,5,2020-10-14 12:19:45,0,0.3303571428571428,Monetization Sentiment
6622,6622,Super useful and easy to sort out.,super useful easy sort,5,2020-10-14 08:23:51,0,0.3555555555555555,Efficiency
6623,6623,An awesome app! I strongly recommend you to install it and use! It has banch of advantages including pin!,awesome app strongly recommend install use banch advantages including pin,5,2020-10-13 21:27:11,0,0.7166666666666667,Feature Requests & Friction
6624,6624,Terrific for reminders and tracking. Enjoying this app.,terrific reminders tracking enjoying app,5,2020-10-13 17:23:03,0,0.25,Efficiency
6625,6625,"Easy to use, works great..i downloaded it yesterday , pretty much what I was looking for..which was more a keep my schedule, track my schedule..remind me to drink water, you can add to do things..but i do have a separate app for daily, weekly, months GOALS..but on this app I remind myself to look at it lol.",easy use works greati downloaded yesterday pretty much looking forwhich keep schedule track scheduleremind drink water add thingsbut separate app daily weekly months goalsbut app remind look lol,5,2020-10-13 04:59:54,0,0.3366666666666666,Retention Drivers
6626,6626,Best app,best app,5,2020-10-12 08:16:47,0,1.0,Low Signal
6627,6627,This app really helped me organize my life!,app really helped organize life,5,2020-10-12 07:58:50,0,0.2,Efficiency
6628,6628,life changing app,life changing app,5,2020-10-08 19:35:36,0,0.0,Efficiency
6629,6629,"I rarely pay for anything on mobile because I don't trust most of them to be consistantly good but this one is different, after starting with the trial I found it was good enough to be worth the risk and I have not been dissapointed, it is a very useful and easy to use app and the devs are really responsive and on top of things as well.",rarely pay anything mobile dont trust consistantly good one different starting trial found good enough worth risk dissapointed useful easy use app devs really responsive top things well,5,2020-10-08 10:46:47,8,0.3121212121212121,Monetization Sentiment
6630,6630,Excellent interface. Easy to use.,excellent interface easy use,5,2020-10-06 22:17:43,0,0.7166666666666667,Product Usability & Aesthetics
6631,6631,"The best App for building habits anyone can have for free is this, loved your efforts to think what is needed to the customers, highly recommend this to anyone who wanna stay motivated.",best app building habits anyone free loved efforts think needed customers highly recommend anyone wanna stay motivated,5,2020-10-05 11:07:09,0,0.565,Retention Drivers
6632,6632,Best,best,5,2020-10-05 09:47:49,0,1.0,Low Signal
6633,6633,This is the best app I am being used I will never change it I started to use 1 year ago and I did not complain of anything,best app used never change started use year ago complain anything,5,2020-10-04 23:34:00,0,1.0,Retention Drivers
6634,6634,Great app for making new Habits,great app making new habits,5,2020-10-04 20:44:17,0,0.4681818181818182,Monetization Sentiment
6635,6635,I did not get any app like this 😃,get app like,5,2020-10-04 18:50:31,0,0.0,Noise
6636,6636,I was not able to change the am and pm settings. It is really helpful app try it.. thank you very much,able change pm settings really helpful app try thank much,5,2020-10-03 23:23:40,0,0.3,Efficiency
6637,6637,So good app,good app,5,2020-10-03 14:30:30,0,0.7,Low Signal
6638,6638,Great app! Instantly bought premium! Would it be possible to scale the widget (or make a new one) that's fits a small 1x1 size? I replaced my previous habit tracker with this app and I really miss that feature! I'm sure it will help others too! Keep up the good work!,great app instantly bought premium would possible scale widget make new one thats fits small x size replaced previous habit tracker app really miss feature im sure help others keep good work,5,2020-10-03 09:08:48,0,0.2132996632996633,Market Displacement
6639,6639,I struggle with starting any new habits. This was instrumental in even beginning a new habit. Super easy to set up. I get reminders. There's nightly accountability to check off the daily habits. I purchased the premium as I decided I wanted more than 7 new habits!,struggle starting new habits instrumental even beginning new habit super easy set get reminders theres nightly accountability check daily habits purchased premium decided wanted new habits,5,2020-10-02 22:26:10,0,0.1679653679653679,Monetization Sentiment
6640,6640,Excellent... Lovely and really helpfull! Thanks!,excellent lovely really helpfull thanks,5,2020-10-02 02:38:13,0,0.475,Efficiency
6641,6641,It is an amazing app and very easy to use it sends me notifications so I can keep my progress every single time I look at the app it motivates me to complete all tasks and habits Trust me you will love ticking those boxes after a task is done amazing satisfaction definitely would recommend,amazing app easy use sends notifications keep progress every single time look app motivates complete tasks habits trust love ticking boxes task done amazing satisfaction definitely would recommend,5,2020-10-01 19:00:38,0,0.308843537414966,Monetization Sentiment
6642,6642,Love it. Customizable so you can track progress or just be reminded to do something.,love customizable track progress reminded something,5,2020-10-01 18:01:35,0,0.5,Monetization Sentiment
6643,6643,"Exactly what I was looking for. An app that I can quickly open, hit the + button and jot down a task that's on my mind. And can add a reminder for that bill that's due next week. I tried Evernote and it's was too complicated. This is exactly what I need. Thank you.",exactly looking app quickly open hit button jot task thats mind add reminder bill thats due next week tried evernote complicated exactly need thank,5,2020-10-01 02:18:27,0,-0.0208333333333333,Retention Drivers
6644,6644,Good,good,5,2020-10-01 00:13:31,0,0.7,Low Signal
6645,6645,Perfect for establishing a daily routine!,perfect establishing daily routine,5,2020-09-30 22:13:50,0,0.5,Retention Drivers
6646,6646,I adore this app,adore app,5,2020-09-30 19:52:20,0,0.0,Noise
6647,6647,Pleaseee add more categories like hobbies and self development,pleaseee add categories like hobbies self development,5,2020-09-30 09:42:35,0,0.0,Feature Requests & Friction
6648,6648,My favorite part: I can leave memos for any day on any habit. Incredibly useful addition!,favorite part leave memos day habit incredibly useful addition,5,2020-09-29 10:23:28,0,0.4,Retention Drivers
6649,6649,This amazing app has really helped me get myself onto the right path. Thank you to the entire team.,amazing app really helped get onto right path thank entire team,5,2020-09-28 23:17:29,0,0.2714285714285714,Efficiency
6650,6650,It is an incredible app 🐱,incredible app,5,2020-09-28 10:54:06,0,0.9,Noise
6651,6651,"Very nice, easy to use",nice easy use,5,2020-09-24 14:39:51,0,0.5166666666666666,Product Usability & Aesthetics
6652,6652,I wish I found this app sooner ... I am in love with it . It very practical and it user friendly thank you !!,wish found app sooner love practical user friendly thank,5,2020-09-23 17:58:39,0,0.4375,Feature Requests & Friction
6653,6653,Great app for accountability and enforcing habits,great app accountability enforcing habits,5,2020-09-23 15:49:18,0,0.8,Retention Drivers
6654,6654,very nice app for habit reminder u,nice app habit reminder u,5,2020-09-23 13:35:39,0,0.6,Retention Drivers
6655,6655,Simple and easy to use!,simple easy use,5,2020-09-21 20:07:34,0,0.2166666666666666,Product Usability & Aesthetics
6656,6656,Easy to use and a nice clean interface. I like the notification options and the data reports that you can see I'd give it 6 stars if I could,easy use nice clean interface like notification options data reports see id give stars could,5,2020-09-20 19:28:08,0,0.4666666666666666,Efficiency
6657,6657,Luis《《《《☆☆☆,luis,5,2020-09-20 13:11:30,0,0.0,Product Usability & Aesthetics
6658,6658,Giving 5 star becoz its ad free,giving star becoz ad free,5,2020-09-20 11:41:19,0,0.4,Noise
6659,6659,"Very easy app to use. I also use a hardcopy calendar. This app saves me from having to transfer tasks to next day automatically until completed. I would love to view just the tasks or just the habits in addition to current view. I just got this app & liked it so much that I bought it. It helps me ""chunk down"" my tasks so they don't overwhelm me. Also loves that it includes habits. A nice combo. I love the way it looks. Great job!",easy app use also use hardcopy calendar app saves transfer tasks next day automatically completed would love view tasks habits addition current view got app liked much bought helps chunk tasks dont overwhelm also loves includes habits nice combo love way looks great job,5,2020-09-19 23:41:27,25,0.4037037037037037,Monetization Sentiment
6660,6660,Everybody need this app,everybody need app,5,2020-09-19 10:31:21,0,0.0,Noise
6661,6661,Love it... It is so helpful... Everything I thought it would be and more 😃,love helpful everything thought would,5,2020-09-19 09:17:06,0,0.5,Efficiency
6662,6662,this is a good app for me i love thousandage this app help all day energic,good app love thousandage app help day energic,5,2020-09-18 13:54:42,0,0.6,Retention Drivers
6663,6663,Increíble app!!,increble app,5,2020-09-18 04:58:11,0,0.0,Noise
6664,6664,"I really like this app, the layout, and ease of use. It's the only habit tracker I find myself using and looking forward to utilizing. Great features and interface. It has everything I expect from an app of its kind to help keep me accountable. Also, the app is well maintained with timely updates and improvements. SideNote: The Developer made good on adding that frequencies change feature. Thanks Developers. .👍🏼",really like app layout ease use habit tracker find using looking forward utilizing great features interface everything expect app kind help keep accountable also app well maintained timely updates improvements sidenote developer made good adding frequencies change feature thanks developers,5,2020-09-18 00:06:55,0,0.5,Monetization Sentiment
6665,6665,It's good apps. You can manage yourself,good apps manage,5,2020-09-17 20:05:42,0,0.7,Efficiency
6666,6666,It will better to give 10 stars amazing app . Thank tou habit now,better give stars amazing app thank tou habit,5,2020-09-15 23:47:31,0,0.55,Retention Drivers
6667,6667,"Love this app I use it to list my house chores, medication schedule, study chapters, and endless other habits and tasks!",love app use list house chores medication schedule study chapters endless habits tasks,5,2020-09-15 16:14:18,0,0.1875,Monetization Sentiment
6668,6668,pretty good,pretty good,5,2020-09-15 13:49:29,0,0.475,Low Signal
6669,6669,Great tool! Easy to setup,great tool easy setup,5,2020-09-15 11:51:50,0,0.6166666666666667,Product Usability & Aesthetics
6670,6670,"Simple to set up, looks good, works well",simple set looks good works well,5,2020-09-15 03:36:46,0,0.35,User Archetypes & Workflows
6671,6671,It is the best app guys don't think just go for it....😘,best app guys dont think go,5,2020-09-14 10:08:08,0,1.0,Low Signal
6672,6672,it is wonderful apps amazing!,wonderful apps amazing,5,2020-09-13 20:14:37,0,0.8,Low Signal
6673,6673,This is the best habit app I have used so far and I've tried out several!,best habit app used far ive tried several,5,2020-09-13 10:48:33,0,0.3666666666666667,Retention Drivers
6674,6674,This app is the best app I ever seen. Super. I appreciate whoever created this app,app best app ever seen super appreciate whoever created app,5,2020-09-13 10:19:33,0,0.6666666666666666,Low Signal
6675,6675,Keeps me on track,keeps track,5,2020-09-12 23:01:09,0,0.0,Efficiency
6676,6676,Great app,great app,5,2020-09-12 21:48:39,0,0.8,Low Signal
6677,6677,Wonderful App to monitor daily routine for improvement (forced as well as manual) Request to author 1. Please add option to add reminder on specific date of every month ( monthly repeating task on specific date) 2. Biometric login 3. UI could be more better 4 add tab for notes keeping (no reminder) 5 add tab for list (no reminder) 6 option to sync Google Calendar,wonderful app monitor daily routine improvement forced well manual request author please add option add reminder specific date every month monthly repeating task specific date biometric login ui could better add tab notes keeping reminder add tab list reminder option sync google calendar,5,2020-09-12 12:37:03,1,0.1999999999999999,Monetization Sentiment
6678,6678,"The best app to start a new habit or quit a bad one, it includes statistics on how you really performing, which is great. You can also put password for your privacy. In addition to that you can also add tasks your goal date, reminders,.... If you have not yet downloaded it I don't know what you are waiting for😄",best app start new habit quit bad one includes statistics really performing great also put password privacy addition also add tasks goal date reminders yet downloaded dont know waiting,5,2020-09-12 11:54:32,1,0.2872727272727273,Monetization Sentiment
6679,6679,Works great for my routines,works great routines,5,2020-09-10 06:53:21,0,0.8,User Archetypes & Workflows
6680,6680,Wonderful app to generate good habits and complete the task.,wonderful app generate good habits complete task,5,2020-09-09 13:54:42,0,0.6,Retention Drivers
6681,6681,Best habit app,best habit app,5,2020-09-08 19:21:46,0,1.0,Retention Drivers
6682,6682,Awesome,awesome,5,2020-09-08 14:50:19,0,1.0,Low Signal
6683,6683,Its super helpful.,super helpful,5,2020-09-08 04:17:57,0,0.3333333333333333,Efficiency
6684,6684,I am very much satisfied with this app. Well structured. Will like to use this app life long. Option for recurring task (unfinished task) seems awesome,much satisfied app well structured like use app life long option recurring task unfinished task seems awesome,5,2020-09-08 03:37:51,0,0.4833333333333333,Efficiency
6685,6685,"This app exactly suits my needs. I searched an app that allows me to record unsuccessful attempts rather than just successful ones. This app can also set Alarms as a reminder that have helped me actually do the task which otherwise wouldn't be completed. The analysis of habits suits my needs. Highly recommended. Ultimately, building habits is just finding an app that suits your needs & getting started. Happy that I found one for myself.",app exactly suits needs searched app allows record unsuccessful attempts rather successful ones app also set alarms reminder helped actually task otherwise wouldnt completed analysis habits suits needs highly recommended ultimately building habits finding app suits needs getting started happy found one,5,2020-09-07 20:21:04,12,0.3266666666666666,Monetization Sentiment
6686,6686,that's what I was looking for 🥰,thats looking,5,2020-09-06 06:10:21,0,0.0,Noise
6687,6687,Enjoy the app!,enjoy app,5,2020-09-05 21:25:55,0,0.4,Noise
6688,6688,"So far, this is working well.",far working well,5,2020-09-05 07:57:49,0,0.1,User Archetypes & Workflows
6689,6689,Best app,best app,5,2020-09-04 21:07:32,0,1.0,Low Signal
6690,6690,"(Premium user) Easy to use. Very useful. Thank you HabitNow ! Few suggestions cum requests : A) Please make this app eligible for Google Family library for premium users. B) Show percentage in Charts. C) Charts can be improved, graphs can be added. D) Many features, but still few more can be added. E) Reply to mails earliar.",premium user easy use useful thank habitnow suggestions cum requests please make app eligible google family library premium users b show percentage charts c charts improved graphs added many features still added e reply mails earliar,5,2020-09-04 15:15:55,0,0.4111111111111111,Monetization Sentiment
6691,6691,"Great, no ads, funtional app",great ads funtional app,5,2020-09-03 17:20:20,0,0.8,Efficiency
6692,6692,I like using the app. But I'm not able to see previous month bar graphs. Is it happening only for me?,like using app im able see previous month bar graphs happening,5,2020-09-01 21:34:07,0,0.1666666666666666,Retention Drivers
6693,6693,Nice p,nice p,5,2020-09-01 11:34:44,0,0.6,Low Signal
6694,6694,"I had this on my old phone before it broke and I tried at least 10 other apps similar to this and they never measured up. I would absolutely recommend to anyone who needs to organize theiar thoughts. It's visually good, easy to use and super helpful",old phone broke tried least apps similar never measured would absolutely recommend anyone needs organize theiar thoughts visually good easy use super helpful,5,2020-09-01 09:22:26,0,0.2095238095238095,Market Displacement
6695,6695,"I really like this app, I purchsed it forever. ❤❤🙏🙏",really like app purchsed forever,5,2020-08-30 08:47:37,0,0.2,Noise
6696,6696,Well organised and... 💾😊and loving it....,well organised loving,5,2020-08-30 02:20:06,0,0.6,Noise
6697,6697,"Amazing app! If you have a habit you need to seriously quit (or start), it will send you reminders on a time you like, multiple times a day! Great app!",amazing app habit need seriously quit start send reminders time like multiple times day great app,5,2020-08-29 18:20:04,0,0.2666666666666667,Retention Drivers
6698,6698,I love it! Palling of going pro!,love palling going pro,5,2020-08-29 07:43:31,0,0.5,Monetization Sentiment
6699,6699,"Great app. 5 stars for sure. What would make it even better from my POV: /- An option to set recurring tasks. e.g I want to pay my bills every month on the 1st, and I want to add a single recurring task. New Habit has the option ""How often do you want to do it"", but New Task does not. /- An ""are you sure"" question before deleting or undo option after. /- The option to filter the list of tasks by category. Especially if you also use it for work tasks, like I do",great app stars sure would make even better pov option set recurring tasks eg want pay bills every month st want add single recurring task new habit option often want new task sure question deleting undo option option filter list tasks category especially also use work tasks like,5,2020-08-29 00:41:30,34,0.3126623376623376,Monetization Sentiment
6700,6700,Does exactly what it should do. Gives you zero BS. Helped me create purpose and structure during quarantine so that I don't go crazy.,exactly gives zero bs helped create purpose structure quarantine dont go crazy,5,2020-08-28 08:19:34,0,-0.175,Efficiency
6701,6701,"Really great app, tried a few and this is certainly the best one I've used.",really great app tried certainly best one ive used,5,2020-08-27 12:13:56,0,0.9,Low Signal
6702,6702,"I'm really enjoying this app, but I wish it had the following: more view, color, and size options, analytics on all habits done in the course of a week or month, and better widgets. The text is so small in the widget and the texts for the habits in the app doesn't stand out. Oh and setting rewards for completing habits would be really cool. A ""Rewards Earned"" section that you check off once you use the reward (like buy yourself an ice cream).",im really enjoying app wish following view color size options analytics habits done course week month better widgets text small widget texts habits app doesnt stand oh setting rewards completing habits would really cool rewards earned section check use reward like buy ice cream,5,2020-08-26 03:01:04,5,0.22,Monetization Sentiment
6703,6703,"This app is great for creating new habits. By time of day, day of week, location, etc. Run 3x per week, Take Blood pressure daily when at home, etc. Works as a task list, but is better as a habit creator.",app great creating new habits time day day week location etc run x per week take blood pressure daily home etc works task list better habit creator,5,2020-08-26 00:46:32,0,0.3590909090909091,Monetization Sentiment
6704,6704,"Perfect app, Highly recommend to stay organized 💫",perfect app highly recommend stay organized,5,2020-08-25 21:27:23,0,0.58,Efficiency
6705,6705,I REGULARLY USED THIS APP N IT HELP ME TO TRACK MY HABBIT N ENCOURAGE ME TO BE BETTER N BETTER TASK IS ALWAYS CHALLANGE FOR ME N WITH THE HELP OF THIS APP I COMPLETE MY TASK WITHOUT FORGOTTEN OR TAKE IT SERIOUSLY SO IT CHANGE MY LIFE N SOMEWHAT MY LIFE IS REGULAR WITH THIS APP. THANKS HABITNOW,regularly used app n help track habbit n encourage better n better task always challange n help app complete task without forgotten take seriously change life n somewhat life regular app thanks habitnow,5,2020-08-24 15:47:36,0,0.1380952380952381,Retention Drivers
6706,6706,Do we have this app for ios ?,app ios,5,2020-08-24 07:02:05,0,0.0,Noise
6707,6707,Great app helped me with my routine and reminders. Thank you,great app helped routine reminders thank,5,2020-08-22 19:38:10,0,0.8,Efficiency
6708,6708,Really useful app..,really useful app,5,2020-08-22 10:28:54,0,0.3,Efficiency
6709,6709,Very Nice Interface. We can track our to dos for the day and Habits that we want to develop. Fair pricing. Less in size so even simple phones can have.,nice interface track dos day habits want develop fair pricing less size even simple phones,5,2020-08-22 06:18:48,0,0.2833333333333332,Retention Drivers
6710,6710,"Nice but it's really irritating that you can't edit frequency! Or a start date but I could live with that. Unfortunately, when your schedule / circumstances change, you have to create a new habit because you can't change days and frequency! EDIT: Issue fixed, thanks guys!",nice really irritating cant edit frequency start date could live unfortunately schedule circumstances change create new habit cant change days frequency edit issue fixed thanks guys,5,2020-08-22 03:55:09,1,0.0389610389610389,Monetization Sentiment
6711,6711,Best way to organize habits .suggest you to download the app!!!😘,best way organize habits suggest download app,5,2020-08-21 20:54:07,0,1.0,Retention Drivers
6712,6712,"Best, most versatile free version habit tracker I've tried. I love the whole thing.",best versatile free version habit tracker ive tried love whole thing,5,2020-08-21 19:01:03,0,0.525,Monetization Sentiment
6713,6713,It's ambitious,ambitious,5,2020-08-21 18:39:09,0,0.25,Noise
6714,6714,"Its a wonderfull app, helps in keeping a track of your habits and how consistent you are with it. Also you can check your streak of following certain habit, so eventually it strengthens your will power to continue with your habit. Very simple to use. I love this app!",wonderfull app helps keeping track habits consistent also check streak following certain habit eventually strengthens power continue habit simple use love app,5,2020-08-21 17:46:16,1,0.1928571428571428,Retention Drivers
6715,6715,Already loved the app.. today i installed and fall in love with it,already loved app today installed fall love,5,2020-08-20 09:42:06,0,0.6,Retention Drivers
6716,6716,I love this app this is used to track our good and bad habits also we can check our track record for previous month or week.,love app used track good bad habits also check track record previous month week,5,2020-08-19 15:04:45,0,0.0833333333333333,Retention Drivers
6717,6717,Easy and good to use Very helpful to analyse the habit in detail with statistics which has made this app so useful to everyone,easy good use helpful analyse habit detail statistics made app useful everyone,5,2020-08-18 23:23:48,0,0.4777777777777778,Retention Drivers
6718,6718,"Simple, effective and efficient!",simple effective efficient,5,2020-08-18 02:33:50,0,0.3,Product Usability & Aesthetics
6719,6719,Very useful app ever i have seen,useful app ever seen,5,2020-08-17 23:55:46,0,0.3,Efficiency
6720,6720,nice,nice,5,2020-08-17 18:20:12,0,0.6,Low Signal
6721,6721,This is a great partner for daily activities....,great partner daily activities,5,2020-08-16 11:10:57,0,0.4,Retention Drivers
6722,6722,"Muy excelente Aplicación, enamorado. Sólo le falta que permita hacer backups directamente en Google Drive.",muy excelente aplicacin enamorado slo le falta que permita hacer backups directamente en google drive,5,2020-08-16 09:53:01,0,0.0,Noise
6723,6723,Love it. Easy to use. Can customize to whatever you want and set the reminder according to when you want it.,love easy use customize whatever want set reminder according want,5,2020-08-16 07:32:56,0,0.4666666666666667,Efficiency
6724,6724,The best. I paid for the premium too,best paid premium,5,2020-08-15 14:16:50,0,1.0,Monetization Sentiment
6725,6725,I have enjoyed this app so much. I need to add more habits to it because it really works!,enjoyed app much need add habits really works,5,2020-08-15 06:20:03,0,0.3,Retention Drivers
6726,6726,Amazing app Helps you design your life and your day to day activities Do check it out.!,amazing app helps design life day day activities check,5,2020-08-14 13:31:01,0,0.6000000000000001,Retention Drivers
6727,6727,"Simple,not complicated I love it",simplenot complicated love,5,2020-08-14 04:19:26,0,0.0,Product Usability & Aesthetics
6728,6728,Best app,best app,5,2020-08-13 11:00:43,0,1.0,Low Signal
6729,6729,Verry helpfull😍😍,verry helpfull,5,2020-08-12 13:08:17,0,0.0,Efficiency
6730,6730,Buy it,buy,5,2020-08-10 23:48:20,0,0.0,Monetization Sentiment
6731,6731,Awesome app for habit and task tracking. It also has a fair pricing.,awesome app habit task tracking also fair pricing,5,2020-08-10 22:43:01,0,0.85,Retention Drivers
6732,6732,"Exactly what I was looking for, and love how user friendly it is!",exactly looking love user friendly,5,2020-08-10 12:11:37,0,0.375,Low Signal
6733,6733,"Great app and purchased premium, but I'm a night owl so can I go back to yesterday and mark something as complete?",great app purchased premium im night owl go back yesterday mark something complete,5,2020-08-09 04:49:33,0,0.3,Monetization Sentiment
6734,6734,شكرا جزيلا لكم,,5,2020-08-07 13:13:47,0,0.0,Noise
6735,6735,This app is very useful for students so try it....,app useful students try,5,2020-08-06 14:41:20,0,0.3,Efficiency
6736,6736,I love the flexibility and customization of this app. It is also very reliable!,love flexibility customization app also reliable,5,2020-08-05 19:39:23,0,0.5,Service Value & Trust
6737,6737,"The ability to put the widget on your home screen is a game changer. Before, I couldn't hold my streaks past a couple of weeks. I'm now at 2 months with a 90% success rate. Crazy what a constant reminder can do for you.",ability put widget home screen game changer couldnt hold streaks past couple weeks im months success rate crazy constant reminder,5,2020-08-05 15:23:19,0,-0.19,Monetization Sentiment
6738,6738,The app is super legit ;) Please make possible to decide the order in which the comments appear under the calendar in the habits section. I have a comment of 8/4/20 followed by a comment of 7/5/20 followed by 8/5/20. Is impossible to have comments organized chronologically. Thanks for the amazing app :D,app super legit please make possible decide order comments appear calendar habits section comment followed comment followed impossible comments organized chronologically thanks amazing app,5,2020-08-05 14:26:08,0,0.0933333333333333,Retention Drivers
6739,6739,It is so good app I like it so much,good app like much,5,2020-08-05 13:51:31,0,0.4499999999999999,Low Signal
6740,6740,Seems pretty good so far.,seems pretty good far,5,2020-08-05 10:07:42,0,0.35,Low Signal
6741,6741,A very good app ... It helps me to manage my online classes and daily routine together... 😄😄😄😄,good app helps manage online classes daily routine together,5,2020-08-05 09:58:01,0,0.35,Retention Drivers
6742,6742,"Tried many habit tracking apps, this one keeps it simple while maintaining primary functionalities that is expected from a habit tracker. No need for other day planner apps.",tried many habit tracking apps one keeps simple maintaining primary functionalities expected habit tracker need day planner apps,5,2020-08-04 14:37:41,0,0.2,Retention Drivers
6743,6743,Really cool app.,really cool app,5,2020-08-04 11:01:24,0,0.35,Noise
6744,6744,"Super clean, customizable, easy to use scheduling app. You can make it super simple or go in depth with pie charts and bar graphs. I love it, and its helping me start new habits. I love recording things but always give up because it takes too much effort long term. But the scheduled notifications remind me to log daily before I forget! No complaints from me, I highly recommend giving it a try.",super clean customizable easy use scheduling app make super simple go depth pie charts bar graphs love helping start new habits love recording things always give takes much effort long term scheduled notifications remind log daily forget complaints highly recommend giving try,5,2020-08-02 10:17:48,38,0.2427525252525253,Monetization Sentiment
6745,6745,Amazing app....it's very helpful for me,amazing appits helpful,5,2020-08-01 20:45:19,0,0.6000000000000001,Efficiency
6746,6746,It is great....,great,5,2020-08-01 20:20:58,0,0.8,Low Signal
6747,6747,This is wonderful and it's only $5 (one time) to get the premium version.,wonderful one time get premium version,5,2020-08-01 16:00:40,0,1.0,Monetization Sentiment
6748,6748,I love having a fully customizable checklist widget.,love fully customizable checklist widget,5,2020-07-31 03:57:12,0,0.5,Monetization Sentiment
6749,6749,A very productive app. The only bad thing was that the dark theme was not available for free. Rest everything was fine.,productive app bad thing dark theme available free rest everything fine,5,2020-07-30 09:46:14,0,0.0733333333333333,Monetization Sentiment
6750,6750,I love it for this aap,love aap,5,2020-07-30 07:37:31,0,0.5,Low Signal
6751,6751,It is easy to follow and I love the reminders! It is super helpful for me!,easy follow love reminders super helpful,5,2020-07-29 20:33:00,0,0.4222222222222222,Efficiency
6752,6752,"Best habit tracking apps. Clean, easy to use, options of goal tracking besides yes/no, and the ability to make notes. Wish that notes could be toggled by historicity. Can that be done please?",best habit tracking apps clean easy use options goal tracking besides yesno ability make notes wish notes could toggled historicity done please,5,2020-07-29 10:29:15,0,0.6,Retention Drivers
6753,6753,Chill and easy. Good for keeping track of my habits,chill easy good keeping track habits,5,2020-07-27 15:01:33,0,0.5666666666666667,Retention Drivers
6754,6754,This app is very simple and easy 👍. My favorite quality that the app is offering it's users is the one time buy premium that's only 5 bucks!(finally not a monthly one so I can actually buy it) anyway love the app and I like my high importance tasks that I have to finish today... The importance level... Anyway see ya 🙃,app simple easy favorite quality app offering users one time buy premium thats bucksfinally monthly one actually buy anyway love app like high importance tasks finish today importance level anyway see ya,5,2020-07-26 10:45:12,10,0.2655555555555555,Monetization Sentiment
6755,6755,extremely helpful and easy to use,extremely helpful easy use,5,2020-07-25 23:35:10,0,0.1541666666666666,Efficiency
6756,6756,I'm so happy with this app,im happy app,5,2020-07-25 14:35:43,0,0.8,Noise
6757,6757,It worked perfectly for me and benefits me with fantastic pleasures!!,worked perfectly benefits fantastic pleasures,5,2020-07-25 12:26:35,0,0.7,User Archetypes & Workflows
6758,6758,I've never rated something on Google Play so for this app to get me to give an amazing rating is saying something. This is my favorite routine planning app because it allows you to set habits and routines in an intuitive way. It allows you to view the progress you're making with habits. And it gives you the most functionality without having to pay anything. Other apps give little functionality before you have to pay.,ive never rated something google play app get give amazing rating saying something favorite routine planning app allows set habits routines intuitive way allows view progress youre making habits gives functionality without pay anything apps give little functionality pay,5,2020-07-25 01:50:06,38,0.3041666666666667,Market Displacement
6759,6759,Love it! The app I have been looking for,love app looking,5,2020-07-23 15:23:13,0,0.5,Low Signal
6760,6760,Loved it.. easy tracking.. detailed statistics.. Thank you for this ..,loved easy tracking detailed statistics thank,5,2020-07-23 08:12:11,0,0.5111111111111111,Efficiency
6761,6761,Premium version is awesome. Must use app to develop self discipline and to track your activities. Good stats window and satisfying UI.,premium version awesome must use app develop self discipline track activities good stats window satisfying ui,5,2020-07-22 07:02:53,0,0.7333333333333334,Monetization Sentiment
6762,6762,"Cute and functional little organisation app. Used the free version for a couple of months, liked it, transitioned to Premium - it's a one-off payment for a lifetime subscription, thought it was worth it. Clean design, good system. Here's what I think would make the app even better: 1. Setting a duration for tasks, not just habits. 2. Being able to move untimed tasks up and down the list. 3. More task icons! These are just things I would like ideally - love the app regardless!",cute functional little organisation app used free version couple months liked transitioned premium oneoff payment lifetime subscription thought worth clean design good system heres think would make app even better setting duration tasks habits able move untimed tasks list task icons things would like ideally love app regardless,5,2020-07-20 03:12:17,25,0.4179166666666667,Monetization Sentiment
6763,6763,"Love that I can create a habit once, click on everyday and it shows up everyday!! The best part is I have a habit that's has to be done every 15 days and this app allows me to pick how many days between I want this habit to occur!! Best app yet!!!",love create habit click everyday shows everyday best part habit thats done every days app allows pick many days want habit occur best app yet,5,2020-07-19 01:11:15,0,0.4333333333333333,Monetization Sentiment
6764,6764,Super duper amazing app .... Exactly what i wanted,super duper amazing app exactly wanted,5,2020-07-19 00:39:34,0,0.3944444444444444,Efficiency
6765,6765,Exactly what I was looking for. This app really helps me keep track of my habits and it super user friendly. Love it!,exactly looking app really helps keep track habits super user friendly love,5,2020-07-18 21:01:49,0,0.3316666666666666,Retention Drivers
6766,6766,So nice daily routine app,nice daily routine app,5,2020-07-18 18:26:36,0,0.3,Retention Drivers
6767,6767,Very Good App..😊👍,good app,5,2020-07-17 20:35:33,0,0.7,Low Signal
6768,6768,Good app but its not notifying me in my new phone LG but my old phone it does ring can someone tell me how to fix this problem ? The habitNow team helped me fix the problem it was the feature of battery optimizer on my phone thank you great app!,good app notifying new phone lg old phone ring someone tell fix problem habitnow team helped fix problem feature battery optimizer phone thank great app,5,2020-07-16 02:39:59,1,0.4340909090909091,Monetization Sentiment
6769,6769,"Highly recommended , it's really working well",highly recommended really working well,5,2020-07-16 01:20:28,0,0.18,Feature Requests & Friction
6770,6770,I love this app because it's really useful for planning,love app really useful planning,5,2020-07-15 18:27:18,0,0.4,Efficiency
6771,6771,"I love this app! It's everything I needed, I use it to manage everything including taking my medications. Paying for premium was totally worth it especially since it's only a one time fee.",love app everything needed use manage everything including taking medications paying premium totally worth especially since one time fee,5,2020-07-15 16:27:34,0,0.2666666666666666,Monetization Sentiment
6772,6772,"Best Habit app. It not only make habits become rontine, it has a task option many do not have. No need for two apps.",best habit app make habits become rontine task option many need two apps,5,2020-07-15 12:13:07,0,0.75,Retention Drivers
6773,6773,Love it. The answer of my hope. Thank you HabitNow 🤍,love answer hope thank habitnow,5,2020-07-15 05:01:22,0,0.5,Retention Drivers
6774,6774,It is a very fantastic app and it reminds me to do studies and do my homework...,fantastic app reminds studies homework,5,2020-07-14 12:40:00,0,0.4,User Archetypes & Workflows
6775,6775,"I love this app. It's like my own pocket-PA. I make notes on habits and when I go back to view, they're not in chronological order. They're ordering by the day of the month regardless of what the month is (DD/MM/YY) e.g. 03/07/2020 then 04/03/2020 then 05/06/2020. I'd change it to Y/M/D but can't see how to. I'll give 5 stars anyway because it is a great app despite this minor but annoying glitch. Is there any way to edit the habits, such as to change the days? I can't find a way to do that.",love app like pocketpa make notes habits go back view theyre chronological order theyre ordering day month regardless month ddmmyy eg id change ymd cant see ill give stars anyway great app despite minor annoying glitch way edit habits change days cant find way,5,2020-07-13 18:12:11,37,-0.0071428571428571,Retention Drivers
6776,6776,Cool,cool,5,2020-07-13 08:24:09,0,0.35,Noise
6777,6777,Nice application it was really very useful I did my work on time I was so much free time so that's good news I love it I'llI give u guys 5 🌟 stars. I want another to do app it must have talking alarm and please reply me THANKS FOR THE VERY VERY VERY VERY VERY VERY VERY VERY VERY VERY VERY NICE APP bye,nice application really useful work time much free time thats good news love illi give u guys stars want another app must talking alarm please reply thanks nice app bye,5,2020-07-11 23:21:55,0,0.4714285714285715,Monetization Sentiment
6778,6778,Супер,,5,2020-07-11 20:36:09,0,0.0,Noise
6779,6779,It is a practical app and easy to use.,practical app easy use,5,2020-07-11 16:34:17,0,0.4333333333333333,Product Usability & Aesthetics
6780,6780,Best habit app to date! Has every feature were other apps only have limited features. The only habit app you'll ever need.,best habit app date every feature apps limited features habit app youll ever need,5,2020-07-11 08:32:28,0,0.4642857142857143,Market Displacement
6781,6781,"This is an excellent app, it has helped organize my life really well. I only wish I could be able to edit tasks after saving them. Otherwise it comes highly recommended.",excellent app helped organize life really well wish could able edit tasks saving otherwise comes highly recommended,5,2020-07-10 23:43:23,0,0.4649999999999999,Monetization Sentiment
6782,6782,"Perfect app, I like it",perfect app like,5,2020-07-10 00:30:14,0,1.0,Noise
6783,6783,It works,works,5,2020-07-09 17:54:05,0,0.0,User Archetypes & Workflows
6784,6784,Great option but you must divide your habits in sub-habits to really achieve them. Thanks to developer team. Its a great app.,great option must divide habits subhabits really achieve thanks developer team great app,5,2020-07-09 16:27:17,0,0.5,Retention Drivers
6785,6785,"Great app, very easy to use. Calendar view is amazing!",great app easy use calendar view amazing,5,2020-07-08 20:17:16,0,0.6111111111111112,Product Usability & Aesthetics
6786,6786,Very easy to use 😄😃,easy use,5,2020-07-08 04:42:59,0,0.4333333333333333,Product Usability & Aesthetics
6787,6787,Everything I needed in one App.,everything needed one app,5,2020-07-07 12:34:23,0,0.0,Noise
6788,6788,"Love it , just need to increase habits option",love need increase habits option,5,2020-07-06 19:48:49,1,0.5,Retention Drivers
6789,6789,It is a really useful app,really useful app,5,2020-07-06 16:42:19,0,0.3,Efficiency
6790,6790,"This app is exactly what I was looking for! You can have tasks repeat daily, weekly, monthly, every three days, every Tuesday and Thursday, etc. You can also add one-time tasks that will show up every day on your checklist until you complete it. This has made my daily life so much easier and keeps me from forgetting to do important things. My one suggestion to make the app better would be the ability to drag and drop tasks and habits into a specific order. Besides that, it is GREAT 👍",app exactly looking tasks repeat daily weekly monthly every three days every tuesday thursday etc also add onetime tasks show every day checklist complete made daily life much easier keeps forgetting important things one suggestion make app better would ability drag drop tasks habits specific order besides great,5,2020-07-04 03:52:06,29,0.215,Monetization Sentiment
6791,6791,"My life seems to be taking a roadless travelled, I love it.",life seems taking roadless travelled love,5,2020-07-02 11:18:50,0,0.5,Efficiency
6792,6792,Wow this is what i was exactly looking for. Bought premium on the first day. Add many more features in the coming updates,wow exactly looking bought premium first day add many features coming updates,5,2020-07-02 07:19:30,0,0.275,Monetization Sentiment
6793,6793,Simple to use,simple use,5,2020-07-01 15:21:03,0,0.0,Product Usability & Aesthetics
6794,6794,"It's a wonderful app , good for setting reminders but I want 'already made plan' feature . That will be nice. Otherwise it's a nice offline app",wonderful app good setting reminders want already made plan feature nice otherwise nice offline app,5,2020-07-01 12:00:42,0,0.725,Efficiency
6795,6795,Peter Pan first born creator of existence,peter pan first born creator existence,5,2020-07-01 08:14:44,0,0.25,Noise
6796,6796,"Trying to instill better habits in my life. This app has been such a big help, very methodogic and gives me daily reminders to log before I go to bed.",trying instill better habits life app big help methodogic gives daily reminders log go bed,5,2020-06-30 23:55:34,0,0.1666666666666666,Retention Drivers
6797,6797,Nice app for daily activities...,nice app daily activities,5,2020-06-30 21:56:36,0,0.3,Retention Drivers
6798,6798,Very good😛👍,good,5,2020-06-30 20:14:28,0,0.7,Low Signal
6799,6799,Love the app only had for 2 days 👍,love app days,5,2020-06-30 11:14:05,0,0.5,Retention Drivers
6800,6800,"Just what I needed in a habit tracker. Simply amazing. Only request I have is can we have in-built timer for some habits? Like if I want a track a habit of daily reading a book for 30 minutes, I want to see if I am reading for 30 minutes or less. Thanks.",needed habit tracker simply amazing request inbuilt timer habits like want track habit daily reading book minutes want see reading minutes less thanks,5,2020-06-30 10:08:37,0,0.1583333333333333,Retention Drivers
6801,6801,It enurages me to hat want to do in order to develop good healthy habits.,enurages hat want order develop good healthy habits,5,2020-06-30 03:57:06,0,0.6,Retention Drivers
7552,7552,This helps so much getting things done. It's so satisfying to make stuff off the list. 5 stars can't live without,helps much getting things done satisfying make stuff list stars cant live without,5,2020-10-28 00:23:56,0,0.2787878787878787,Efficiency
7553,7553,"Making my life better, it is good to have a todo list !",making life better good todo list,5,2020-10-27 23:30:45,0,0.6,Efficiency
7554,7554,Nice,nice,5,2020-10-27 22:37:59,0,0.6,Low Signal
7555,7555,"The ""search"" feature is much faster than the last app I was using. I feel empowered 👍",search feature much faster last app using feel empowered,5,2020-10-27 22:26:01,0,0.1,Feature Requests & Friction
7556,7556,Would appreciate a more attractive alarm with reminders,would appreciate attractive alarm reminders,5,2020-10-27 22:12:55,0,0.8,Efficiency
7557,7557,Runs Good,runs good,5,2020-10-27 21:28:58,0,0.7,Low Signal
7558,7558,Satisy all of my needs,satisy needs,5,2020-10-27 19:28:25,0,0.0,Noise
7559,7559,"Useful, easy to use. Beautiful design. Sync between PC and mobile device.",useful easy use beautiful design sync pc mobile device,5,2020-10-27 18:22:22,0,0.5277777777777778,Efficiency
7560,7560,Good,good,5,2020-10-27 17:40:39,0,0.7,Low Signal
7561,7561,A grate app i use it every day,grate app use every day,5,2020-10-27 17:09:19,0,0.0,Retention Drivers
7562,7562,It's very easy to use. This app has made my life so much more organized!,easy use app made life much organized,5,2020-10-27 16:31:28,0,0.3166666666666666,Efficiency
7563,7563,This app is so helpful in my day to day life!,app helpful day day life,5,2020-10-27 14:55:09,0,0.0,Retention Drivers
7564,7564,Thank u for making this app fire five stars to it😜😜🤯,thank u making app fire five stars,5,2020-10-27 14:04:12,0,0.0,Noise
7565,7565,Simple to use.,simple use,5,2020-10-27 13:46:26,0,0.0,Product Usability & Aesthetics
7566,7566,Bery guud hahayes!,bery guud hahayes,5,2020-10-27 13:09:50,0,0.0,Noise
7567,7567,A1,,5,2020-10-27 10:45:21,0,0.0,Noise
7568,7568,Best app,best app,5,2020-10-27 09:55:30,0,1.0,Low Signal
7569,7569,Nice app. Improved to do version.,nice app improved version,5,2020-10-27 09:54:50,0,0.6,Monetization Sentiment
7570,7570,I find it very helpful to keep track of my day and keeps me on task.,find helpful keep track day keeps task,5,2020-10-27 09:17:04,0,0.0,Retention Drivers
7571,7571,Ok,ok,5,2020-10-27 03:36:56,0,0.5,Noise
7572,7572,Excellent very helpful a good way to share tasks with somebody we use it to buy groceries for example when we're in Costco one person can find one thing and the other person can find another thing and you check it off and you know it's been found that makes it very fantastic!,excellent helpful good way share tasks somebody use buy groceries example costco one person find one thing person find another thing check know found makes fantastic,5,2020-10-27 03:08:11,0,0.7000000000000001,Monetization Sentiment
7573,7573,Система Дорофеев отлично ложится в этот инструмент. Рекомендую!,,5,2020-10-27 01:39:18,0,0.0,Noise
7574,7574,"O aplicativo é muito bom porém algumas coisas precisam ser melhoradas. Primeiro, deveria ter um opção que você gravasse uma mensagem de voz registrando a tarefa por via de áudio. Segundo, deveria ter uma opção de tarefa não cumprida, um ""x vermelho"" que indica que a tarefa não foi cumprida, porque quando eu registro uma tarefa para ser feita diariamente e algum dia eu não a cumpra, não tem a opção de registrá-la como não feita e enquanto eu não colocá-la como feita o app não põe no dia seguinte.",aplicativo muito bom porm algumas coisas precisam ser melhoradas primeiro deveria ter um opo que voc gravasse uma mensagem de voz registrando tarefa por via de udio segundo deveria ter uma opo de tarefa cumprida um x vermelho que indica que tarefa foi cumprida porque quando eu registro uma tarefa para ser feita diariamente e algum dia eu cumpra tem opo de registrla como feita e enquanto eu colocla como feita app pe dia seguinte,5,2020-10-27 00:12:25,0,0.0,Product Usability & Aesthetics
7575,7575,Excellent,excellent,5,2020-10-27 00:10:37,0,1.0,Low Signal
7576,7576,"So far, really liking it!",far really liking,5,2020-10-26 23:47:32,0,0.15,Noise
7577,7577,Nic,nic,5,2020-10-26 23:41:28,0,0.0,Noise
7578,7578,Better than google task,better google task,5,2020-10-26 22:58:50,0,0.5,Market Displacement
7579,7579,So far so good...all wonderfully arranged according to my way and my headings...easy to use I only realized now that it shows under a different name with my number...how do I edit this?,far goodall wonderfully arranged according way headingseasy use realized shows different name numberhow edit,5,2020-10-26 22:34:50,0,0.3666666666666667,Product Usability & Aesthetics
7580,7580,🥰🥰🥰🥰,,5,2020-10-26 22:25:58,0,0.0,Noise
7581,7581,Very good performance 😊,good performance,5,2020-10-26 19:41:52,0,0.7,Low Signal
7582,7582,Helpful for my daily activities notes. Thanks a lot.,helpful daily activities notes thanks lot,5,2020-10-26 19:22:06,0,0.1,Retention Drivers
7583,7583,Excellent App! Keeps me organized.,excellent app keeps organized,5,2020-10-26 19:11:37,0,1.0,Efficiency
7584,7584,This app helps me to be more organised.,app helps organised,5,2020-10-26 18:57:27,0,0.0,Efficiency
7585,7585,Great!,great,5,2020-10-26 18:27:07,0,0.8,Low Signal
7586,7586,Customizable and syncs nice across all our devices.,customizable syncs nice across devices,5,2020-10-26 18:03:17,0,0.6,Monetization Sentiment
7587,7587,Very user frendly and easy to communicate in corporate gruops,user frendly easy communicate corporate gruops,5,2020-10-26 16:21:58,0,0.2166666666666666,Product Usability & Aesthetics
7588,7588,Disks,disks,5,2020-10-26 15:18:10,0,0.0,Noise
7589,7589,Awesome application thankyou microsoft,awesome application thankyou microsoft,5,2020-10-26 15:01:24,0,1.0,Low Signal
7590,7590,Best to do app ever,best app ever,5,2020-10-26 10:58:58,0,1.0,Low Signal
7591,7591,Highly recommended for any one trying to overcome procrastination,highly recommended one trying overcome procrastination,5,2020-10-26 09:40:31,0,0.16,Monetization Sentiment
7592,7592,Wonderful!,wonderful,5,2020-10-26 09:38:12,0,1.0,Noise
7593,7593,I love this app,love app,5,2020-10-26 08:52:27,0,0.5,Low Signal
7594,7594,Simpan and easy,simpan easy,5,2020-10-26 08:28:43,0,0.4333333333333333,Product Usability & Aesthetics
7595,7595,Great,great,5,2020-10-26 08:25:07,0,0.8,Low Signal
7596,7596,Very useful to quickly make a list or have a long one for like a grocery list right on your phone.,useful quickly make list long one like grocery list right phone,5,2020-10-26 07:44:47,0,0.2172619047619047,Efficiency
7597,7597,Best app... pls add function of multiple intraday alarms for any task.,best app pls add function multiple intraday alarms task,5,2020-10-26 06:39:18,0,0.5,Retention Drivers
7598,7598,Im enjoying the structure of this app.,im enjoying structure app,5,2020-10-26 06:19:21,0,0.5,Noise
7599,7599,Great app...Unless your spouse controls it. 😁,great appunless spouse controls,5,2020-10-26 03:20:50,0,0.8,Low Signal
7600,7600,Works,works,5,2020-10-26 02:08:04,0,0.0,User Archetypes & Workflows
7601,7601,Agregar una opción para poner una nota general en una lista de tareas.,agregar una opcin para poner una nota general en una lista de tareas,5,2020-10-26 01:26:02,0,0.05,User Archetypes & Workflows
7602,7602,Just what I needed,needed,5,2020-10-26 01:12:54,0,0.0,Noise
7603,7603,Wonderful app.,wonderful app,5,2020-10-25 21:47:01,0,1.0,Noise
7604,7604,"I use it as the grocery list for when I shop. Everybody in my family used to wait until I was busy doing something else to tell me about what they needed from the store and they would assume that since ""they told me"" that I heard them or retained the information which made for a lot of disappointments. So I shared the app with the family so everybody can add to the list as needed for themselves. As far as my family is concerned, it's a life saver (for them 🙂).",use grocery list shop everybody family used wait busy something else tell needed store would assume since told heard retained information made lot disappointments shared app family everybody add list needed far family concerned life saver,5,2020-10-25 21:45:47,3,0.1,Monetization Sentiment
7605,7605,Best reminder and organizer app,best reminder organizer app,5,2020-10-25 21:02:15,0,1.0,Efficiency
7606,7606,Easy to use and does what it says.,easy use says,5,2020-10-25 18:05:34,0,0.4333333333333333,Product Usability & Aesthetics
7607,7607,Simple and useful 👍,simple useful,5,2020-10-25 14:44:56,0,0.15,Efficiency
7608,7608,Good and easy to use,good easy use,5,2020-10-25 14:07:16,0,0.5666666666666667,Product Usability & Aesthetics
7609,7609,Super,super,5,2020-10-25 12:42:00,0,0.3333333333333333,Noise
7610,7610,Multi functional app for daily tasks routine,multi functional app daily tasks routine,5,2020-10-25 08:16:34,0,0.0,Monetization Sentiment
7611,7611,👍🏻🙏🏻👍🏻EXCELLENT AND FREQUENT UPDATES! PLEASE IMPROVE NOTIFICATIONS FOR QUERIES & COMMENTS!!! 🤩😇🤩😇,excellent frequent updates please improve notifications queries comments,5,2020-10-25 06:57:57,0,0.55,Monetization Sentiment
7612,7612,Does everything.,everything,5,2020-10-25 02:22:10,0,0.0,Noise
7613,7613,That's awesome 🤩💓 easy and fast,thats awesome easy fast,5,2020-10-25 01:28:31,0,0.5444444444444444,Product Usability & Aesthetics
7614,7614,"Awesome app,thank u microsoft",awesome appthank u microsoft,5,2020-10-24 21:27:52,0,1.0,Low Signal
7615,7615,Love it 😊,love,5,2020-10-24 19:52:40,0,0.5,Low Signal
7616,7616,Almost as good as wunderlist,almost good wunderlist,5,2020-10-24 18:01:48,0,0.7,User Archetypes & Workflows
7617,7617,Finally!!! After looking for several months I found the perfect to-do app that is ****not annoying. Thanks Microsoft,finally looking several months found perfect todo app annoying thanks microsoft,5,2020-10-24 17:45:24,0,0.0799999999999999,Retention Drivers
7618,7618,Ajterth,ajterth,5,2020-10-24 17:38:29,0,0.0,Noise
7619,7619,Good,good,5,2020-10-24 16:05:42,0,0.7,Low Signal
7620,7620,It's amazing I really like it it's so easy and you can use it anytime and it's encourage you to do your work faster and it's so good 😍😍😍😍😍😍😍,amazing really like easy use anytime encourage work faster good,5,2020-10-24 15:57:35,0,0.4833333333333333,User Archetypes & Workflows
7621,7621,Good task reminder app. Very intergration with 0365,good task reminder app intergration,5,2020-10-24 14:25:56,0,0.7,Efficiency
7622,7622,Excellent app for setting up ur daily routine.,excellent app setting ur daily routine,5,2020-10-24 14:11:08,0,0.5,Retention Drivers
7623,7623,Great app,great app,5,2020-10-24 11:21:55,0,0.8,Low Signal
7624,7624,"For me, the best app for organizing your life. But some things should be improved though: 1. You can't set Monday as the first day of the week. 2. Having some of your notes appear both in Planned and Tasks and some in Planned but not in Tasks is bewildering. Besides Planned and Tasks there are two more lists - My Day and Important. Why so many overlapping lists? 3. You can't change fixed time for reminder alarm. For example, ""tomorrow"" is always at 9 a.m. You can't change that to, say, 10 a.m. 4. You can't set quick alarm. For example you can't type some note and then tap ""remind me in half an hour"" or in 15 minutes, in two hours etc. There's no such option. 5. You can't insert a photo or voice recording into your reminders. 6. You can't protect your reminders and notes with a password. Anyone can read them.",best app organizing life things improved though cant set monday first day week notes appear planned tasks planned tasks bewildering besides planned tasks two lists day important many overlapping lists cant change fixed time reminder alarm example tomorrow always cant change say cant set quick alarm example cant type note tap remind half hour minutes two hours etc theres option cant insert photo voice recording reminders cant protect reminders notes password anyone read,5,2020-10-24 11:01:39,34,0.3452380952380953,Monetization Sentiment
7625,7625,I love it!,love,5,2020-10-24 10:00:11,0,0.5,Low Signal
7626,7626,Excellent app.,excellent app,5,2020-10-24 09:36:21,0,1.0,Low Signal
7627,7627,Works well for me. Several lists.,works well several lists,5,2020-10-24 09:18:00,0,0.0,User Archetypes & Workflows
7628,7628,A good app,good app,5,2020-10-24 07:39:14,0,0.7,Low Signal
7629,7629,It helps me remember things.,helps remember things,5,2020-10-24 03:41:34,0,0.0,Efficiency
7630,7630,Love that my husband and I can share our lists!,love husband share lists,5,2020-10-24 01:48:58,0,0.5,User Archetypes & Workflows
7631,7631,Beautiful layout and well developed,beautiful layout well developed,5,2020-10-24 01:35:13,1,0.475,Product Usability & Aesthetics
7632,7632,Very good,good,5,2020-10-23 23:38:43,0,0.7,Low Signal
7633,7633,Awesome and multi device sharing.,awesome multi device sharing,5,2020-10-23 22:47:05,0,1.0,Low Signal
7634,7634,Easy to keep yourself organised and prioritise your todos,easy keep organised prioritise todos,5,2020-10-23 21:48:09,0,0.4333333333333333,Product Usability & Aesthetics
7635,7635,Absolutely astonishing!,absolutely astonishing,5,2020-10-23 20:34:31,0,0.5,Noise
7636,7636,Love this app and office 365 in general,love app office general,5,2020-10-23 20:05:57,0,0.275,Low Signal
7637,7637,The new update brings a lot that was desired. Most importantly list sharing with much better approach than wunderlist. But task assigning within the shared list and chat on a particular task is still missing and this is something that still holds me back from fully migrating from Wunderlist.,new update brings lot desired importantly list sharing much better approach wunderlist task assigning within shared list chat particular task still missing something still holds back fully migrating wunderlist,5,2020-10-23 20:04:16,0,0.1671717171717172,Monetization Sentiment
7638,7638,Best of the best,best best,5,2020-10-23 18:56:27,0,1.0,Low Signal
7639,7639,Very nice app must try,nice app must try,5,2020-10-23 18:36:49,0,0.6,Low Signal
7640,7640,Awesome,awesome,5,2020-10-23 18:11:41,0,1.0,Low Signal
7641,7641,"Myself and my husband find this very useful for things we have to do, home repair, groceries, holiday lists.",husband find useful things home repair groceries holiday lists,5,2020-10-23 17:51:00,1,0.3,Retention Drivers
7642,7642,The best thing to type and remember our list,best thing type remember list,5,2020-10-23 17:21:46,0,1.0,Monetization Sentiment
7643,7643,Application is much nice but windows application having much synchronization issues. It would be big improvement if it gets sync across all devices specially windows application.,application much nice windows application much synchronization issues would big improvement gets sync across devices specially windows application,5,2020-10-23 16:02:50,0,0.2892857142857143,Monetization Sentiment
7644,7644,Free,free,5,2020-10-23 14:40:54,0,0.4,Noise
7645,7645,Better than other app,better app,5,2020-10-23 14:40:26,0,0.5,Market Displacement
7646,7646,"I've used Microsoft To-Do list for a while now and really enjoyed the seamless experience of having everything sync across. I love how simple it is to add new items and create new lists. The colour, design and layout is perfectly straightforward, having no clutter. Any actions added sync immediately to other devices using Microsoft To-Do list. I just wish actions added to MyDay list would save to each specific day like on a calendar so I can revisit those events.",ive used microsoft todo list really enjoyed seamless experience everything sync across love simple add new items create new lists colour design layout perfectly straightforward clutter actions added sync immediately devices using microsoft todo list wish actions added myday list would save specific day like calendar revisit events,5,2020-10-23 14:03:22,0,0.218465909090909,Monetization Sentiment
7647,7647,Easy to use and very helpful,easy use helpful,5,2020-10-23 13:39:47,0,0.4333333333333333,Efficiency
7648,7648,This added significantly to my recent productivity hights.,added significantly recent productivity hights,5,2020-10-23 13:39:30,0,0.0,Monetization Sentiment
7649,7649,Nice app.,nice app,5,2020-10-23 12:14:37,0,0.6,Low Signal
7650,7650,Love it,love,5,2020-10-23 11:08:49,0,0.5,Low Signal
7651,7651,Great app Easiest and most customisable app in playstore,great app easiest customisable app playstore,5,2020-10-23 10:54:25,0,0.8,Low Signal
7652,7652,Splendid life-work organizing method,splendid lifework organizing method,5,2020-10-23 10:36:15,0,0.8333333333333334,Efficiency
7653,7653,I'm a student and this app helps me a lot,im student app helps lot,5,2020-10-23 09:43:30,0,0.0,Efficiency
7654,7654,Great app to organise your tasks,great app organise tasks,5,2020-10-23 09:21:13,0,0.8,Monetization Sentiment
7655,7655,"Just what I was looking for, this works for me.",looking works,5,2020-10-23 08:02:34,0,0.0,User Archetypes & Workflows
7656,7656,The preview video sold me after 30s. Didn't even watch the last 15s.,preview video sold didnt even watch last,5,2020-10-23 05:32:56,0,0.0,Noise
7657,7657,Love it!,love,5,2020-10-23 05:20:10,0,0.5,Low Signal
7658,7658,Thank you devs for an amazing app! All in one without the unnecessary waste the others provide for a fee. Strongly recommend anyone reading for download confirmation. Don't forget to cancel your subscription to the other waste of money/space.,thank devs amazing app one without unnecessary waste others provide fee strongly recommend anyone reading download confirmation dont forget cancel subscription waste moneyspace,5,2020-10-23 04:50:34,0,0.0466666666666666,Market Displacement
7659,7659,"Very good app. I tried other apps before, some were simple and some were sophisticated. This one mixed the simplicity and competence.",good app tried apps simple sophisticated one mixed simplicity competence,5,2020-10-23 01:29:39,0,0.3,Market Displacement
7660,7660,"Great for keeping updated with work tasks, administration or groceries",great keeping updated work tasks administration groceries,5,2020-10-23 00:36:35,0,0.8,Monetization Sentiment
7661,7661,"Error: Can't add a step after other with an enter, you ought to go to bottom. // Lacks: Can't search your tasks or, steps, with an option ""search"" into lists or steps sections.",error cant add step enter ought go bottom lacks cant search tasks steps option search lists steps sections,5,2020-10-23 00:10:24,0,0.0,Monetization Sentiment
7662,7662,Amazing! Superb!,amazing superb,5,2020-10-22 22:22:45,0,0.8,Low Signal
7663,7663,Extremely good for work,extremely good work,5,2020-10-22 21:25:20,0,0.7,User Archetypes & Workflows
7664,7664,Love the fact it updates all 3 of my devices,love fact updates devices,5,2020-10-22 20:09:22,0,0.5,Low Signal
7665,7665,Perfect,perfect,5,2020-10-22 17:04:30,0,1.0,Noise
7666,7666,"Simple, but effective",simple effective,5,2020-10-22 16:30:46,0,0.3,Product Usability & Aesthetics
7667,7667,I absolutely love it love it love it this is a good Microsoft to-do list and you can take it anywhere on the phone now and Markoff anything I love it hope it doesn't change its taste just as good as it is now,absolutely love love love good microsoft todo list take anywhere phone markoff anything love hope doesnt change taste good,5,2020-10-22 15:55:27,0,0.5666666666666668,Feature Requests & Friction
7668,7668,"A 5 star because it's the best ToDo app I've tried...and I've tried a lot. Well thought out and well integrated with Office although it works great as a standalone app. I use it for multiple businesses, projects, personal etc.",star best todo app ive triedand ive tried lot well thought well integrated office although works great standalone app use multiple businesses projects personal etc,5,2020-10-22 09:23:43,0,0.45,Monetization Sentiment
7669,7669,"Excellent app. I use it for groceries lists, work to-do lists, camping lists, saving documents etc etc... fantastic and easy to use...",excellent app use groceries lists work todo lists camping lists saving documents etc etc fantastic easy use,5,2020-10-22 09:00:55,0,0.611111111111111,User Archetypes & Workflows
7670,7670,Very useful app.,useful app,5,2020-10-22 08:58:22,0,0.3,Efficiency
7671,7671,Very good tool for day to day use,good tool day day use,5,2020-10-22 08:43:47,0,0.7,Retention Drivers
7672,7672,It will only alarm if you will open the app,alarm open app,5,2020-10-22 08:26:38,0,0.0,Noise
7673,7673,"The best to do app on the market. Very easy to use, very intuitive and logical interface.",best app market easy use intuitive logical interface,5,2020-10-22 08:18:40,0,0.5611111111111111,Product Usability & Aesthetics
7674,7674,Feels very intuitive. The steps feature is awesome. I wish that the other tasks can be merged to another task to form as another step. It would be great to group and order random ideas without needing to look for other related tasks. But my love for this app is there. xx,feels intuitive steps feature awesome wish tasks merged another task form another step would great group order random ideas without needing look related tasks love app xx,5,2020-10-22 06:00:12,0,0.36,Monetization Sentiment
7675,7675,"I love this app!! My family can add things to grocery list from there phones as we run out! Also, great for when I am in the store as well. We can also monitor when chores are being done!",love app family add things grocery list phones run also great store well also monitor chores done,5,2020-10-22 03:39:59,0,0.65,Feature Requests & Friction
7676,7676,Simply superb!!,simply superb,5,2020-10-22 03:03:47,0,1.0,Noise
7677,7677,Best app for planing and to do.. ;],best app planing,5,2020-10-22 02:19:33,0,1.0,Low Signal
7678,7678,Most useful to do list there is. Wish had more time features so i can short tasks by their deadlines (what hour they finish),useful list wish time features short tasks deadlines hour finish,5,2020-10-22 02:00:02,0,0.15,Monetization Sentiment
7679,7679,Excellent,excellent,5,2020-10-21 22:00:16,0,1.0,Low Signal
7680,7680,It is excellent for your Info updated.,excellent info updated,5,2020-10-21 20:49:53,0,1.0,Low Signal
7681,7681,Nice,nice,5,2020-10-21 20:37:04,0,0.6,Low Signal
7682,7682,Helps me get things done,helps get things done,5,2020-10-21 20:27:11,0,0.0,Efficiency
7683,7683,Is only a good list everything you need,good list everything need,5,2020-10-21 19:53:26,0,0.7,User Archetypes & Workflows
7684,7684,Excellent.,excellent,5,2020-10-21 19:36:37,0,1.0,Low Signal
7685,7685,Great for this making,great making,5,2020-10-21 18:19:59,0,0.8,Low Signal
7686,7686,love it,love,5,2020-10-21 18:01:18,0,0.5,Low Signal
7687,7687,Uncomplicated and very useful,uncomplicated useful,5,2020-10-21 17:06:55,0,0.3,Efficiency
7688,7688,Nice 👌,nice,5,2020-10-21 16:04:47,0,0.6,Low Signal
7689,7689,Great,great,5,2020-10-21 14:21:59,0,0.8,Low Signal
7690,7690,"Hands down! Just add more colours or customisation of task colours. Other than that, everything is great!",hands add colours customisation task colours everything great,5,2020-10-21 13:15:57,0,0.8,Feature Requests & Friction
7691,7691,Loved it. It helps me to organize my work. I really recomment the app,loved helps organize work really recomment app,5,2020-10-21 13:02:23,0,0.4499999999999999,Efficiency
7692,7692,Nice app,nice app,5,2020-10-21 11:48:07,0,0.6,Low Signal
7693,7693,"The user interface is simple enough, the whole app in general feels light and clean. I highly recommend",user interface simple enough whole app general feels light clean highly recommend,5,2020-10-21 11:44:03,0,0.168095238095238,Feature Requests & Friction
7694,7694,Great App..,great app,5,2020-10-21 10:48:27,0,0.8,Low Signal
7695,7695,Awesome app. Love that I can choose themes too,awesome app love choose themes,5,2020-10-21 09:58:00,0,0.75,Low Signal
7696,7696,Does what it says and does it well.,says well,5,2020-10-21 07:52:47,0,0.0,Noise
7697,7697,Works well so far,works well far,5,2020-10-21 04:46:37,0,0.1,User Archetypes & Workflows
7698,7698,"Love this app, would definitely recommend to someone looking for an everyday To do list app, you can even share with family members!",love app would definitely recommend someone looking everyday list app even share family members,5,2020-10-21 04:24:55,1,0.0999999999999999,Retention Drivers
7699,7699,Nice app for reminder.,nice app reminder,5,2020-10-21 04:22:22,0,0.6,Efficiency
7700,7700,Excellent product really helps me keep track of my daily simple tasks without having to use OneNote for much bigger efforts. My particular like the auto sync between phone and laptop via cloud,excellent product really helps keep track daily simple tasks without use onenote much bigger efforts particular like auto sync phone laptop via cloud,5,2020-10-21 04:00:04,0,0.2277777777777777,Monetization Sentiment
7701,7701,"Handy, colorfull, easy to use, good integration with PC, user freindly ...",handy colorfull easy use good integration pc user freindly,5,2020-10-21 03:15:50,0,0.5777777777777777,Product Usability & Aesthetics
7702,7702,easy and good interface,easy good interface,5,2020-10-21 02:28:31,0,0.5666666666666667,Product Usability & Aesthetics
7703,7703,Still trying out but great so far. Integrates great with office 365 outlook and planner.,still trying great far integrates great office outlook planner,5,2020-10-21 00:25:19,0,0.5666666666666668,Low Signal
7704,7704,By far the best to do list / task management app. Syncs perfectly with the desktop app as well.,far best list task management app syncs perfectly desktop app well,5,2020-10-20 23:51:05,0,0.7000000000000001,Efficiency
7705,7705,Keeps me organized! Great app :),keeps organized great app,5,2020-10-20 23:15:02,0,0.8,Efficiency
7706,7706,Best list app I have used. It's excellent.,best list app used excellent,5,2020-10-20 22:43:58,0,1.0,User Archetypes & Workflows
7707,7707,"Just use it for lists, works well",use lists works well,5,2020-10-20 19:51:46,0,0.0,User Archetypes & Workflows
7708,7708,Rat tuyet...ok,rat tuyetok,5,2020-10-20 19:30:47,0,0.0,Noise
7709,7709,Good app,good app,5,2020-10-20 18:13:21,0,0.7,Low Signal
7710,7710,Best To- Do App Ever. Easy to use. Better customization and all in one To-Do app.,best app ever easy use better customization one todo app,5,2020-10-20 17:59:28,0,0.6444444444444445,Efficiency
7711,7711,Gr8,gr,5,2020-10-20 17:33:52,0,0.0,Noise
7712,7712,"Easy to work with, interactive, great visual tool. The team is connected and we all work for a commun goal.",easy work interactive great visual tool team connected work commun goal,5,2020-10-20 17:02:50,0,0.4111111111111111,User Archetypes & Workflows
7713,7713,"Simple and elegant, great app.",simple elegant great app,5,2020-10-20 16:12:42,0,0.4333333333333333,Product Usability & Aesthetics
7714,7714,חחח,,5,2020-10-20 15:50:06,0,0.0,Noise
7715,7715,"Handy to to do app, easy to use.",handy app easy use,5,2020-10-20 15:31:45,0,0.5166666666666666,Product Usability & Aesthetics
7716,7716,"So far the best simple to do list app for android. You can share lists of tasks with others easily, for collaboration.",far best simple list app android share lists tasks others easily collaboration,5,2020-10-20 14:47:30,0,0.3833333333333333,Market Displacement
7717,7717,This App is great and it helped me organizing my time. Thank you Microsoft.,app great helped organizing time thank microsoft,5,2020-10-20 09:40:49,0,0.8,Efficiency
7718,7718,Best app ever used,best app ever used,5,2020-10-20 09:24:02,0,1.0,Low Signal
7719,7719,"Luar biasa, membantu dlm penjadualan pertemuan",luar biasa membantu dlm penjadualan pertemuan,5,2020-10-20 08:41:10,0,0.0,Noise
7720,7720,Microsoft always did great. This is the best app to plan your daily life. No ads.❤️. Smooth experience. Awesome UI.,microsoft always great best app plan daily life ads smooth experience awesome ui,5,2020-10-20 08:06:50,0,0.64,Retention Drivers
7721,7721,"I have been using this app since September 2020 and i have got better performance from this app, i love it...... really its helpful for our schedule punctuation",using app since september got better performance app love really helpful schedule punctuation,5,2020-10-20 07:28:40,0,0.3999999999999999,Monetization Sentiment
7722,7722,Practical,practical,5,2020-10-20 07:16:47,0,0.0,Noise
7723,7723,Excellent,excellent,5,2020-10-20 05:14:45,0,1.0,Low Signal
7724,7724,Great convenient app use it for kids chores,great convenient app use kids chores,5,2020-10-19 23:53:04,0,0.8,Low Signal
7725,7725,Easy to use .Nice themes .It is really helpful for a student like me. Thank you Microsoft.😘😘👍👍,easy use nice themes really helpful student like thank microsoft,5,2020-10-19 21:15:36,0,0.411111111111111,Efficiency
7726,7726,"Really like it. Hope to see even more flexibility in the future, but as it is it is a great, simple, functional app and has been great for organizing our family's move-related tasks.",really like hope see even flexibility future great simple functional app great organizing familys moverelated tasks,5,2020-10-19 20:38:19,1,0.36,Monetization Sentiment
7727,7727,"Great app, easy to use!",great app easy use,5,2020-10-19 20:16:02,0,0.6166666666666667,Product Usability & Aesthetics
7728,7728,Best and simple,best simple,5,2020-10-19 19:25:17,0,0.5,Product Usability & Aesthetics
7729,7729,Love it! Wish it synched with google tasks,love wish synched google tasks,5,2020-10-19 18:56:32,0,0.5,Monetization Sentiment
7730,7730,It is a best app for anybody I glad to have this app...,best app anybody glad app,5,2020-10-19 16:40:52,0,0.75,Low Signal
7731,7731,A must have,must,5,2020-10-19 16:16:45,0,0.0,Noise
7732,7732,Very useful.,useful,5,2020-10-19 16:12:35,0,0.3,Efficiency
7733,7733,Awesome app! Would be awesome if there was a calender view,awesome app would awesome calender view,5,2020-10-19 15:35:33,0,1.0,Feature Requests & Friction
7734,7734,A good app,good app,5,2020-10-19 14:23:29,0,0.7,Low Signal
7735,7735,"Loved it so far! Simple, intuitive, just does the work.",loved far simple intuitive work,5,2020-10-19 13:53:04,0,0.2666666666666666,User Archetypes & Workflows
7736,7736,Works well,works well,5,2020-10-19 12:25:13,0,0.0,User Archetypes & Workflows
7737,7737,"Simply love it. My laptop has Windows 10 Pro which is why I discovered it. It is an attractive application and easy to use. With the app downloaded on my phone, my to do list is always at my finger tips. I can now throw away my old paper diaries. Highly recommend.",simply love laptop windows pro discovered attractive application easy use app downloaded phone list always finger tips throw away old paper diaries highly recommend,5,2020-10-19 12:20:20,3,0.3986666666666666,Monetization Sentiment
7738,7738,Great tool,great tool,5,2020-10-19 12:10:22,0,0.8,Low Signal
7739,7739,the best app could upy more,best app could upy,5,2020-10-19 09:22:36,0,1.0,Feature Requests & Friction
7740,7740,"Good app, really helpfull",good app really helpfull,5,2020-10-19 07:58:49,0,0.4499999999999999,Efficiency
7741,7741,The best to do list apps I've ever had.,best list apps ive ever,5,2020-10-19 07:21:44,0,1.0,User Archetypes & Workflows
7742,7742,must have,must,5,2020-10-19 07:15:37,0,0.0,Noise
7743,7743,"simple to use, has dark theme and syncs between different electronics. no ads or anything.",simple use dark theme syncs different electronics ads anything,5,2020-10-19 01:59:17,0,-0.0499999999999999,Product Usability & Aesthetics
7744,7744,Nice app,nice app,5,2020-10-18 23:24:40,0,0.6,Low Signal
7745,7745,Nice in planning,nice planning,5,2020-10-18 22:56:21,0,0.6,Low Signal
7746,7746,Very easy-to-use,easytouse,5,2020-10-18 22:29:43,0,0.0,Product Usability & Aesthetics
7747,7747,Very helpful in planning a day,helpful planning day,5,2020-10-18 22:27:09,0,0.0,Retention Drivers
7748,7748,Wonderful,wonderful,5,2020-10-18 22:18:18,0,1.0,Noise
7749,7749,Exactly the reminders I need to stay productive! Thank you !!!!,exactly reminders need stay productive thank,5,2020-10-18 20:01:22,0,0.25,Monetization Sentiment
7750,7750,it is to use. Keeps me from forgetting my tasks,use keeps forgetting tasks,5,2020-10-18 19:09:42,0,0.0,Monetization Sentiment
7751,7751,Great app,great app,5,2020-10-18 19:08:40,0,0.8,Low Signal
8447,8447,This APP's widgets can't realtime refresh in new android core 10.,apps widgets cant realtime refresh new android core,5,2020-10-27 17:58:38,0,0.1363636363636363,Monetization Sentiment
8448,8448,Great app!,great app,5,2020-10-27 09:43:52,0,0.8,Low Signal
8449,8449,Good,good,5,2020-10-27 07:23:08,0,0.7,Low Signal
8450,8450,"Amazing app. One of the main reasons I like having a smart watch is to keep track of my appointments on my wrist, and this has been one of, if not the best way I've tried of having easy visual access to my daily agenda. The visuals is seeing the hand move towards my meetings and the time listed until then is a great touch as well",amazing app one main reasons like smart watch keep track appointments wrist one best way ive tried easy visual access daily agenda visuals seeing hand move towards meetings time listed great touch well,5,2020-10-26 10:14:04,2,0.4017857142857143,Retention Drivers
8451,8451,This makes it very easy to get a quick glance and understanding of my schedule. I love how it shows how much time is in between and before an appointment. It makes life easier to plan. Great visuals too.,makes easy get quick glance understanding schedule love shows much time appointment makes life easier plan great visuals,5,2020-10-26 08:11:42,0,0.4533333333333333,Efficiency
8452,8452,"Good app. I agree with other reviews, the addition of tasks will make it great. Update: The new edition seems to be less useful. It seems one need the pro version to get it to work well. revised update. The app is very useful to ser in one vie appointments highly recommended",good app agree reviews addition tasks make great update new edition seems less useful seems one need pro version get work well revised update app useful ser one vie appointments highly recommended,5,2020-10-26 03:11:40,0,0.3185281385281385,Monetization Sentiment
8453,8453,Good for those who work well with visual prompts.,good work well visual prompts,5,2020-10-25 21:17:14,0,0.35,Monetization Sentiment
8454,8454,Very nice!,nice,5,2020-10-24 01:15:43,0,0.6,Low Signal
8455,8455,It's nice to see the day at a glance.,nice see day glance,5,2020-10-23 16:57:25,0,0.6,Retention Drivers
8456,8456,It thinks about the day the way I do,thinks day way,5,2020-10-23 14:38:07,0,0.0,Retention Drivers
8457,8457,Best time planner,best time planner,5,2020-10-23 10:40:13,0,1.0,Low Signal
8458,8458,Good app. Thank you. Very helpful 🙂,good app thank helpful,5,2020-10-22 01:35:54,0,0.7,Efficiency
8459,8459,Awesome!,awesome,5,2020-10-21 05:08:03,0,1.0,Low Signal
8460,8460,Good,good,5,2020-10-21 01:30:16,0,0.7,Low Signal
8461,8461,"I love this app...it really helps with planning and the widget really helps. The widget looks like a clock, so it's like a clock and tells you what the schedule is for the day...you can customize the way that you want the clock to look...",love appit really helps planning widget really helps widget looks like clock like clock tells schedule dayyou customize way want clock look,5,2020-10-20 19:08:03,0,0.3,Retention Drivers
8462,8462,Amazing 👏,amazing,5,2020-10-20 18:55:39,0,0.6000000000000001,Low Signal
8463,8463,Great app. Must have.,great app must,5,2020-10-20 18:15:29,0,0.8,Low Signal
8464,8464,This is all i ever wanted from a calendar.,ever wanted calendar,5,2020-10-20 12:57:10,0,0.0,Efficiency
8465,8465,Extremely easy and user friendly. This app is amazing for visualising your day. Works a treat for people with busy schedules or people exploring time blocking.,extremely easy user friendly app amazing visualising day works treat people busy schedules people exploring time blocking,5,2020-10-20 12:53:35,0,0.3770833333333334,Retention Drivers
8466,8466,Used on Motorola phone. Synchronization to Google let me get all my notfactions on my Samsung phone my windows PC and three different Linux flavors from ubuntu 20.04 to Arch to Parott OS.,used motorola phone synchronization google let get notfactions samsung phone windows pc three different linux flavors ubuntu arch parott os,5,2020-10-20 10:08:29,0,0.0,Noise
8467,8467,"Really interesting app, and very nice arrangement.",really interesting app nice arrangement,5,2020-10-20 09:02:10,0,0.55,Low Signal
8468,8468,Productivity over 9000.....,productivity,5,2020-10-19 22:19:44,0,0.0,Monetization Sentiment
8469,8469,Excellent app to manage time and tasks,excellent app manage time tasks,5,2020-10-19 13:01:26,0,1.0,Monetization Sentiment
8470,8470,Still early in system but finding useful as tool to manage time,still early system finding useful tool manage time,5,2020-10-19 09:58:18,0,0.2,Efficiency
8471,8471,Easy to use!,easy use,5,2020-10-19 05:09:53,0,0.4333333333333333,Product Usability & Aesthetics
8472,8472,"Really nice visualization of your calendar events. (Not sure if it's there already, but I'm missing reminders support)",really nice visualization calendar events sure already im missing reminders support,5,2020-10-18 19:21:07,0,0.3,Efficiency
8473,8473,Download several apps to compare and i have sticked to this instead for my calendar and tasks,download several apps compare sticked instead calendar tasks,5,2020-10-18 08:00:00,0,0.0,Monetization Sentiment
8474,8474,I just love its simplicity,love simplicity,5,2020-10-17 22:29:25,0,0.5,Low Signal
8475,8475,Really good app! The widget replaced the clock on my main screen as soon as I realized how effective it was at keeping me on schedule.,really good app widget replaced clock main screen soon realized effective keeping schedule,5,2020-10-17 13:32:01,0,0.4888888888888889,Market Displacement
8476,8476,This is the App that i've been waiting for,app ive waiting,5,2020-10-17 06:42:21,0,0.0,Noise
8477,8477,Like it... Would like to remove ads..,like would like remove ads,5,2020-10-16 22:39:01,0,0.0,Feature Requests & Friction
8478,8478,Good,good,5,2020-10-15 08:43:56,0,0.7,Low Signal
8479,8479,simple gui for the user,simple gui user,5,2020-10-15 02:18:16,0,0.0,Product Usability & Aesthetics
8480,8480,"(Works now) Time stops in Adroid 10 (Upd: ok will try. Thanks for the quick response!) (Upd: it still doesn't work) (Upd: thanks for your help once again, but i've tired all means to no avail) (Upd: it worked when i removed the widget and re-applied it! Thank u for the great support!)",works time stops adroid upd ok try thanks quick response upd still doesnt work upd thanks help ive tired means avail upd worked removed widget reapplied thank u great support,5,2020-10-14 11:07:09,0,0.2722222222222222,Efficiency
8481,8481,"Good app, just hope they add reminders soon, there are adds but that's okay",good app hope add reminders soon adds thats okay,5,2020-10-14 00:05:54,0,0.6,Efficiency
8482,8482,Nice! It will track my personal calendar!,nice track personal calendar,5,2020-10-13 17:23:35,0,0.3,Efficiency
8483,8483,"Bagus aplikasinya, atur jadwal jd lebi gampang dan termonitor krn bisa sync sm microsoft calender. Definitely worth it",bagus aplikasinya atur jadwal jd lebi gampang dan termonitor krn bisa sync sm microsoft calender definitely worth,5,2020-10-13 10:01:28,0,0.3,Monetization Sentiment
8484,8484,"Still learning the app but so far, so good. Dànko 🤘🏿",still learning app far good dnko,5,2020-10-12 20:50:18,0,0.3999999999999999,Low Signal
8485,8485,It's definitely helpful 😌,definitely helpful,5,2020-10-12 13:40:49,0,0.0,Efficiency
8486,8486,"It is exactly what I wanted, I used to scramble up my meetings and then I was searching for something visual and something that would sort out my times... and then I found it 😍 have been in Love with it so far. all the best to the developers 👍",exactly wanted used scramble meetings searching something visual something would sort times found love far best developers,5,2020-10-12 11:23:44,0,0.37,Efficiency
8487,8487,Love this on my home screen. Thank you!!!!,love home screen thank,5,2020-10-12 03:55:31,0,0.5,Low Signal
8488,8488,It is simple and easy to use! I like it very much and have used it for almost 1 year.,simple easy use like much used almost year,5,2020-10-12 01:15:40,0,0.2111111111111111,Retention Drivers
8489,8489,"Super helpful for my ADHD, and the dark mode is soooo much better",super helpful adhd dark mode soooo much better,5,2020-10-10 20:36:57,0,0.2277777777777777,Efficiency
8490,8490,"Amazing app, PLEASE MAKE A SMART WATCH FACE FOR THIS APP!!!!!!!!!!!!!!!",amazing app please make smart watch face app,5,2020-10-09 22:40:09,0,0.4071428571428572,Low Signal
8491,8491,Best one,best one,5,2020-10-09 10:10:04,0,1.0,Low Signal
8492,8492,Love having the visual to show time in a spatial way,love visual show time spatial way,5,2020-10-09 06:32:34,0,0.25,Low Signal
8493,8493,Update: They are slow but they update and sync slowly. Overall very good app. Very buggy with time. The times are off. I think it's a sync issue with google calendar. It doesn't work even after fixing sync issues.,update slow update sync slowly overall good app buggy time times think sync issue google calendar doesnt work even fixing sync issues,5,2020-10-09 01:54:34,0,0.1333333333333333,User Archetypes & Workflows
8494,8494,When i downloaded this application Sir.. Really.. I am succeeding in my career.... There is no application like it... Sir thanks to u.. We cant explain that what have u gave us.,downloaded application sir really succeeding career application like sir thanks u cant explain u gave us,5,2020-10-08 20:54:30,0,0.2,Noise
8495,8495,Helps me to see my day & the time I have between engagements at a glance. Super helpful,helps see day time engagements glance super helpful,5,2020-10-08 20:53:43,0,0.3333333333333333,Retention Drivers
8496,8496,"Awesome app, Love it",awesome app love,5,2020-10-08 20:45:10,0,0.75,Low Signal
8497,8497,"Best visual tool for time management. All my I phone friends are jealous. It seriously saves me, I am a visual person and seeing the time in this way helps me make my hectic schedule.",best visual tool time management phone friends jealous seriously saves visual person seeing time way helps make hectic schedule,5,2020-10-08 13:53:53,0,0.1666666666666666,Efficiency
8498,8498,Great app. Super useful. Helps me to organize my day. The layout is nice to look at.,great app super useful helps organize day layout nice look,5,2020-10-08 12:31:20,0,0.5083333333333333,Retention Drivers
8499,8499,One of my favorite application.,one favorite application,5,2020-10-08 11:02:32,0,0.5,Noise
8500,8500,It's been super helpful in managing my ADD time management problem.,super helpful managing add time management problem,5,2020-10-08 05:38:30,0,0.3333333333333333,Monetization Sentiment
8501,8501,Love it.....,love,5,2020-10-08 02:03:42,0,0.5,Low Signal
8502,8502,Makes it easy to see whats ahead on the agenda,makes easy see whats ahead agenda,5,2020-10-07 22:30:13,0,0.4333333333333333,Product Usability & Aesthetics
8503,8503,Very goood,goood,5,2020-10-07 21:50:06,0,0.0,Noise
8504,8504,"Awesome! So useful. From my class time table to assignment submission, tests, seminars, webinars, never missed anything. Just one glance and i know what my whole day is and during the day i can see when is coming next and what i have completed so far. It's an amaaaazing app.",awesome useful class time table assignment submission tests seminars webinars never missed anything one glance know whole day day see coming next completed far amaaaazing app,5,2020-10-07 18:49:54,0,0.32,Retention Drivers
8505,8505,Well made and very useful,well made useful,5,2020-10-07 17:50:57,0,0.3,Efficiency
8506,8506,Very use full to manage our time well👌👌,use full manage time well,5,2020-10-07 11:21:08,0,0.35,Efficiency
8507,8507,Ok by far the best planner anyone could have ..i loved it ♥︎♥︎♥︎and it has no ads and totally offline,ok far best planner anyone could loved ads totally offline,5,2020-10-06 17:13:46,0,0.4599999999999999,Feature Requests & Friction
8508,8508,Love this app. Had it on my last 4 phones. I gotta have sextograph in my life!,love app last phones gotta sextograph life,5,2020-10-06 08:14:19,0,0.25,Efficiency
8509,8509,Superb functionality and visual info,superb functionality visual info,5,2020-10-04 18:51:58,0,0.5,Efficiency
8510,8510,Nice app for time management,nice app time management,5,2020-10-04 06:17:20,0,0.6,Efficiency
8511,8511,Does what it says is does.,says,5,2020-10-03 22:15:09,0,0.0,Noise
8512,8512,"Yes,definitely this app is convincing",yesdefinitely app convincing,5,2020-10-03 20:28:46,0,0.5,Noise
8513,8513,Very useful and user-friendly app. Best schedule app I've ever used for today. Thanks a lot!,useful userfriendly app best schedule app ive ever used today thanks lot,5,2020-10-03 11:06:48,0,0.5,Retention Drivers
8514,8514,Awesome app. GUI helps to identify the utilization of our time.,awesome app gui helps identify utilization time,5,2020-10-03 07:14:18,0,1.0,Efficiency
8515,8515,Love this absolutely easy to work with and so helpful. Thank you!,love absolutely easy work helpful thank,5,2020-10-02 23:10:27,0,0.4666666666666667,Efficiency
8516,8516,"Excellent for visualizing your day and ""where you are"" in your agenda",excellent visualizing day agenda,5,2020-10-02 16:00:53,0,1.0,Retention Drivers
8517,8517,Loved it since day one. It is now one of the first apps I install on a new phone. For me it is a must have. So easy to manage time. Like a watch for meetings!,loved since day one one first apps install new phone must easy manage time like watch meetings,5,2020-10-02 12:27:39,1,0.3799242424242424,Monetization Sentiment
8518,8518,Good,good,5,2020-10-02 07:25:48,0,0.7,Low Signal
8519,8519,"I recommend this app. Very good app, Nice work developer/s, Thanks for creating this app. This app helps the user to get things done smoothly, It helps the user to manage the time and also you can track everything you do.",recommend app good app nice work developers thanks creating app app helps user get things done smoothly helps user manage time also track everything,5,2020-10-02 06:35:57,1,0.475,Efficiency
8520,8520,I really love this app! It's especially great if you have several things to do in a day. You can see everything at a glance.,really love app especially great several things day see everything glance,5,2020-10-01 16:35:33,1,0.5,Retention Drivers
8521,8521,Nice.. quite an appreciable !,nice quite appreciable,5,2020-10-01 07:35:16,0,0.6,Product Usability & Aesthetics
8522,8522,Awesome,awesome,5,2020-10-01 04:37:48,0,1.0,Low Signal
8523,8523,Amazing,amazing,5,2020-09-30 20:30:39,0,0.6000000000000001,Low Signal
8524,8524,Really well designed and intuitive to use,really well designed intuitive use,5,2020-09-30 16:29:38,0,0.2,Product Usability & Aesthetics
8525,8525,Gracias a esta aplicación me he podido organizar mucho mejor.,gracias esta aplicacin podido organizar mucho mejor,5,2020-09-30 15:34:59,0,0.0,Noise
8526,8526,Amazing visibility on your day,amazing visibility day,5,2020-09-29 20:27:50,0,0.6000000000000001,Retention Drivers
8527,8527,"Sectograph is so helpful for me to visualize my day and how I'm going to spend my time. It's almost like a pie chart of my time, perfect for this visual learner. What I would love is a companion app (watch face or widget) on Samsung Galaxy watches so I can see it on my wrist, too. I use the the widget on my phone's home screen all the time. I love it!",sectograph helpful visualize day im going spend time almost like pie chart time perfect visual learner would love companion app watch face widget samsung galaxy watches see wrist use widget phones home screen time love,5,2020-09-29 19:03:11,61,0.5,Retention Drivers
8528,8528,The best,best,5,2020-09-29 15:20:12,0,1.0,Low Signal
8529,8529,A very nice app for time management. A good User Interface.,nice app time management good user interface,5,2020-09-29 10:10:04,1,0.6499999999999999,Efficiency
8530,8530,amazing app for Scheduling,amazing app scheduling,5,2020-09-28 11:11:40,0,0.6000000000000001,Low Signal
8531,8531,Very helpful for visualizing your day/time commitments. This has helped me to better manage my time and stay productive longer than I used to do on a traditional calendar.,helpful visualizing daytime commitments helped better manage time stay productive longer used traditional calendar,5,2020-09-28 01:55:03,1,0.25,Monetization Sentiment
8532,8532,Great tool for visualy keeping your schedule at the front of your mind! With my ADHD i suffer from time blindness and this tool coupled with agressively scheduling time to update my calander makes a great way to keep track of what i need to do and when.,great tool visualy keeping schedule front mind adhd suffer time blindness tool coupled agressively scheduling time update calander makes great way keep track need,5,2020-09-27 18:21:39,6,0.8,Retention Drivers
8533,8533,The idea of daily workflow as a clock widget is great.,idea daily workflow clock widget great,5,2020-09-27 14:12:15,0,0.4,Retention Drivers
8534,8534,Love the way this app shows my day - works like my brain does!,love way app shows day works like brain,5,2020-09-27 13:28:31,0,0.5,Retention Drivers
8535,8535,Helps with managing my ADHD by making my schedule easily visible on my homescreen!,helps managing adhd making schedule easily visible homescreen,5,2020-09-27 01:25:40,0,0.4333333333333333,Efficiency
8536,8536,"It's clean, simple, easy to use and such a helpful reminder of my day's schedule without being pushy. It's helped bring structure to my day, whether I follow the plans to the T or not.",clean simple easy use helpful reminder days schedule without pushy helped bring structure day whether follow plans,5,2020-09-26 22:50:58,1,0.2666666666666666,Retention Drivers
8537,8537,Love this app. So helpful to see schedule and time differently.,love app helpful see schedule time differently,5,2020-09-26 19:06:44,0,0.25,Efficiency
8538,8538,I love this app!,love app,5,2020-09-26 12:20:22,0,0.5,Low Signal
8539,8539,"Love this app, it's very helpful.",love app helpful,5,2020-09-26 11:06:44,0,0.5,Efficiency
8540,8540,Really like the widget. Being able to set the center to actually open the clock app is a big plus for me. Very well done and useful.,really like widget able set center actually open clock app big plus well done useful,5,2020-09-26 09:03:11,1,0.15,Efficiency
8541,8541,"Great app! Would kill to be able to spin/advance the time hand on the widget! But understand this is probably a limitation of the Android operating system. Aside from that, this widget has been a key factor in improving my daily productivity a significant amount. Integrates perfectly with my Google Calendar and Google tasks. Thank you developers! Life savers!",great app would kill able spinadvance time hand widget understand probably limitation android operating system aside widget key factor improving daily productivity significant amount integrates perfectly google calendar google tasks thank developers life savers,5,2020-09-26 05:37:47,18,0.4458333333333333,Monetization Sentiment
8542,8542,"I bought the full version and I am quite gappy with it. It's a cheap, one-time purchase, and it gives you a bunch of extra features.",bought full version quite gappy cheap onetime purchase gives bunch extra features,5,2020-09-25 19:57:23,1,0.25,Monetization Sentiment
8543,8543,Loved it.. But keep improving and make brilliant experiences for customer,loved keep improving make brilliant experiences customer,5,2020-09-25 11:46:06,0,0.8,Monetization Sentiment
8544,8544,"First impressions: excellent app. settings page could be more organized, but widget usability more than makes up for it.",first impressions excellent app settings page could organized widget usability makes,5,2020-09-25 03:59:09,1,0.625,Efficiency
8545,8545,The sectograph view adds a lot to the traditional calendar representation.,sectograph view adds lot traditional calendar representation,5,2020-09-24 12:17:31,0,0.0,Feature Requests & Friction
8546,8546,"I love the concept. This is something I've been looking for a long time. I have installed Sectograph; however, I haven't been able to make it work using sync with Outlook. I use Exchange as corporate email and this app is really practical and useful for my work. I have tried sync my calendar with google but I haven't been able to do it in the right, fully automated manner. I was able to sync with Outlook however even when the app is connected and without any issue the events does not show. I have tried what you explain in your FAQs without success. I'm a little bit frustrated since I'd love to use it but it seems impossible. I'll really appreciate any hint/help you can provide me. The 5 stars is for the overall concept, since I haven't been able to use it yet.",love concept something ive looking long time installed sectograph however havent able make work using sync outlook use exchange corporate email app really practical useful work tried sync calendar google havent able right fully automated manner able sync outlook however even app connected without issue events show tried explain faqs without success im little bit frustrated since id love use seems impossible ill really appreciate hinthelp provide stars overall concept since havent able use yet,5,2020-09-23 20:50:52,22,0.1211970899470899,Monetization Sentiment
8547,8547,"Heads Up, ADDers!",heads adders,5,2020-09-23 11:14:35,0,0.0,Feature Requests & Friction
8548,8548,"Most useful widget I've ever gotten, it keeps me well in track and as a person with ADHD this is a lifesaver",useful widget ive ever gotten keeps well track person adhd lifesaver,5,2020-09-23 09:03:09,0,0.3,Efficiency
8549,8549,helpful,helpful,5,2020-09-23 08:23:38,0,0.0,Efficiency
8550,8550,"I have ADHD. Time management and planning are my worst nightmares. This app makes it so easy to SEE my schedule. The visual representation of the wheel makes it easier to make sense of how much time I have. It's also SO helpful to see how far I am into my day... I could go on. It's a great app and worth the premium price, but the free version is also fantastic.",adhd time management planning worst nightmares app makes easy see schedule visual representation wheel makes easier make sense much time also helpful see far day could go great app worth premium price free version also fantastic,5,2020-09-23 00:01:29,8,0.1814814814814814,Monetization Sentiment
8551,8551,Good time management,good time management,5,2020-09-22 17:49:56,0,0.7,Efficiency
8552,8552,KAMU.HARUS.DOWNLOAD.INI. PERIODDDTT. VALID. NO DEBAT. Ini bagus banget 😭😭 nyesel baru tau sekarang,kamuharusdownloadini periodddtt valid debat ini bagus banget nyesel baru tau sekarang,5,2020-09-22 09:49:29,0,0.0,Noise
8553,8553,Great,great,5,2020-09-21 15:57:02,0,0.8,Low Signal
8554,8554,The experience with this app has so far been awesome. It has helped me a lot to plan the day.,experience app far awesome helped lot plan day,5,2020-09-21 15:43:25,0,0.55,Retention Drivers
8555,8555,Stylish and useful,stylish useful,5,2020-09-21 08:38:42,0,0.4,Efficiency
8556,8556,"Nice visual to organize and follow schedule. I would like to add personal routines... exercise, time bonding with children...but this app does not promise this..",nice visual organize follow schedule would like add personal routines exercise time bonding childrenbut app promise,5,2020-09-21 00:08:43,3,0.1999999999999999,Monetization Sentiment
8557,8557,Does what I neef.,neef,5,2020-09-20 17:52:22,0,0.0,Noise
8558,8558,Awesome,awesome,5,2020-09-20 12:15:20,0,1.0,Low Signal
8559,8559,I love this app . Its exactly what I needed,love app exactly needed,5,2020-09-20 11:11:45,0,0.375,Low Signal
8560,8560,The best ever apps to help you manage ur time... Simple and easy to catch up,best ever apps help manage ur time simple easy catch,5,2020-09-20 08:29:25,0,0.4777777777777778,Efficiency
8561,8561,Excellent,excellent,5,2020-09-20 03:39:36,0,1.0,Low Signal
8562,8562,Easy to use,easy use,5,2020-09-19 21:06:09,0,0.4333333333333333,Product Usability & Aesthetics
8563,8563,Jabardast maja as gaya,jabardast maja gaya,5,2020-09-19 15:36:53,0,0.0,Noise
8564,8564,Good stuff,good stuff,5,2020-09-19 05:07:07,0,0.7,Low Signal
8565,8565,Awesome app! Easier to keep track of schedule and never forget a thing.,awesome app easier keep track schedule never forget thing,5,2020-09-18 14:27:24,0,1.0,Retention Drivers
8566,8566,Awesome.,awesome,5,2020-09-18 02:25:30,0,1.0,Low Signal
8567,8567,"I like it, incredibly useful for seeing how busy my day is at a glance.",like incredibly useful seeing busy day glance,5,2020-09-17 21:36:59,0,0.2,Retention Drivers
8568,8568,"Most of my issues with this are due to Google Tasks not syncing with Google Calendar on Android, although I do believe they are testing roll-out of that by region. Makes my day feel like a Majora's Mask adventure, and really multiplies my concentration. An absolute must-have.",issues due google tasks syncing google calendar android although believe testing rollout region makes day feel like majoras mask adventure really multiplies concentration absolute musthave,5,2020-09-17 21:30:34,0,0.0916666666666666,Monetization Sentiment
8569,8569,"This app is EXACTLY what I was looking for and it's really well made. I soon decided to buy the upgrade, as I love being able to see 24 hours at a time and being able to switch between that and the 12-hour view, but thank you so much for making a very good, usable app for free as well.",app exactly looking really well made soon decided buy upgrade love able see hours time able switch hour view thank much making good usable app free well,5,2020-09-17 02:13:53,1,0.4062499999999999,Monetization Sentiment
8570,8570,Smooth,smooth,5,2020-09-16 19:00:36,0,0.4,Product Usability & Aesthetics
8571,8571,"A great, and unique way, of viewing your day.",great unique way viewing day,5,2020-09-16 13:14:30,0,0.5875,Retention Drivers
8572,8572,Great app,great app,5,2020-09-16 10:11:49,0,0.8,Low Signal
8573,8573,The visual combination of events and clock. It works for me.,visual combination events clock works,5,2020-09-15 20:49:12,0,0.0,User Archetypes & Workflows
8574,8574,Good !!!!,good,5,2020-09-15 10:50:53,0,0.7,Low Signal
8575,8575,Good visual alternative to viewing your daily tasks.,good visual alternative viewing daily tasks,5,2020-09-15 06:56:05,0,0.2333333333333333,Monetization Sentiment
8576,8576,"Brilliant concept and great execution, very useful for keeping track of your day to day time management.",brilliant concept great execution useful keeping track day day time management,5,2020-09-14 18:04:53,0,0.6666666666666666,Retention Drivers
8577,8577,"Best and simple app but , How do i activate 24 hour mode ?",best simple app activate hour mode,5,2020-09-14 15:53:17,0,0.5,Product Usability & Aesthetics
8578,8578,Very good time keeping app. Great work developers.,good time keeping app great work developers,5,2020-09-14 15:39:06,0,0.75,User Archetypes & Workflows
8579,8579,Amazing... Love it,amazing love,5,2020-09-14 14:04:00,0,0.55,Low Signal
8580,8580,Loved it,loved,5,2020-09-13 10:59:08,0,0.7,Low Signal
8581,8581,"YOU CAN GET THIS ON YOUR WATCH FACE TOO!!! Beautiful way of displaying time and events - my ADHD brain LOVES this. Nice customization of calendars, colors, and displays- don't be afraid to play with the settings. To get on your watch, install the smartphone app, then go to google play on your watch and select ""apps on my phone."" From there you'll get the option to download Sectograph and then ""set watchface."" Ps. Buy premium! One time payment and this dev deserves to get paid for this rad app.",get watch face beautiful way displaying time events adhd brain loves nice customization calendars colors displays dont afraid play settings get watch install smartphone app go google play watch select apps phone youll get option download sectograph set watchface ps buy premium one time payment dev deserves get paid rad app,5,2020-09-12 19:01:05,11,0.2833333333333333,Monetization Sentiment
8582,8582,Loveee It!,loveee,5,2020-09-12 13:49:39,0,0.0,Low Signal
8583,8583,❤😊,,5,2020-09-12 10:09:38,0,0.0,Noise
8584,8584,it's so useful,useful,5,2020-09-12 09:53:43,0,0.3,Efficiency
8585,8585,Good,good,5,2020-09-12 08:58:21,0,0.7,Low Signal
8586,8586,"Really good app, made my day more organised.. Thanks to the developer...",really good app made day organised thanks developer,5,2020-09-11 18:26:22,0,0.4499999999999999,Retention Drivers
8587,8587,I like its simplicity,like simplicity,5,2020-09-11 11:37:05,0,0.0,Noise
8588,8588,by this app I can manage properly my time,app manage properly time,5,2020-09-11 11:15:07,0,0.0,Monetization Sentiment
8589,8589,The best,best,5,2020-09-09 12:50:24,0,1.0,Low Signal
8590,8590,Loved it. Please add notification feature for events before they start (5mins or 10mins),loved please add notification feature events start mins mins,5,2020-09-08 22:41:18,0,0.7,Feature Requests & Friction
8591,8591,"Nice apps, i've using this for 2 years and still counting",nice apps ive using years still counting,5,2020-09-08 21:10:14,0,0.6,Retention Drivers
8592,8592,Pwoli saanam myre 🥰🥰🥰🥰,pwoli saanam myre,5,2020-09-08 20:08:52,0,0.0,Noise
8593,8593,"Great for visualizing time segments in a clean, organized format, pulling from your Google calendar(s). If you're more of a visual person and tend to overestimate or underestimate the time between tasks, or easily lose track of time, this may help.",great visualizing time segments clean organized format pulling google calendars youre visual person tend overestimate underestimate time tasks easily lose track time may help,5,2020-09-08 12:59:31,2,0.4,Monetization Sentiment
8594,8594,Very Useful App To Schedule Your Day,useful app schedule day,5,2020-09-07 17:30:41,0,0.3,Retention Drivers
8595,8595,So helpful!,helpful,5,2020-09-07 10:39:29,0,0.0,Efficiency
8596,8596,I love the unique idea. I've used this for my past two phones.,love unique idea ive used past two phones,5,2020-09-07 05:16:43,0,0.2083333333333333,Monetization Sentiment
8597,8597,Great app!,great app,5,2020-09-06 22:27:17,0,0.8,Low Signal
8598,8598,"I really like this app and it is definitely a very nice visual way to keep track of time. The one MAJOR issue I keep encountering though is that it does not seem to easily sync with my Google calendar, which is where I have all my daily tasks stored. Edit: after trying a few troubleshooting options (including the FAQ suggestions), I was finally able to get Sectograph to begin syncing again by uninstalling and reinstalling Google calendar. It seems like it was a one-time glitch. Love this app!",really like app definitely nice visual way keep track time one major issue keep encountering though seem easily sync google calendar daily tasks stored edit trying troubleshooting options including faq suggestions finally able get sectograph begin syncing uninstalling reinstalling google calendar seems like onetime glitch love app,5,2020-09-06 07:14:47,49,0.2869791666666667,Monetization Sentiment
8599,8599,This is perfect for me. I find it really easy and quick to use this app and maintain my daily routine. Also it looks Kind of cool on my home screen and the colour coding helps me too. I would suggest to add some more colours to choose from.,perfect find really easy quick use app maintain daily routine also looks kind cool home screen colour coding helps would suggest add colours choose,5,2020-09-06 02:03:57,1,0.4527777777777778,Retention Drivers
8600,8600,I love the concept,love concept,5,2020-09-05 21:18:38,0,0.5,Low Signal
8601,8601,"I think this one of best time Calendar app. Sometimes I miss meeting or delay. This is giving me full visibility, I don't want to go and open any calendar app to see my shedule , it's Infront of me all time.",think one best time calendar app sometimes miss meeting delay giving full visibility dont want go open calendar app see shedule infront time,5,2020-09-05 10:42:28,0,0.45,Low Signal
8602,8602,Perfect for time management,perfect time management,5,2020-09-05 03:02:11,0,1.0,Efficiency
8603,8603,Awesome,awesome,5,2020-09-04 22:15:19,0,1.0,Low Signal
8604,8604,Loved it. Need some minor improvement like smooth syncing.,loved need minor improvement like smooth syncing,5,2020-09-04 01:27:48,0,0.3499999999999999,Monetization Sentiment
8605,8605,"As a law student, this app is the perfect fit for me to keep track of my class and study schedules. Sectograph also goes well with Forest App.",law student app perfect fit keep track class study schedules sectograph also goes well forest app,5,2020-09-03 13:32:00,0,0.7,Retention Drivers
8606,8606,The widget is useful to see what's next in a glance. Looks very good as well.,widget useful see whats next glance looks good well,5,2020-09-02 22:56:24,0,0.3333333333333333,Efficiency
8607,8607,Simple: I have used many apps but this is best....,simple used many apps best,5,2020-09-02 18:17:12,0,0.5,Market Displacement
8608,8608,"One i was looking for. Thanks a lot for this. So helpful to keep track of time and events. When your have the view of whole day in front of your eyes, it helps a lot to plan your day. Request: please add Android watch face. U kept your promise. Thank you. Request2: Please add galaxy watch face.",one looking thanks lot helpful keep track time events view whole day front eyes helps lot plan day request please add android watch face u kept promise thank request please add galaxy watch face,5,2020-09-02 07:08:12,0,0.2,Monetization Sentiment
8609,8609,Extraordinary one of the kind,extraordinary one kind,5,2020-09-01 22:08:38,0,0.4666666666666667,Noise
8610,8610,"Nice visual way to see tasks coming up, the analog format really lets you see how long a meeting or task will take. And you can sync with calendars!",nice visual way see tasks coming analog format really lets see long meeting task take sync calendars,5,2020-09-01 21:23:35,0,0.1875,Monetization Sentiment
8611,8611,Superb Routin management,superb routin management,5,2020-09-01 18:39:26,0,1.0,Efficiency
8612,8612,It works. Really. From a person who cannot plan and get things done. The colors are really helpfull and the graphics make you feel like doing the stuff.,works really person cannot plan get things done colors really helpfull graphics make feel like stuff,5,2020-09-01 16:01:05,1,0.2,Efficiency
8613,8613,I love your widget. However now with samsung phone I cannot add it under my work profile. Di you know why? Is there a workaround? Thanks!,love widget however samsung phone cannot add work profile di know workaround thanks,5,2020-09-01 14:24:21,0,0.35,Monetization Sentiment
8614,8614,Great app,great app,5,2020-09-01 12:02:03,0,0.8,Low Signal
8615,8615,"I really didn't want to like this app, but now it's on my home screen and I use it all the time. Great way to display my schedule!",really didnt want like app home screen use time great way display schedule,5,2020-09-01 02:37:35,0,0.5,Low Signal
8616,8616,One of the most innovative and productive app found in the appstore.,one innovative productive app found appstore,5,2020-08-31 21:16:06,0,0.5,Monetization Sentiment
8617,8617,Pe rfect management,pe rfect management,5,2020-08-31 11:44:26,0,0.0,Efficiency
8618,8618,So great,great,5,2020-08-31 11:14:21,0,0.8,Low Signal
8619,8619,"Great app, it gives great visually ation of whole day and it also linked to google calander too.",great app gives great visually ation whole day also linked google calander,5,2020-08-31 09:14:39,0,0.45,Retention Drivers
8620,8620,"I like this app because it helps me to set my working,exercising, teaching, sleeping time... and I want to request one thing add alarm feature for tasks...that will help much better",like app helps set workingexercising teaching sleeping time want request one thing add alarm feature tasksthat help much better,5,2020-08-30 17:57:16,0,0.5,Monetization Sentiment
8621,8621,Great way to visualise your day.,great way visualise day,5,2020-08-30 17:16:25,0,0.8,Retention Drivers
8622,8622,Gr8 app,gr app,5,2020-08-30 13:07:12,0,0.0,Noise
8623,8623,Visual layout really helps,visual layout really helps,5,2020-08-30 12:23:26,0,0.1,Efficiency
8624,8624,It's very useful app I advice it,useful app advice,5,2020-08-30 10:25:33,0,0.3,Efficiency
8625,8625,Awesome,awesome,5,2020-08-30 05:16:47,0,1.0,Low Signal
8626,8626,Amazing app! Never found anything like this,amazing app never found anything like,5,2020-08-30 05:12:30,0,0.6000000000000001,Low Signal
8627,8627,Nice looking,nice looking,5,2020-08-30 00:18:32,0,0.6,Low Signal
8628,8628,"Excellent and fun, easy to use!",excellent fun easy use,5,2020-08-29 20:58:44,0,0.5777777777777778,Efficiency
8629,8629,Very good app. Its a good planner to maintain a professional life.,good app good planner maintain professional life,5,2020-08-29 19:59:22,0,0.5,Monetization Sentiment
8630,8630,It's great schedule reminder but do get the alarm system also,great schedule reminder get alarm system also,5,2020-08-29 15:09:48,0,0.8,Efficiency
8631,8631,This is a good start of an era redesigning how we visualize our thoughts. A great place to begin Dallas time to add the functions and abilities which make this format more powerful than traditional,good start era redesigning visualize thoughts great place begin dallas time add functions abilities make format powerful traditional,5,2020-08-29 05:33:32,0,0.45,Efficiency
8632,8632,We need it,need,5,2020-08-28 12:00:40,0,0.0,Noise
8633,8633,A very novel and original way to display my calendar!,novel original way display calendar,5,2020-08-28 07:01:21,0,0.375,Noise
8634,8634,Beautiful use of screen space and ease of use. I use this to keep my entire day on track in an easy and informative format. Continuously updates and displays 'next in line' scheduled events.,beautiful use screen space ease use use keep entire day track easy informative format continuously updates displays next line scheduled events,5,2020-08-28 06:11:34,0,0.3208333333333333,Retention Drivers
8635,8635,This is a godsend.,godsend,5,2020-08-28 04:43:22,0,0.0,Noise
8636,8636,"Ty for this app, I have ADD and this will help me a lot in understanding time and not forgetting everything.",ty app add help lot understanding time forgetting everything,5,2020-08-27 21:31:25,0,0.0,Efficiency
8637,8637,Good stuff. Finally got into learning chinese and russian,good stuff finally got learning chinese russian,5,2020-08-27 18:50:49,0,0.175,Low Signal
8638,8638,Excellent,excellent,5,2020-08-27 16:54:39,0,1.0,Low Signal
8639,8639,I really like the app. I set things up on the phone and then use the watch companion as a watch face to see how my day should flow with activities and events. Nice customisation. So far I love it! Enough to upgrade to the paid version.,really like app set things phone use watch companion watch face see day flow activities events nice customisation far love enough upgrade paid version,5,2020-08-27 12:24:57,0,0.2799999999999999,Monetization Sentiment
8640,8640,Great!! I use it to manage homeschooling.,great use manage homeschooling,5,2020-08-27 12:18:12,0,0.8,Efficiency
8641,8641,Great! Easy and helpful,great easy helpful,5,2020-08-27 09:18:09,0,0.6166666666666667,Efficiency
8642,8642,"Very very happy with this one... Thank you, developers...",happy one thank developers,5,2020-08-27 04:18:19,0,0.8,Noise
8643,8643,Good app,good app,5,2020-08-26 17:55:52,0,0.7,Low Signal
8644,8644,Simple to understand and use,simple understand use,5,2020-08-26 14:01:18,0,0.0,Product Usability & Aesthetics
8645,8645,Great app helps me to structure my day and not be lazy,great app helps structure day lazy,5,2020-08-25 21:33:54,0,0.275,Retention Drivers
8646,8646,Great time visualization tool,great time visualization tool,5,2020-08-25 19:20:35,0,0.8,Low Signal
9397,9397,"This helps me so much, thank you!",helps much thank,5,2020-10-27 18:24:08,0,0.2,Efficiency
9398,9398,Good,good,5,2020-10-26 17:09:21,0,0.7,Low Signal
9399,9399,Shiv Raj Singh,shiv raj singh,5,2020-10-25 07:13:41,0,0.0,Noise
9400,9400,"This is an amazing app!! Highly recommended for schedules. It has daily,weekly and atypical schedules, and notifications and pop ups too!",amazing app highly recommended schedules dailyweekly atypical schedules notifications pop ups,5,2020-10-21 17:51:14,0,0.2533333333333333,Retention Drivers
9401,9401,Absolutely amazing app! I just counted & this was the 5th daily checklist type app that I tried. For others looking for an app that schedules your time in a day & organize your daily to do list = This is the app you need. It has everything I was looking for in a daily planner/schedule. I'm keeping this app! Love the tags & notification options! So easy to use! So organized.. I love it!,absolutely amazing app counted th daily checklist type app tried others looking app schedules time day organize daily list app need everything looking daily plannerschedule im keeping app love tags notification options easy use organized love,5,2020-10-21 15:45:29,1,0.2904761904761904,Market Displacement
9402,9402,"By far the best daily planner I've come across. I rarely write reviews, but I found that this app in particular deserves one. It is easy to use, and does exactly what is intended, I haven't come across anything better.",far best daily planner ive come across rarely write reviews found app particular deserves one easy use exactly intended havent come across anything better,5,2020-10-21 15:15:14,0,0.34375,Retention Drivers
9403,9403,"Theres a bug, cant edit the blocks. Thank you.",theres bug cant edit blocks thank,5,2020-10-20 06:59:07,0,0.0,Noise
9404,9404,Great and usefull,great usefull,5,2020-10-20 05:23:37,0,0.8,Efficiency
9405,9405,Oooof ❤️,oooof,5,2020-10-19 07:32:55,0,0.0,Noise
9406,9406,It is a superb app I like this app very much,superb app like app much,5,2020-10-19 07:30:51,0,0.6,Noise
9407,9407,Finally a planner that allows me to put work in as a nightshift. Just wish we could personalise weeks more. So only a certain task Monday to Friday type of thing.,finally planner allows put work nightshift wish could personalise weeks certain task monday friday type thing,5,2020-10-18 01:25:16,0,0.1071428571428571,Monetization Sentiment
9408,9408,"It was a fantastic app.....I use it to schedule my Kpop Idol training schedule, My languages learning (Korean,English,Japanese,Chinese,etc), My school schedule, And also my FUN Times too...REALLY THANKFUL FOR YOUR APP😻😻😻",fantastic appi use schedule kpop idol training schedule languages learning koreanenglishjapanesechineseetc school schedule also fun times tooreally thankful app,5,2020-10-16 13:01:17,0,0.35,Efficiency
9409,9409,Your app is very nice but please also available for Windows and Mac PC or maybe be chrome extension.,app nice please also available windows mac pc maybe chrome extension,5,2020-10-14 14:59:21,0,0.5,Low Signal
9410,9410,Great time-line ⌚,great timeline,5,2020-10-13 20:33:58,0,0.8,Low Signal
9411,9411,"Simple, Practical, & to the point app without any unnecessary features to make it complex",simple practical point app without unnecessary features make complex,5,2020-10-12 22:35:19,0,-0.2333333333333333,Feature Requests & Friction
9412,9412,"Nice ,and better app easy to make timetable i can reamind every thing",nice better app easy make timetable reamind every thing,5,2020-10-11 07:34:53,0,0.5111111111111112,Efficiency
9413,9413,The best,best,5,2020-10-08 20:41:10,0,1.0,Low Signal
9414,9414,I love this app... It has a perfect schedule for us.. like people like me who want to be scheduled but cant be organised...,love app perfect schedule us like people like want scheduled cant organised,5,2020-10-07 23:11:40,1,0.75,Low Signal
9415,9415,Worst app,worst app,5,2020-10-06 22:03:30,0,-1.0,Noise
9416,9416,Thats exactly i was finding for ❣️,thats exactly finding,5,2020-10-05 21:57:19,0,0.25,Noise
9417,9417,The best. (periodt),best periodt,5,2020-10-05 05:43:38,0,1.0,Low Signal
9418,9418,Nice,nice,5,2020-10-05 00:45:33,0,0.6,Low Signal
9419,9419,"Simple, fast and no annoying ads. Good price for pro version not a rip off. I love to have different theme options, as an addition to the list view of schedule, it would be really nice seeing the day as clock with separately colored pie chart.",simple fast annoying ads good price pro version rip love different theme options addition list view schedule would really nice seeing day clock separately colored pie chart,5,2020-10-04 04:04:43,9,0.1714285714285714,Monetization Sentiment
9420,9420,Well,well,5,2020-10-03 20:08:45,0,0.0,Noise
9421,9421,"This is such a great app. Unfortunately, i am planning to move to iPhone and this is not available on the App Store. Really breaks my heart.",great app unfortunately planning move iphone available app store really breaks heart,5,2020-10-02 01:07:56,2,0.225,Monetization Sentiment
9422,9422,This app is very helpful for study . So this app is very helpful for me.😊😊⏰⏰⏰⏰⏰⏰⏰⏰⏰⏰⏰😄😄😄😄😄😄😄😄😍😍😄😍,app helpful study app helpful,5,2020-10-01 18:29:48,0,0.0,Efficiency
9423,9423,The app is exactly what I was searching for since a long long time. It would be even better if there was some web app or desktop app for it.,app exactly searching since long long time would even better web app desktop app,5,2020-10-01 14:59:33,3,0.1625,Monetization Sentiment
9424,9424,Best app for schedule making,best app schedule making,5,2020-10-01 14:23:29,0,1.0,Low Signal
9425,9425,"As someone who procrastinates constantly and needs a routine to keep myself focused, this app is amazing. The constant notification with personalized icons makes it so easy and helpful to keep track of what's going on and what I need to do next. No, this app isn't perfect. But I've found great use from it. I recommend getting the pro version. It's only 5 dollars and the programmer is SUPER useful :)",someone procrastinates constantly needs routine keep focused app amazing constant notification personalized icons makes easy helpful keep track whats going need next app isnt perfect ive found great use recommend getting pro version dollars programmer super useful,5,2020-09-30 20:14:26,27,0.3851851851851851,Monetization Sentiment
9426,9426,Best !!!!!,best,5,2020-09-30 13:17:56,0,1.0,Low Signal
9427,9427,"A great app but it would be nice to add a feature to plan a schedule for tomorrow( any further date) on the day before. Making a schedule the night before for next day is a hassle. It keeps reverting back to routines and the current day, everytime pressing schedule and swiping to change date is time consuming to add blocks.",great app would nice add feature plan schedule tomorrow date day making schedule night next day hassle keeps reverting back routines current day everytime pressing schedule swiping change date time consuming add blocks,5,2020-09-30 08:39:47,0,0.2799999999999999,Retention Drivers
9428,9428,"Brilliant app, exactly what I was looking for, heart felt appreciation for the team involved.Thank you❤️",brilliant app exactly looking heart felt appreciation team involvedthank,5,2020-09-30 02:22:04,0,0.575,Noise
9429,9429,So far so good!,far good,5,2020-09-29 17:32:13,0,0.3999999999999999,Low Signal
9430,9430,"Its really a great app.But after recent update,it lost some features.Its not highlighting the current task in schedule pannel.Add this feature again in the next update... *EDIT : There is no ' now' icon on the top bar.By the way,the method of highlighting the current task in schedule option before this update was better than the present way of highlighting.😑 It's better to highlight the whole sentence instead of highlighting only the borders👍",really great appbut recent updateit lost featuresits highlighting current task schedule panneladd feature next update edit icon top barby waythe method highlighting current task schedule option update better present way highlighting better highlight whole sentence instead highlighting borders,5,2020-09-29 14:08:21,0,0.25,Market Displacement
9431,9431,"thanks TimeTune❤️ been using ur app since 2018: ✅ I achieved 1st place at local singing competition since you always remind me to practice ✅ U always reminded me to work out at gym, now I'm in a better shape ✅ I made my clients happy because I arranged all my responsibilities fit their needs at a perfect time Thanks, will abosulely still using this when Alien invade the earth one day",thanks timetune using ur app since achieved st place local singing competition since always remind practice u always reminded work gym im better shape made clients happy arranged responsibilities fit needs perfect time thanks abosulely still using alien invade earth one day,5,2020-09-29 10:55:47,0,0.35625,Monetization Sentiment
9432,9432,I think this app will be amazing by seeing the reviews. I hope that it will be superb. I give 5 stars because it is like this app I was finding 😊,think app amazing seeing reviews hope superb give stars like app finding,5,2020-09-29 08:01:14,0,0.8,Low Signal
9433,9433,Loving the app. It'd be amazing if you could do calendar integrations with Outlook/ Gmail so that my work appointments could be reflected automatically.,loving app itd amazing could calendar integrations outlook gmail work appointments could reflected automatically,5,2020-09-28 23:30:50,0,0.6000000000000001,Feature Requests & Friction
9434,9434,Time to pick my life up and awaken my life.,time pick life awaken life,5,2020-09-28 04:25:53,0,0.0,Efficiency
9435,9435,"Good app, Will there be a way to input a hex code for the color to the widget in a future update?",good app way input hex code color widget future update,5,2020-09-27 22:18:10,0,0.35,Low Signal
9436,9436,I think it's a great app...it has helped a lot...very efficient takes getting used to like any other app...I like this app very much😊👌,think great appit helped lotvery efficient takes getting used like appi like app much,5,2020-09-27 12:14:38,0,0.5,Efficiency
9437,9437,👍👍👍👍👍👍👍,,5,2020-09-27 09:40:30,0,0.0,Noise
9438,9438,Give us the damn todo list and app blocker all in one too 😌,give us damn todo list app blocker one,5,2020-09-27 07:31:36,0,0.0,User Archetypes & Workflows
9439,9439,Just started and I finding this very easy operate. Thank you!,started finding easy operate thank,5,2020-09-26 23:30:32,0,0.4333333333333333,Product Usability & Aesthetics
9440,9440,"I love this app. I have been able to put my life together just by the free features of this app. I would always stress about having to do certain things everyday. I wouldn't do them because I had to remember to do them every day. Because of this app I don't have to remember to do them. I get reminded to do them and I do them happily. If I hadn't found this app, I don't know if I would have ever put my life together.",love app able put life together free features app would always stress certain things everyday wouldnt remember every day app dont remember get reminded happily hadnt found app dont know would ever put life together,5,2020-09-26 21:07:30,0,0.369047619047619,Retention Drivers
9441,9441,Nice app,nice app,5,2020-09-26 19:23:33,0,0.6,Low Signal
9442,9442,"If u want to be an organized person then u should have this app....🔥 This was the app I was looking for.. It has many features... I can make a schedule for a particular day with a tag, title, description, and the main alarm.... 😍😍😍🔥🔥🧡🧡🧡 I loved this app ..",u want organized person u app app looking many features make schedule particular day tag title description main alarm loved app,5,2020-09-25 21:36:27,0,0.3833333333333333,Retention Drivers
9443,9443,What an app,app,5,2020-09-25 16:28:07,0,0.0,Noise
9444,9444,Great App! Absolutely love using it to plan out my day! Thank you!,great app absolutely love using plan day thank,5,2020-09-24 14:05:14,0,0.65,Retention Drivers
9445,9445,Excellent,excellent,5,2020-09-23 19:06:55,0,1.0,Low Signal
9446,9446,"It works perfectly, for us the best app",works perfectly us best app,5,2020-09-23 18:57:36,0,1.0,User Archetypes & Workflows
9447,9447,"I've only just started using this app, but it seems to be exactly what I was looking for. It allows you to create customised event types, programme start and end times for events, set repeating events. It's simple, but not lacking in features. One suggestion I have is the ability to see a weekly view of the schedule.",ive started using app seems exactly looking allows create customised event types programme start end times events set repeating events simple lacking features one suggestion ability see weekly view schedule,5,2020-09-23 14:14:50,0,0.125,Monetization Sentiment
9448,9448,It is quite good for managing your schedule and having your schedule written down somewhere instead of it being in your head. You could definitely use it for your professional life. I only use it for personal.,quite good managing schedule schedule written somewhere instead head could definitely use professional life use personal,5,2020-09-23 13:53:35,0,0.1999999999999999,Monetization Sentiment
9449,9449,It's amazing. I like the way it is so don't try anything odd. Soon I will try the premium,amazing like way dont try anything odd soon try premium,5,2020-09-22 23:42:58,0,0.2166666666666667,Monetization Sentiment
9450,9450,Best of its kind 👍.,best kind,5,2020-09-21 23:04:32,0,0.8,Low Signal
9451,9451,i like this app. it would be nice if it highlights what part of your routine you are in.,like app would nice highlights part routine,5,2020-09-21 10:27:14,0,0.6,Feature Requests & Friction
9452,9452,"Nice, exactly what I needed",nice exactly needed,5,2020-09-21 09:01:43,0,0.425,Low Signal
9453,9453,Easy to use app for making a schedule. I like it very much.,easy use app making schedule like much,5,2020-09-21 07:50:57,0,0.3166666666666666,Product Usability & Aesthetics
9454,9454,This app is very helpful....❤️❤️ It really helps me to optimize my time and do things schedule-wise.....🙏🙏👍 awesome and productive app.....thanks to developers......,app helpful really helps optimize time things schedulewise awesome productive appthanks developers,5,2020-09-20 14:29:15,0,0.6,Monetization Sentiment
9455,9455,Awesome! Helps keep track of all your day to day activities and it can sync to your calendar's!,awesome helps keep track day day activities sync calendars,5,2020-09-20 08:21:41,0,1.0,Retention Drivers
9456,9456,Finally found what I'm looking for. Great app!,finally found im looking great app,5,2020-09-20 05:13:46,0,0.4,Low Signal
9457,9457,Make for IOS Please,make ios please,5,2020-09-19 17:14:13,0,0.0,Noise
9458,9458,I just came back from a year or more of not using the app (I didn't really have a routine) and I've gotta say the design changes are amazing. It's visually easier to navigate and edit. The ideas in blocks are great. Can't wait to see you implement more things to do with overlaps and such.,came back year using app didnt really routine ive gotta say design changes amazing visually easier navigate edit ideas blocks great cant wait see implement things overlaps,5,2020-09-19 11:20:02,0,0.32,Retention Drivers
9459,9459,"This app is freaking phenomenal! Instead of having a billion alarms in my phone that I have to go over all the time, I can just set up schedules and go about my day. I have my daughter's school schedule since we're distance learning. My son's band schedule. My work routine. Even simple things like when to brush my teeth so nothing gets missed in the chaos that is quarantine life. I have ADHD, so being hyper-organized is super important for me, and this app cuts out so much stress!",app freaking phenomenal instead billion alarms phone go time set schedules go day daughters school schedule since distance learning sons band schedule work routine even simple things like brush teeth nothing gets missed chaos quarantine life adhd hyperorganized super important app cuts much stress,5,2020-09-18 19:44:31,0,0.2866666666666667,Monetization Sentiment
9460,9460,Very helpful,helpful,5,2020-09-18 18:22:32,0,0.0,Efficiency
9461,9461,I like the way,like way,5,2020-09-18 18:05:05,0,0.0,Noise
9462,9462,"Clean & straightforward interface! The widget is transparent in my homescreen which I really liked. Maybe, adjusting the tags in two columns looks much more cleaner. Anyways, thanks for this app!",clean straightforward interface widget transparent homescreen really liked maybe adjusting tags two columns looks much cleaner anyways thanks app,5,2020-09-18 13:51:08,0,0.3483333333333333,Product Usability & Aesthetics
9463,9463,Love it ... Recently buy pro version ❤️,love recently buy pro version,5,2020-09-18 13:41:11,0,0.25,Monetization Sentiment
9464,9464,I have updated routines and enabled it in programmer. I dont see any in my schedules. Schedules is totally blank. Later it got updated so changing review to little better because. But from the previous design to now i feel like i have to enter so much. Something is wrong with the app.,updated routines enabled programmer dont see schedules schedules totally blank later got updated changing review little better previous design feel like enter much something wrong app,5,2020-09-18 13:16:10,0,-0.0220238095238095,Monetization Sentiment
9465,9465,Best app of time management,best app time management,5,2020-09-16 22:29:33,0,1.0,Efficiency
9466,9466,this app is my second brain. i realy love it and he help me to organize my life,app second brain realy love help organize life,5,2020-09-16 22:12:15,0,0.25,Efficiency
9467,9467,Nice love the new update.. Gud ui nd very user friendly thnk u very much ♥️♥️♥️ Keep up the gud work. And keep updating just love it..,nice love new update gud ui nd user friendly thnk u much keep gud work keep updating love,5,2020-09-16 20:53:04,0,0.3852272727272727,Monetization Sentiment
9468,9468,"Very extensive in how you can plan things out, and make routines, it's very nice",extensive plan things make routines nice,5,2020-09-16 19:18:27,0,0.3,Low Signal
9469,9469,Sangat membantu sekali,sangat membantu sekali,5,2020-09-16 18:56:55,0,0.0,Noise
9470,9470,Super app,super app,5,2020-09-16 17:40:37,0,0.3333333333333333,Noise
9471,9471,It's awesome that it is free for all of the things that it offers! Such a great app.,awesome free things offers great app,5,2020-09-16 11:39:40,0,0.575,Low Signal
9472,9472,"This app is my life, literally. My watch reminds me of the next part of my day. Blocking out time each day for what matters helps me get everything done. As a working mom, wife and dog owner that means everything ❤",app life literally watch reminds next part day blocking time day matters helps get everything done working mom wife dog owner means everything,5,2020-09-16 07:46:30,0,0.0,Retention Drivers
9473,9473,Good job! Keep up the great work!,good job keep great work,5,2020-09-15 19:42:57,0,0.75,User Archetypes & Workflows
9474,9474,"I loved this all before, but with the new updates, it is the BEST!! I lose track of time easily and this allows me to make a schedule and choose which items give a notification. This helps me SO MUCH to stay on track throughout the day. Perfect for an ADHD brain! I'm a homeschool mom with a busy schedule and I struggle to keep the household running efficiently. This app is a gift to me!! Additionally ... I haven't encountered a single ad. ❤️❤️ Well-designed app. HUGS TO THE DEVELOPERS!!",loved new updates best lose track time easily allows make schedule choose items give notification helps much stay track throughout day perfect adhd brain im homeschool mom busy schedule struggle keep household running efficiently app gift additionally havent encountered single ad welldesigned app hugs developers,5,2020-09-15 17:32:15,0,0.4372835497835498,Monetization Sentiment
9475,9475,I like this,like,5,2020-09-15 11:14:07,0,0.0,Noise
9476,9476,"Perfeito! Demanda um pouco de paciência para dominar o aplicativo, porém, nada mais justo. Isso porque o aplicativo apresenta inúmeras funções e, diferente dos demais simples, não deixa nada a desejar.",perfeito demanda um pouco de pacincia para dominar aplicativo porm nada mais justo isso porque aplicativo apresenta inmeras funes e diferente dos demais simples deixa nada desejar,5,2020-09-15 09:22:32,0,0.0,Efficiency
9477,9477,It's a perfect time scheduling app ✨,perfect time scheduling app,5,2020-09-14 13:40:54,0,1.0,Noise
9478,9478,In India now most of the people do their work digitally earlier we wrote time table on a paper but now we can do this with apps but usually we so not find perfect apps for such things but this app is all time perfect for time management,india people work digitally earlier wrote time table paper apps usually find perfect apps things app time perfect time management,5,2020-09-14 06:08:47,0,0.4375,Efficiency
9479,9479,Excellent app,excellent app,5,2020-09-14 05:35:15,0,1.0,Low Signal
9480,9480,Best app,best app,5,2020-09-13 18:45:27,0,1.0,Low Signal
9481,9481,Great app! It helps me to manage my time well!,great app helps manage time well,5,2020-09-13 17:49:11,0,0.8,Efficiency
9482,9482,"NICE AND GOOD LOOKING INTERFACE 👌, PERSONALLY LIKED IT !",nice good looking interface personally liked,5,2020-09-13 14:22:29,0,0.6333333333333333,Product Usability & Aesthetics
9483,9483,One of the best,one best,5,2020-09-13 12:40:16,0,1.0,Low Signal
9484,9484,Very useful app... It is possible to set a very useful study schedule..Thank you 😍🤝🤝,useful app possible set useful study schedulethank,5,2020-09-13 10:48:10,0,0.1999999999999999,Efficiency
9485,9485,"I have remote learners and this app is so helpful when keeping track of their school schedule. Highly recommended. I have the free version so I'm not sure if the pro version allows you to designate a specific routine within a specific date within a calendar app, but I can import a specific routine per day with the free version and it's been very useful.",remote learners app helpful keeping track school schedule highly recommended free version im sure pro version allows designate specific routine within specific date within calendar app import specific routine per day free version useful,5,2020-09-11 18:13:20,0,0.1844444444444444,Monetization Sentiment
9486,9486,Excellent,excellent,5,2020-09-11 13:13:29,0,1.0,Low Signal
9487,9487,Supperb...,supperb,5,2020-09-11 11:17:45,0,0.0,Noise
9488,9488,I like it,like,5,2020-09-10 20:02:25,0,0.0,Noise
9489,9489,Amazing app.Nice work dev..,amazing appnice work dev,5,2020-09-10 01:16:58,0,0.6000000000000001,User Archetypes & Workflows
9490,9490,"This app is my saviour during quarantine. Now that I have a schedule, what's up next in the day, my anxiety level has gone way down. I'm so glad I downloaded this app. I love how on top of notifications there's a voice saying aloud to what's coming up. A minor issue is that ""reading"" is pronounced ""reding"". Great app.",app saviour quarantine schedule whats next day anxiety level gone way im glad downloaded app love top notifications theres voice saying aloud whats coming minor issue reading pronounced reding great app,5,2020-09-09 15:33:53,0,0.375,Monetization Sentiment
9491,9491,My favourit Good,favourit good,5,2020-09-09 14:45:07,0,0.7,Low Signal
9492,9492,Simple and easy to use! I only wished I could see it in a calendar view?,simple easy use wished could see calendar view,5,2020-09-09 04:46:53,0,0.2166666666666666,Feature Requests & Friction
9493,9493,"I absolutely love timetune!!!! Easy to follow interface, nice colors and super efficient. Check it out and if you like it, the pro version is so worth it! THANK🙏YOU TIMETUNE!!👏 🥰🥰🥰🥰",absolutely love timetune easy follow interface nice colors super efficient check like pro version worth thankyou timetune,5,2020-09-09 03:58:39,0,0.4333333333333333,Monetization Sentiment
9494,9494,Best time table app but required below functions which i really needs: ✓Auto copy previous routines and time for upcoming suggestions ✓ connect social media or make personal log in account ✓ send routine data to trainer or teacher through email in PDF or docs etc ✓save data into PDF to make printed chart ✓adding images into routines ✓cloud saving,best time table app required functions really needs auto copy previous routines time upcoming suggestions connect social media make personal log account send routine data trainer teacher email pdf docs etc save data pdf make printed chart adding images routines cloud saving,5,2020-09-08 23:22:18,0,0.2133333333333333,Efficiency
9495,9495,After trying a lot of time blocking apps.. to do lists.. i hav came down to this app.. its very convenient,trying lot time blocking apps lists hav came app convenient,5,2020-09-08 22:18:16,0,0.0,User Archetypes & Workflows
9496,9496,Good app,good app,5,2020-09-08 12:58:28,0,0.7,Low Signal
9497,9497,Great app. But I'd like to make a suggestion. Have an option to set the default day on custom routines to day 1 when activated. It currently defaults to which ever day you closed the app. And as such some of my alarms don't go off because they are on day 1 and the routine gas started on day 2.,great app id like make suggestion option set default day custom routines day activated currently defaults ever day closed app alarms dont go day routine gas started day,5,2020-09-08 02:53:08,0,0.2333333333333333,Retention Drivers
9498,9498,It really helps if you are trying to build a system / routine using the routine feature wich can be applied and customised in the schedule section .. It would be cool if U can add an infinite sub-sub-tasks . thanks developers Great job !,really helps trying build system routine using routine feature wich applied customised schedule section would cool u add infinite subsubtasks thanks developers great job,5,2020-09-08 02:07:06,0,0.3875,Monetization Sentiment
9499,9499,This app helps me to be more oganized,app helps oganized,5,2020-09-08 00:05:41,0,0.0,Efficiency
9500,9500,Best time management app on Playstore - hands down,best time management app playstore hands,5,2020-09-07 22:45:03,0,1.0,Efficiency
9501,9501,it's the best best app ever,best best app ever,5,2020-09-07 20:58:51,0,1.0,Low Signal
9502,9502,Excellent,excellent,5,2020-09-07 20:03:15,0,1.0,Low Signal
9503,9503,"Just starting using it and I can already tell how great it is at keeping you on schedule! I've done schedules before, but with this App, it makes it so much easier to stay on track! :)",starting using already tell great keeping schedule ive done schedules app makes much easier stay track,5,2020-09-07 18:30:56,0,0.3333333333333333,Efficiency
9504,9504,Best,best,5,2020-09-07 12:00:27,0,1.0,Low Signal
9505,9505,"I love this app, is really good and easy to use, but I don't know why I'm having problems, it seems that my phone blocked the app or the notifications are turn off, but I already turn them on but it keeps saying it isn't working, I need some help. Anyways the app is excellent.",love app really good easy use dont know im problems seems phone blocked app notifications turn already turn keeps saying isnt working need help anyways app excellent,5,2020-09-07 08:10:54,0,0.6583333333333333,Monetization Sentiment
9506,9506,Absouletely incredible.,absouletely incredible,5,2020-09-07 03:54:57,0,0.9,Noise
9507,9507,"BEST, TRY THAT",best try,5,2020-09-06 21:00:46,0,1.0,Low Signal
9508,9508,Loved it,loved,5,2020-09-06 20:19:22,0,0.7,Low Signal
9509,9509,"I love this app, it is so helpfull",love app helpfull,5,2020-09-06 13:37:43,0,0.5,Efficiency
9510,9510,I have been using this application for 1 week. I am giving five stars to this application because after downloading this application I am getting my work done on time. I have benefited a lot from this application. People who want to do their work at certain times and change their lives. Do download this application.❤️❤️❤️❤️❤️❤️❤️❤️❤️❤️❤️❤️❤️❤️❤️❤️❤️❤️❤️,using application week giving five stars application downloading application getting work done time benefited lot application people want work certain times change lives download application,5,2020-09-06 12:57:35,0,0.2142857142857142,Retention Drivers
9511,9511,Best,best,5,2020-09-05 19:01:39,0,1.0,Low Signal
9512,9512,nice app,nice app,5,2020-09-05 18:51:45,0,0.6,Low Signal
9513,9513,"Easy to use, manageable ,time management",easy use manageable time management,5,2020-09-05 01:50:46,0,0.4333333333333333,Efficiency
9514,9514,I have been trying this app for 4 days and it's really effective. Thankyou developers for making this app.I hope you will make ot even better in the upcoming days 😊,trying app days really effective thankyou developers making appi hope make ot even better upcoming days,5,2020-09-04 19:43:26,0,0.55,Retention Drivers
9515,9515,Great,great,5,2020-09-04 18:20:08,0,0.8,Low Signal
9516,9516,"This app helps you edit your routine anytime as per one flexible time.This is very useful for people like me who find it difficult to follow a routine but helps us to be on track and guides us to know what to do next. You can alot time at irregular basis eg a task can be for 20 mins whereas the other could be for 90 mins. The notification are at par and do good job at reminding us our next task. The information that one needs to fill in when adding a task, is accurate and is easy. This app is the best one and would not like to replace it with any other to use for my studies, also for this reason i would be looking forward to an app for the PC's or at least a web",app helps edit routine anytime per one flexible timethis useful people like find difficult follow routine helps us track guides us know next alot time irregular basis eg task mins whereas could mins notification par good job reminding us next task information one needs fill adding task accurate easy app best one would like replace use studies also reason would looking forward app pcs least web,5,2020-09-04 17:50:00,1,0.2259259259259259,Efficiency
9517,9517,"Overall, I like the latest update. It's perfect for making schedules. I do wish the blocks had two catagories, past & upcoming so I don't have to scroll past old events to get to my current events. I also wish blocks still had the personal icons instead of only tags.",overall like latest update perfect making schedules wish blocks two catagories past upcoming dont scroll past old events get current events also wish blocks still personal icons instead tags,5,2020-09-04 05:14:16,0,0.1375,Monetization Sentiment
9518,9518,Perfect❤,perfect,5,2020-09-03 22:03:18,0,1.0,Noise
9519,9519,"This is a really really great app, 😆😆",really really great app,5,2020-09-03 21:43:52,0,0.8,Low Signal
9520,9520,Useful,useful,5,2020-09-03 21:36:28,0,0.3,Efficiency
9521,9521,"Nice scheduler. But I hope in the future, there would be a clock shaped schedule as a widget",nice scheduler hope future would clock shaped schedule widget,5,2020-09-03 12:43:30,0,0.3,Feature Requests & Friction
9522,9522,"really competent scheduling app, worth premium imo. would be improved if i could edit from a webapp and it could do browser notifications. Actually, even just editing from a browser and doing notifications from my phone would be Super helpful",really competent scheduling app worth premium imo would improved could edit webapp could browser notifications actually even editing browser notifications phone would super helpful,5,2020-09-03 07:41:19,0,0.2833333333333333,Monetization Sentiment
9523,9523,"As a person with autism and adhd, this is great! Started using it today, somehow got the pro version even though i dont remember paying. Cant see any faults yet, and if i do, ill let the devs know",person autism adhd great started using today somehow got pro version even though dont remember paying cant see faults yet ill let devs know,5,2020-09-02 22:38:22,0,0.15,Monetization Sentiment
9524,9524,Nice app to keep my life organised,nice app keep life organised,5,2020-09-02 18:19:52,0,0.6,Efficiency
9525,9525,I really like this app. It's easy to use and has really helped me keep a routine.,really like app easy use really helped keep routine,5,2020-09-02 17:59:27,0,0.2777777777777777,Efficiency
9526,9526,As great as heck😍,great heck,5,2020-09-02 00:48:26,0,0.8,Low Signal
9527,9527,It's good,good,5,2020-09-01 18:41:56,0,0.7,Low Signal
9528,9528,"WONDERFUL APP Even though at first I didn't going well with this app, I realized I just need to learn more about it :) but I still did not understand what ""activities"" means :)",wonderful app even though first didnt going well app realized need learn still understand activities means,5,2020-09-01 17:49:16,0,0.625,Noise
9529,9529,mm yes good,mm yes good,5,2020-09-01 10:43:20,0,0.7,Low Signal
9530,9530,"This has been super helpful in guiding me through a chaotic, quarantine school day. Thank you so much! : D",super helpful guiding chaotic quarantine school day thank much,5,2020-08-31 23:14:02,0,0.2666666666666666,Retention Drivers
9531,9531,This app has been a great tool for me. Has allow me to organize my time and schedule and because of that now I can be more productive. It's amazing.,app great tool allow organize time schedule productive amazing,5,2020-08-31 18:50:09,0,0.7000000000000001,Monetization Sentiment
9532,9532,Пять из пяти,,5,2020-08-31 12:20:59,0,0.0,Noise
9533,9533,"solid app that so far holds the title of most useful scheduling app for my adhd ass. it can take a little time to figure out, but its pretty intuitive once you get the hang of it.",solid app far holds title useful scheduling app adhd ass take little time figure pretty intuitive get hang,5,2020-08-31 10:55:06,0,0.0925,Efficiency
9534,9534,Nice app. I just got the pro version because it ultimately replace my daily planner book.,nice app got pro version ultimately replace daily planner book,5,2020-08-30 20:09:50,0,0.1999999999999999,Monetization Sentiment
9535,9535,I am in love with this app it is so useful because I am a giant perfectionist and I have looking for the perfect planner for a while,love app useful giant perfectionist looking perfect planner,5,2020-08-30 13:56:17,0,0.45,Efficiency
9536,9536,Nice experience,nice experience,5,2020-08-30 12:35:00,0,0.6,Low Signal
9537,9537,Awsm app,awsm app,5,2020-08-30 06:19:31,0,0.0,Noise
9538,9538,"Amazing app. It covers basically everything required to plan your schedule efficiently. Kudos to the developer team, keep it up!",amazing app covers basically everything required plan schedule efficiently kudos developer team keep,5,2020-08-30 03:20:51,0,0.6000000000000001,Product Usability & Aesthetics
9539,9539,Very nice app,nice app,5,2020-08-30 00:28:40,0,0.6,Low Signal
9540,9540,Simple app for goal setters,simple app goal setters,5,2020-08-29 22:18:18,0,0.0,Product Usability & Aesthetics
9541,9541,Good... Very good !!,good good,5,2020-08-29 11:34:17,0,0.7,Low Signal
9542,9542,Great App for students,great app students,5,2020-08-29 11:28:37,0,0.8,User Archetypes & Workflows
9543,9543,It is an awesome app. The perfect app for well structures productivity.,awesome app perfect app well structures productivity,5,2020-08-29 06:01:20,0,1.0,Monetization Sentiment
9544,9544,I like this app. I've tried many apps and this is the most suitable and beautiful app I've came across. Just what I needed. Thank you :),like app ive tried many apps suitable beautiful app ive came across needed thank,5,2020-08-28 21:08:21,0,0.6333333333333333,Market Displacement
9545,9545,Love it!!!! 👍🏼👍🏼 Never gave thought to a app like this. Just happened to see it while downloading another app. Checked it out. Downloaded it. And already love it. Really gonna help me stay on track with home schooling my son. Thanks,love never gave thought app like happened see downloading another app checked downloaded already love really gonna help stay track home schooling son thanks,5,2020-08-28 12:31:38,0,0.35,Efficiency
9546,9546,Very good app,good app,5,2020-08-28 11:15:41,0,0.7,Low Signal
9547,9547,Excellent app. Really helps me stay organised.,excellent app really helps stay organised,5,2020-08-28 01:00:03,0,0.6,Efficiency
9548,9548,I like this app because it's simple and easy to use.,like app simple easy use,5,2020-08-27 19:43:54,0,0.2166666666666666,Product Usability & Aesthetics
9549,9549,Good app for productivity,good app productivity,5,2020-08-27 15:07:55,0,0.7,Monetization Sentiment
9550,9550,Nice app,nice app,5,2020-08-27 09:55:39,0,0.6,Low Signal
9551,9551,"Excellent App!! I regret knowing this app sooo late😁!! The best Thing was the 'Customisable Alarms/Notifications' ... As a student, im in love with this app! It help me stick to the timings... Also, the app didnt ask me to rate it! Instead i was findig where to Rate?? In Short : A great app!! Good going guys😊",excellent app regret knowing app sooo late best thing customisable alarmsnotifications student im love app help stick timings also app didnt ask rate instead findig rate short great app good going guys,5,2020-08-27 08:41:59,0,0.5285714285714286,Efficiency
9552,9552,"Me encanta, con esta aplicación puedo hacer exactamente lo que necesito. La use por mucho tiempo, pero ahora me cambie a iPhone y no esta disponible para esos dispositivos. Me encantaría que pudieran extenderse a iPhone.",encanta con esta aplicacin puedo hacer exactamente lo que necesito la use por mucho tiempo pero ahora cambie iphone esta disponible para esos dispositivos encantara que pudieran extenderse iphone,5,2020-08-27 06:54:57,0,0.0,Monetization Sentiment
9553,9553,It's very easy to use and it's perfect for making schedules. I highly recommend using it !,easy use perfect making schedules highly recommend using,5,2020-08-26 22:51:54,0,0.5311111111111111,Feature Requests & Friction
9554,9554,"No doubt! It is the best time management app I have ever used and I have recommended this app to many of my School friends. Help me: I have created my routine in one mobile and I sometimes use another mobile as well, I just want to know how I can link both apps to notify me on other mobile also or Do i need to create the routine again ? . I appreciate you guys for making this wonderful app. I am also looking forward to see new great features in the app. 🙂",doubt best time management app ever used recommended app many school friends help created routine one mobile sometimes use another mobile well want know link apps notify mobile also need create routine appreciate guys making wonderful app also looking forward see new great features app,5,2020-08-26 22:00:48,0,0.6872727272727273,Monetization Sentiment
9555,9555,The best apps to organize your life's schedule,best apps organize lifes schedule,5,2020-08-26 18:00:50,0,1.0,Efficiency
9556,9556,Great app!!,great app,5,2020-08-26 15:45:02,0,0.8,Low Signal
9557,9557,Nice application for students also,nice application students also,5,2020-08-26 11:01:38,0,0.6,User Archetypes & Workflows
9558,9558,Using this app since 2017. Love it,using app since love,5,2020-08-26 08:52:55,0,0.5,Monetization Sentiment
9559,9559,Great app. I'm glad I found it.,great app im glad found,5,2020-08-26 00:41:05,0,0.65,Low Signal
9560,9560,I'm using app for pomedro method. Set 25 minutes work and 5 break. It's more best than set timer instead.,im using app pomedro method set minutes work break best set timer instead,5,2020-08-25 12:59:49,0,1.0,User Archetypes & Workflows
9561,9561,This is a very good app for daily routine and I Love it a lot.,good app daily routine love lot,5,2020-08-25 09:52:42,0,0.3999999999999999,Retention Drivers
9562,9562,"Great app, would recommend to anybody who wants a decent routine app.",great app would recommend anybody wants decent routine app,5,2020-08-25 02:32:05,0,0.3888888888888889,Feature Requests & Friction
9563,9563,Amazing app it is best for your whole planning .,amazing app best whole planning,5,2020-08-24 21:47:51,0,0.6,Low Signal
9564,9564,Love it; simple & efficient!,love simple efficient,5,2020-08-24 21:17:31,0,0.25,Product Usability & Aesthetics
9565,9565,I want to say only one thing that is .This app is to good . Because second thing u will know when you install it.,want say one thing app good second thing u know install,5,2020-08-24 13:55:56,0,0.35,Low Signal
9566,9566,it is so far a good app hopefully it keeps me on track,far good app hopefully keeps track,5,2020-08-24 10:01:49,0,0.3999999999999999,Efficiency
9567,9567,Absolutely love this! I love that you can copy schedules so you don't have to keep doing repeats. I can't wait to see what else this can do!,absolutely love love copy schedules dont keep repeats cant wait see else,5,2020-08-24 07:00:40,0,0.5,Low Signal
9568,9568,This app is perfect for someone like me who forgets everything! It helps structure my weekly routines so that I don't have to stress about remembering all kinds of different tasks and helps clear my mind for more important things 🔥,app perfect someone like forgets everything helps structure weekly routines dont stress remembering kinds different tasks helps clear mind important things,5,2020-08-23 13:21:13,0,0.375,Monetization Sentiment
9569,9569,Made my day efficient 🌹thank you ❤️,made day efficient thank,5,2020-08-23 02:11:12,0,0.0,Retention Drivers
9570,9570,Fabulous app thare is all type for making schedule . Very helpful app for me 👌👌,fabulous app thare type making schedule helpful app,5,2020-08-22 23:19:54,0,0.4,Monetization Sentiment
9571,9571,Very nice app not irritating and helping students Really,nice app irritating helping students really,5,2020-08-22 22:48:35,0,0.1333333333333333,Efficiency
9572,9572,This app is just amazing.,app amazing,5,2020-08-22 19:41:33,0,0.6000000000000001,Low Signal
9573,9573,"Great app, it's absolutely perfect for what I do, the only gripe is that the comment section on the schedule block could be bigger, it limits me and I can't jot down everything I can. I hope the developers will see this message and extend it as I think it's an easy fix and would benefit a lot of users very much, thanks!",great app absolutely perfect gripe comment section schedule block could bigger limits cant jot everything hope developers see message extend think easy fix would benefit lot users much thanks,5,2020-08-22 17:21:28,0,0.4866666666666667,Feature Requests & Friction
9574,9574,Nice app,nice app,5,2020-08-22 11:00:31,0,0.6,Low Signal
9575,9575,I reallly liked this app for my phone and i also suggest all to download the app fastly .my words are less to describe the app and it is really the best app and brilliant app,reallly liked app phone also suggest download app fastly words less describe app really best app brilliant app,5,2020-08-22 09:17:49,0,0.5066666666666666,Feature Requests & Friction
9576,9576,"The design looked much better before, especially the widget. Wish there was a way to switch to previous design. Edit - it seems that the widget design is growing on me, so I changed the rating. Functionally the app is still great.",design looked much better especially widget wish way switch previous design edit seems widget design growing changed rating functionally app still great,5,2020-08-21 17:49:16,0,0.2833333333333333,Efficiency
9577,9577,Awesome app! Really I didn't think I'd be able to manage my schedules and daily routines so easily. UI is really valued here. You really have to use this app now.,awesome app really didnt think id able manage schedules daily routines easily ui really valued really use app,5,2020-08-20 21:10:43,0,0.35,Retention Drivers
9578,9578,"Incredible, scheduling app, it's like having your own diary secretary. Keep up the good work. Please provide the option to back up in the cloud.",incredible scheduling app like diary secretary keep good work please provide option back cloud,5,2020-08-20 19:47:50,0,0.5333333333333333,Monetization Sentiment
9579,9579,I needed a simple app that I can schedule my day throughout. This has a VERY simple interface and a very visually appealing aesthetic. I love it so far! What would really fit the bill even better is if I can drag and drop blocks. Sometimes I have to shift priorities and it messes up my schedule and I need to manually go in and change things in every block thereafter.,needed simple app schedule day throughout simple interface visually appealing aesthetic love far would really fit bill even better drag drop blocks sometimes shift priorities messes schedule need manually go change things every block thereafter,5,2020-08-20 19:43:35,0,0.2375,Retention Drivers
9580,9580,"Now that I've been using this app for a while, I don't know how I'd survive without it! Keeps me on track and motivated, and is just plain simple while also attractive. No annoyances, easy to customize... Love it!!!",ive using app dont know id survive without keeps track motivated plain simple also attractive annoyances easy customize love,5,2020-08-20 18:32:08,0,0.3038095238095238,Efficiency
9581,9581,Great,great,5,2020-08-20 15:17:11,0,0.8,Low Signal
9582,9582,I love how simple it is to schedule your activities for the day.,love simple schedule activities day,5,2020-08-20 14:11:37,0,0.25,Retention Drivers
9583,9583,Very Nice!!!!!,nice,5,2020-08-20 14:08:44,0,0.6,Low Signal
9584,9584,Very useful and nice features. Helps create a routined lifestyle.,useful nice features helps create routined lifestyle,5,2020-08-19 16:12:46,0,0.4499999999999999,Efficiency
9585,9585,This app is useful for students,app useful students,5,2020-08-19 12:56:36,0,0.3,Efficiency
9586,9586,so far this app is the best...It's helping,far app bestits helping,5,2020-08-19 12:16:26,0,0.1,Efficiency
9587,9587,Promising,promising,5,2020-08-18 05:09:25,0,0.2,Monetization Sentiment
9588,9588,"Love the app, it serves its purpose well. I've found that routines are a must for effective and long term habit building. The latest update allows 2 tags per time slot which is awesome. But, the notes now visually appear seperate, or disconnected from the timeslot and tag. It's really just an aesthetic issue, but I do wish it were fixed.",love app serves purpose well ive found routines must effective long term habit building latest update allows tags per time slot awesome notes visually appear seperate disconnected timeslot tag really aesthetic issue wish fixed,5,2020-08-18 02:49:15,0,0.35625,Monetization Sentiment
9589,9589,"The app is very handy and helpful but the tag ""break"" can't be removed and it occures in every task planned. That makes the good visuals unhelpful and confusing. If that would work 5 stars.",app handy helpful tag break cant removed occures every task planned makes good visuals unhelpful confusing would work stars,5,2020-08-18 02:33:19,0,0.3333333333333332,Efficiency
9590,9590,Очень хорошее и удобное приложение!,,5,2020-08-17 19:07:59,0,0.0,Noise
9591,9591,"Just downloaded this app and set up everything in a snap. Super easy to use and customize hours, multiple timetables, tags, etc. Only had it for 20 minutes but love it so far! Update Aug 2020: the UI seems to be unnecessarily cluttered since the latest update. I loved the ease and simplicity and it was the only app that gave me exactly what I was looking for: a simple, clean, flexible TIMETABLING app, not a calendar or a to do list. Now it seems like they're trying to fit too much into the app😕",downloaded app set everything snap super easy use customize hours multiple timetables tags etc minutes love far update aug ui seems unnecessarily cluttered since latest update loved ease simplicity app gave exactly looking simple clean flexible timetabling app calendar list seems like theyre trying fit much app,5,2020-08-17 16:16:36,1,0.2602564102564103,Monetization Sentiment
9592,9592,Op bolte,op bolte,5,2020-08-17 14:33:25,0,0.0,Noise
9593,9593,Very very very very very very very very very very very very very helpful app,helpful app,5,2020-08-17 12:40:12,0,0.0,Efficiency
9594,9594,Best app for planning and to make us follow it,best app planning make us follow,5,2020-08-17 12:12:10,0,1.0,Low Signal
9595,9595,"One of the best, if not, the best schedule app with a lot of customisation .",one best best schedule app lot customisation,5,2020-08-16 22:22:37,0,1.0,Low Signal
9596,9596,"It took me a bit to get the hang of doing schedules that dont happen on a regular interval, but now i love this app. i use it everyday to keep me on top of what i need to be doing. i think its going to be very useful for when school starts up this fall, considering all of my classes are thru distance learning.",took bit get hang schedules dont happen regular interval love app use everyday keep top need think going useful school starts fall considering classes thru distance learning,5,2020-08-16 22:22:09,0,0.22,Retention Drivers
9687,9687,Love it! I hope we get more stickers but its great.,love hope get stickers great,5,2020-10-22 03:25:58,0,0.65,Low Signal
9688,9688,"Great app - on a tablet. However, I have one issue. When I create a repeated task, say to repeat daily, when I check it completed the first time, all subsequent days are checked complete. This defeats the purpose of creating a repeating task. Hope you guys can fix it! Love the service.",great app tablet however one issue create repeated task say repeat daily check completed first time subsequent days checked complete defeats purpose creating repeating task hope guys fix love service,5,2020-10-16 23:52:30,2,0.275,Retention Drivers
9689,9689,YOUR LIFE WILL BE CHANGED BY THIS APP! I have always used paper planners. I've also used digital planners. I also have my digital calendars. This app takes all of those platforms and makes a beautiful pastry! You need a list? They've got lists! And stickers! Really. It's a no brainer,life changed app always used paper planners ive also used digital planners also digital calendars app takes platforms makes beautiful pastry need list theyve got lists stickers really brainer,5,2020-10-13 08:13:37,1,0.2625,Monetization Sentiment
9690,9690,"I love this app and have (almost) been converted to digital rather than a paper planner (and that's purely because I enjoy spending afternoons designing and stickering a paper planner). I love the stickers and the changeable covers. I also love that you can pick 'handwriting.' I've been using it for a few months now and am paying but so far there's been no problems with it and it gets up dated with new stuff regularly. Whether you prefer using a digital planner or not, get this, you'll love it!",love app almost converted digital rather paper planner thats purely enjoy spending afternoons designing stickering paper planner love stickers changeable covers also love pick handwriting ive using months paying far theres problems gets dated new stuff regularly whether prefer using digital planner get youll love,5,2020-10-10 20:38:23,6,0.2636363636363636,Monetization Sentiment
9691,9691,"This is the best purchase I've made this year. I love planners but this one is my favorite. I can organize on my laptop and take it to go with my phone. It's cute and pretty, and there are so many cover options. The whole thing syncs with Google calendar and I love that about it. If you're on the fence, take a risk, you won't regret it! 😁",best purchase ive made year love planners one favorite organize laptop take go phone cute pretty many cover options whole thing syncs google calendar love youre fence take risk wont regret,5,2020-10-08 22:14:03,5,0.49375,Retention Drivers
9692,9692,"I love this planner! I finally feel like I am truly organized. The widget feature is amazing because I am easily able to see what's on the agenda. The push notifications are great! I have this on my phone, laptop, and tablet. Plus it is so cute!!!",love planner finally feel like truly organized widget feature amazing easily able see whats agenda push notifications great phone laptop tablet plus cute,5,2020-10-08 06:28:09,2,0.4833333333333334,Efficiency
9693,9693,User friendly! All the things I look for in a paper agenda...now on my phone.,user friendly things look paper agendanow phone,5,2020-10-01 03:32:05,0,0.375,Noise
9694,9694,Tip top! Customer service great! Just a bit expensive...,tip top customer service great bit expensive,5,2020-09-18 14:26:19,0,0.2666666666666666,Low Signal
9695,9695,"Love this app so much. I used to be a Happy Planner person, but it took to much work to make things pretty before functional. This agenda puts everything at my fingertips, plus has beautiful layouts and stickers. So many great features. I am a digital agenda convert thanks to Artful Agenda",love app much used happy planner person took much work make things pretty functional agenda puts everything fingertips plus beautiful layouts stickers many great features digital agenda convert thanks artful agenda,5,2020-09-07 13:05:42,1,0.43,Efficiency
9696,9696,"I had 2 digital and 2 paper calendars before Artful Agenda; not anymore! Artful Agenda combines the best of paper -- visual, attractive, stickers, and colors -- with the best of digital -- space for everything, invite others, link to video, directions, viewing all of your calendars together or view just one, always available, and of course REMINDERS! The annual subscription is less than most yearly planners but allows you to plan years out, if you want. Try it!!",digital paper calendars artful agenda anymore artful agenda combines best paper visual attractive stickers colors best digital space everything invite others link video directions viewing calendars together view one always available course reminders annual subscription less yearly planners allows plan years want try,5,2020-09-03 17:22:48,2,0.3791666666666666,Market Displacement
9697,9697,I stumbled upon this site as an ad popped up on my Instagram feed... normally I would scroll past but something caught my eye and I'm so very glad that I followed the link.  I signed up instantly as I too have been searching for something less mundane and more customisable than Google Calendar and this meets all my expectations just perfectly. I am telling all my friends and just bought my Mum a subscription for her birthday as she'll love it! Thank you for inventing it. You've made my year.,stumbled upon site ad popped instagram feed normally would scroll past something caught eye im glad followed link signed instantly searching something less mundane customisable google calendar meets expectations perfectly telling friends bought mum subscription birthday shell love thank inventing youve made year,5,2020-08-31 18:08:34,3,0.1958333333333333,Monetization Sentiment
9698,9698,"This app is perfect! I've been looking for a great digital planner that I can sync on everything. I have an Android as a personal phone, iPhone for work, Mac for personal laptop, and PC for work. For suggestions, I would like more sticker packs, a habit tracker, and finance section. Great job!",app perfect ive looking great digital planner sync everything android personal phone iphone work mac personal laptop pc work suggestions would like sticker packs habit tracker finance section great job,5,2020-08-30 03:23:11,2,0.4333333333333333,Monetization Sentiment
9699,9699,"I really love this app. I am a planner loyalist, and have planners and journals for everything, the only thing I would love to see is the ability to turn the pages. Like on Google Playbooks. And other planners. I hope this feature will be added soon. Thanks Katy, for a great job on putting this together ❤",really love app planner loyalist planners journals everything thing would love see ability turn pages like google playbooks planners hope feature added soon thanks katy great job putting together,5,2020-08-29 06:28:59,5,0.5,Feature Requests & Friction
9700,9700,"THANK YOU THANK YOU THANK YOU!!!! Roll over incomplete task with an automatic default is EXACTLY what I needed!!!! (I love the new covers too, but holy cow, this feature is LIFE CHANGING!!!!)",thank thank thank roll incomplete task automatic default exactly needed love new covers holy cow feature life changing,5,2020-08-28 08:37:38,0,0.1882575757575757,Monetization Sentiment
9701,9701,"I love AA! I mostly use the list options that are available. They have helped me manage my time better and give me a place to keep up with all those ""To-Do's"" that always pop up!",love aa mostly use list options available helped manage time better give place keep todos always pop,5,2020-08-25 17:57:24,0,0.475,Retention Drivers
9702,9702,The BEST agenda ever!! LOVE THIS APP!,best agenda ever love app,5,2020-08-22 03:37:41,0,0.75,Low Signal
9703,9703,"This is EVERYTHING I've been looking for! The price is reasonable considering the amount I spend on paper journals and supplies, it actually probably saves me... The response from reps is amazing. Sure, there's more room for improvement but you can absolutely see the work they are doing and the ears they have on their customers to continue rolling out new features that we ask for. I can't wait to see how much better it continues to get. I'm in love!",everything ive looking price reasonable considering amount spend paper journals supplies actually probably saves response reps amazing sure theres room improvement absolutely see work ears customers continue rolling new features ask cant wait see much better continues get im love,5,2020-08-18 06:17:44,3,0.3295454545454545,Monetization Sentiment
9704,9704,"I tried this app a long time ago, and it's come so far! I'm using it to replace an analogue bullet journal, and it has nearly everything I need now! Maybe the only thing missing would be the option to insert pictures into lists, to keep track of hand-drawn diagrams and stuff. Otherwise, I love it!!!",tried app long time ago come far im using replace analogue bullet journal nearly everything need maybe thing missing would option insert pictures lists keep track handdrawn diagrams stuff otherwise love,5,2020-08-16 18:55:47,11,0.09,Retention Drivers
9705,9705,This is a fantastic app and well worth the money! I have been using it now for 2 months and it has replaced my paper planner I never thought that would be possible. If you're debating on getting it they have a free trial period to help show how amazing it truly is.,fantastic app well worth money using months replaced paper planner never thought would possible youre debating getting free trial period help show amazing truly,5,2020-08-15 18:38:58,1,0.34,Market Displacement
9706,9706,"Absolutely loving electronic planner. I've been looking for something that fits what I need for AGES and once it has recurring tasks,it will have everything I need 😍 I've contacted support a few times and the response is really quick and resolves queries at first attempt.",absolutely loving electronic planner ive looking something fits need ages recurring tasksit everything need ive contacted support times response really quick resolves queries first attempt,5,2020-07-23 15:58:50,4,0.3944444444444444,Monetization Sentiment
9707,9707,"This Agenda has changed my life. I can easily switch between family, business and personal calendars. I can color code events and the tasks lists have made my followups in business, and my daily home tasks seamless. Im no longer the mom losing my mind (as much anyway). I HIGHLY recommend!!!!",agenda changed life easily switch family business personal calendars color code events tasks lists made followups business daily home tasks seamless im longer mom losing mind much anyway highly recommend,5,2020-07-09 11:40:49,1,0.1488888888888889,Monetization Sentiment
9708,9708,I really like this app and I'm stoked to hear about upcoming updates that will be game changing. This app is just what I'm looking for. A functional and attractive agenda to replace my physical planner,really like app im stoked hear upcoming updates game changing app im looking functional attractive agenda replace physical planner,5,2020-07-02 19:44:35,0,0.15,Efficiency
9709,9709,"The developers of this digital planner have done a wonderful job! I feel like Goldilocks and the 3(00) planners because I've tried so many before this. THANK YOU for making this multi platform accessible... that is the reason I was able to sign up! I cannot wait to see what other features and development you do, but for now I am really happy with the great mix of function and design.",developers digital planner done wonderful job feel like goldilocks planners ive tried many thank making multi platform accessible reason able sign cannot wait see features development really happy great mix function design,5,2020-06-18 07:07:04,3,0.5678571428571428,Efficiency
9710,9710,"I don't do ""free trials"" where my credit card information is mandatory to try it out first Edit:. Still don't like the above but I have to say the app is about perfect for me in every way. It's everything I could ask for in a planner app, and I love that it also integrates with Outlook. It's brilliant and worth the money",dont free trials credit card information mandatory try first edit still dont like say app perfect every way everything could ask planner app love also integrates outlook brilliant worth money,5,2020-06-07 11:25:18,8,0.5583333333333332,Feature Requests & Friction
9711,9711,Love how functional and pretty this planner is! I paper plan but this is perfect for on-the-go.,love functional pretty planner paper plan perfect onthego,5,2020-05-25 01:14:04,1,0.5833333333333334,Efficiency
9712,9712,🖤IT,,5,2020-05-13 07:05:39,0,0.0,Noise
9713,9713,This app is adorable but i'll never really use it. Its too bland. Great colors and styles just not enough to keep me interested.,app adorable ill never really use bland great colors styles enough keep interested,5,2020-05-11 20:59:30,0,0.1119047619047619,Low Signal
9714,9714,"Exactly what I needed, feels fancy like a paper planner but syncs perfectly with online calendars!",exactly needed feels fancy like paper planner syncs perfectly online calendars,5,2020-04-23 08:59:18,1,0.625,Noise
9715,9715,"Where do I start. I'm a paper planner addict, but I work in the Healthcare Field and can't bring all pens, stickers, and other paraphernalia. I cannot believe I can work on my schedule from my laptop and it immediately transfers to my phone. I'm floored. What a great thing, not to mention it's only going to get better as time goes! It gives me a bit of peace and calm to work on my planner during the day, thank you Kate!",start im paper planner addict work healthcare field cant bring pens stickers paraphernalia cannot believe work schedule laptop immediately transfers phone im floored great thing mention going get better time goes gives bit peace calm work planner day thank kate,5,2020-04-18 08:11:00,2,0.5333333333333333,Retention Drivers
9716,9716,Love this app!! I'm much more organized with it!,love app im much organized,5,2020-04-04 05:40:47,0,0.35,Efficiency
9717,9717,Obsessed.,obsessed,5,2020-02-20 21:07:02,0,-0.5,Noise
9718,9718,This is perfect. I'm able to get all of my family calendars in one place without having to lug around a traditional agenda. Also they are wonderful at fixing any issues and responding to all emails.,perfect im able get family calendars one place without lug around traditional agenda also wonderful fixing issues responding emails,5,2020-02-12 09:56:59,2,0.625,Noise
9719,9719,I love all of the features. Especially the lists and the stickers.,love features especially lists stickers,5,2020-01-28 07:48:27,0,0.25,Feature Requests & Friction
9720,9720,"Super cute & functional! It syncs with both my personal (google) and work (outlook) calendars, space to plan priorities and meals (weekly/daily views) and LISTS! I don't use the stickers as much, but all the colors for events and background are enough for me right now. Can't wait for the widget to come out someday!",super cute functional syncs personal google work outlook calendars space plan priorities meals weeklydaily views lists dont use stickers much colors events background enough right cant wait widget come someday,5,2020-01-25 20:28:53,5,0.2198412698412698,Retention Drivers
9721,9721,Love this app!!! It's so easy to use. It helps me be organized with the option of having multiple lists. Plus....it's colorful!!,love app easy use helps organized option multiple lists plusits colorful,5,2020-01-24 21:50:27,1,0.3083333333333333,Efficiency
9722,9722,"I absolutely LOVE this app! I am a very OCD person when it comes to being organized and love my planner but really wanted something digital...very portable and environmentally friendly... I found it here! I love the way it syncs in seconds across my devices, phone, iPad, Google home device, and laptop. It’s super user friendly and very customizable! I tried several other digital planners and this one beats them hands down!",absolutely love app ocd person comes organized love planner really wanted something digitalvery portable environmentally friendly found love way syncs seconds across devices phone ipad google home device laptop super user friendly customizable tried several digital planners one beats hands,5,2020-01-24 05:52:01,1,0.3092592592592593,Monetization Sentiment
9723,9723,LOVE THIS APP!! This app had saved me so many stressful headaches!! The creator is ALWAYS on top of it and so helpful with everyone's questions. Install this app - you won't be sorry!,love app app saved many stressful headaches creator always top helpful everyones questions install app wont sorry,5,2020-01-24 05:18:29,0,0.25,Retention Drivers
9724,9724,It's a beautiful digital calendar that u can customize with a cover and stickers and fonts - so much prettier than the standard calendar that comes on your phone!,beautiful digital calendar u customize cover stickers fonts much prettier standard calendar comes phone,5,2020-01-24 04:07:03,2,0.2625,Product Usability & Aesthetics
9725,9725,"Love, love, love this app!! I have been a paper planner lover for 30 years and I just switched to Artful Agenda and I couldn't be more pleased. Try it, you'll love it!!!",love love love app paper planner lover years switched artful agenda couldnt pleased try youll love,5,2020-01-24 03:43:10,1,0.5,Market Displacement
9726,9726,"I have thoroughly enjoyed my AA ever since I found out about last year! I had been looking for an organizer that I use as a calendar and to handle my many ""things to do"" lists. Thank you Katy for your vision and concept.",thoroughly enjoyed aa ever since found last year looking organizer use calendar handle many things lists thank katy vision concept,5,2020-01-24 03:05:10,0,0.3333333333333333,Monetization Sentiment
9727,9727,"I normally don't review apps, but this one is amazing. This digital planner was exactly what I wanted. Give it a try, you won't regret it.",normally dont review apps one amazing digital planner exactly wanted give try wont regret,5,2020-01-24 02:19:37,1,0.25,Efficiency
9728,9728,"This app is beautiful, and has really helped me keep my business, large family, homeschool and church activities all in order! No more chaos for this girl!",app beautiful really helped keep business large family homeschool church activities order chaos girl,5,2020-01-24 02:07:06,0,0.4214285714285714,Efficiency
9729,9729,"The perfect marriage of pen & pixel. If you love the features and visuals of a paper planner but stink at keeping up with it, this is for you. It allows me to: -sync to my Google calendars, & color code -switch an event from one Google calendar to another which even Google calendar won't let me do -look at my schedule as a single day, week, or month without having to put items in 3 different places -set and write down goals -track water & meal plan -make lists -check off tasks",perfect marriage pen pixel love features visuals paper planner stink keeping allows sync google calendars color code switch event one google calendar another even google calendar wont let look schedule single day week month without put items different places set write goals track water meal plan make lists check tasks,5,2019-12-10 11:01:46,4,0.3571428571428571,Monetization Sentiment
9730,9730,"Fun cover, stickers and layouts.",fun cover stickers layouts,5,2019-11-04 20:18:23,0,0.3,Efficiency
9731,9731,"So I love this app- I think it's perfect for what I needed, at the time. Sadly my job changed and so did my need for a calendar/planner. Artful Agenda was still great but I found myself no longer using the stickers or really having time to add information to it. I canceled my subscription- they were super easy to work with. I still recommend this app to girls when asked - ❤❤ I love and miss Artful agenda. When my job changes again I'll be back.",love app think perfect needed time sadly job changed need calendarplanner artful agenda still great found longer using stickers really time add information canceled subscription super easy work still recommend app girls asked love miss artful agenda job changes ill back,5,2019-11-02 06:04:05,2,0.2766666666666666,Monetization Sentiment
9732,9732,"Perfect, I'm loving every element so far ,I love that I can at some point once it's all done use it like my paper planner and sync them with my phone, I hate carrying my paper planner and also having to update my cell calendar , I love and cant wait to see and use all the coming soons I'm so excited ,I'm hoping also a widget will be something to come soon as well so that I can have it open on my phone and not always have to open the app for quick reference. Keep it up",perfect im loving every element far love point done use like paper planner sync phone hate carrying paper planner also update cell calendar love cant wait see use coming soons im excited im hoping also widget something come soon well open phone always open app quick reference keep,5,2019-10-16 02:12:31,2,0.2608333333333333,Retention Drivers
9733,9733,Awesome app!!!,awesome app,5,2019-09-07 03:42:10,0,1.0,Low Signal
9734,9734,"Love it so far! Excited for the ""coming soon"" items. I use a paper planner bc digital planners never seem to have the layout I want but so far this seems to be a great replacement!",love far excited coming soon items use paper planner bc digital planners never seem layout want far seems great replacement,5,2019-09-02 20:39:57,1,0.3125,Efficiency
9735,9735,i am loving this and plan to buy it. do you intend to add a widget for phones and tablets?,loving plan buy intend add widget phones tablets,5,2019-08-04 08:00:41,0,0.6,Monetization Sentiment
9736,9736,"Omg just what I've been looking for and you can also have it on a desk top so whenever I'm working and can't reach my phone for booking clients this comes in handy, can't wait to see what is coming soon 😍😍 Edit: I went on the computer to see if there is a major difference and OMG there is I totally love the desktop site I cannot wait for more features to come I totally recommend this app to anyone🥰🥰🥰 so in love",omg ive looking also desk top whenever im working cant reach phone booking clients comes handy cant wait see coming soon edit went computer see major difference omg totally love desktop site cannot wait features come totally recommend app anyone love,5,2019-08-01 21:21:22,10,0.3604166666666666,Feature Requests & Friction
9737,9737,great app. love it,great app love,5,2019-06-20 05:27:03,0,0.65,Low Signal
9738,9738,This app is literally like a dream come true. It is girly and has all of the things a paper planner has but electronically. I love it!,app literally like dream come true girly things paper planner electronically love,5,2019-06-19 06:59:49,0,0.425,Low Signal
9739,9739,"I've been a paper planner girl for years! I need the pretty colors and stickers. While I still have a paper planner (that hasn't been touched for months) I needed something on my phone because with 3 kids spaced 6 years apart, we are busy. We homeschool year round as well as appointments and family stuff. Artful Agenda fits everything I need. Update on the fly and it's PRETTY! I keep a tab open on my desktop as well as the app on my phone. ⭐⭐⭐⭐⭐",ive paper planner girl years need pretty colors stickers still paper planner hasnt touched months needed something phone kids spaced years apart busy homeschool year round well appointments family stuff artful agenda fits everything need update fly pretty keep tab open desktop well app phone,5,2019-06-18 23:12:01,4,0.1999999999999999,Retention Drivers
9740,9740,"Amazing planner! I've been using the desktop version linked with my Google calendar and it was working great! Now with the app, it's even better than I thought it would be! I love having all of my appointments in one place and it's so easy to use! I especially enjoy the extra feature of being able to add notes to my tasks! It has helped me stay on task with work, cleaning, and everything else!",amazing planner ive using desktop version linked google calendar working great app even better thought would love appointments one place easy use especially enjoy extra feature able add notes tasks helped stay task work cleaning everything else,5,2019-06-18 22:35:07,7,0.5166666666666667,Market Displacement
9741,9741,The best yet!,best yet,5,2019-06-18 08:49:54,0,1.0,Low Signal
9742,9742,"My Planner system is now complete! I love the web app and now with the mobile app, my on-the -go planning is also on point. The app is fast, beautiful and a perfect planning companion. Awesome!",planner system complete love web app mobile app onthe go planning also point app fast beautiful perfect planning companion awesome,5,2019-06-18 08:30:21,3,0.6083333333333333,Product Usability & Aesthetics
9743,9743,"I never thought I could switch to a digital planner and yet here I am, my husband is so happy to see everything that used to take him time sifting through my calendar. We're all synced up on Google calendar now and i have the beautiful version for me to see on Artful Agenda with the lists I need to run my box and family!",never thought could switch digital planner yet husband happy see everything used take time sifting calendar synced google calendar beautiful version see artful agenda lists need run box family,5,2019-06-18 08:26:46,2,0.5499999999999999,Monetization Sentiment
9744,9744,"This app is practical, beautiful, fun, and easy to use! Highly recommend!",app practical beautiful fun easy use highly recommend,5,2019-06-18 08:04:05,1,0.4358333333333333,Efficiency
9745,9745,"I just ADORE this app. It has saved my sanity on more than one occasion. Super simple to use and I love being able to color code things. And the water tracker, my goodness.",adore app saved sanity one occasion super simple use love able color code things water tracker goodness,5,2019-06-18 06:34:47,1,0.3333333333333333,Efficiency
9746,9746,love love love this!!!! its the best of both worlds - paper and digital and syncs with all your calendars ! awesome app!,love love love best worlds paper digital syncs calendars awesome app,5,2019-06-18 04:59:17,0,0.5833333333333334,Low Signal
9747,9747,love it. Cant wait for it to do even more.,love cant wait even,5,2019-06-18 04:16:11,0,0.5,Low Signal
9748,9748,Finally something that lets me feel like I'm using a paper planner but I don't accidentally leave it at home!,finally something lets feel like im using paper planner dont accidentally leave home,5,2019-06-18 04:11:51,0,0.0,Noise
9749,9749,This is my dream calendar app! It works perfectly with my Google calendar while also offering list making capabilities as well as meal planning! As a mom and business owner it gives me everything I need in a digital calendar!,dream calendar app works perfectly google calendar also offering list making capabilities well meal planning mom business owner gives everything need digital calendar,5,2019-06-18 03:17:30,1,0.5,User Archetypes & Workflows
9750,9750,nice planner that replaced paper planner. i absolutely love it! no more spending money on Etsy for digital planners that do not give me notifications. this one does!,nice planner replaced paper planner absolutely love spending money etsy digital planners give notifications one,5,2019-06-18 02:59:15,0,0.3666666666666667,Market Displacement
9751,9751,"I love this app! It's a perfect replacement for my paper calendar. I love that I can have my schedule, meal plan, tasks to do and more all at the tip of my fingers wherever I am. I'm excited for all the plans they have to add even more awesome features!",love app perfect replacement paper calendar love schedule meal plan tasks tip fingers wherever im excited plans add even awesome features,5,2019-06-18 02:05:50,1,0.675,Monetization Sentiment
9752,9752,I have been using Artful Agenda on a desktop this year and love all it's features. Now the app makes it even more accessible. I love planning meals and mapping out my day!,using artful agenda desktop year love features app makes even accessible love planning meals mapping day,5,2019-06-18 01:59:21,0,0.4583333333333333,Retention Drivers
9753,9753,A fun and beautiful way to organize your life! I'm a huge fan!!!,fun beautiful way organize life im huge fan,5,2019-06-18 01:49:38,0,0.5166666666666667,Efficiency
9754,9754,This is the perfect calendar app! And its gorgeous to boot!,perfect calendar app gorgeous boot,5,2019-06-18 01:38:44,0,0.85,Noise
9755,9755,"I have always been a paper planner girl, but now that I've tried Artful Agenda I will never go back! I love the custom covers, adorable stickers and the ability to link multiple calendars together in one place! It's extremely functional and I am obsessed with the fact that I can access it straight from my phone (and computer, too!). No more anxiety about losing my paper planner...loving this beautiful, digital way to organize!",always paper planner girl ive tried artful agenda never go back love custom covers adorable stickers ability link multiple calendars together one place extremely functional obsessed fact access straight phone computer anxiety losing paper plannerloving beautiful digital way organize,5,2019-06-18 01:35:00,7,0.1583333333333333,Retention Drivers
9756,9756,as someone who is obsessed with trendy planners with pops of color I can't get enough of artful agenda. it combines the convenience of a digital calendar with the joy of having a fun planner to organize everything in. and they ade always adding new features that are awesome!,someone obsessed trendy planners pops color cant get enough artful agenda combines convenience digital calendar joy fun planner organize everything ade always adding new features awesome,5,2019-06-18 01:22:47,1,0.2920454545454545,Monetization Sentiment
9757,9757,"This is a perfect app solution for as a hybrid between digital and paper calendars. I love the ""extras"" to make is like my paper calendar in visual effects. I also enjoy the ability to combine multiple digital calendars into one! This is perfect!",perfect app solution hybrid digital paper calendars love extras make like paper calendar visual effects also enjoy ability combine multiple digital calendars one perfect,5,2019-06-18 01:12:51,0,0.3625,Low Signal
9758,9758,I love that this app combines all of my various calendars (work and personal) to have a quick total view of my day(s). Such a timesaver!!!,love app combines various calendars work personal quick total view days timesaver,5,2019-06-18 01:06:03,1,0.1666666666666666,Retention Drivers
9759,9759,perfect hybrid of digital and paper...im in love!,perfect hybrid digital paperim love,5,2019-06-18 01:02:08,0,0.5,Low Signal
9760,9760,the perfect planner app! I'm so thankful for Artful Agenda!,perfect planner app im thankful artful agenda,5,2019-06-18 01:01:09,0,1.0,Noise
9761,9761,this app is just what I have been looking for - it really feels like a paper planner.,app looking really feels like paper planner,5,2019-06-18 00:57:03,0,0.2,Noise
9762,9762,This has replaced my paper planner (and I am addicted to it)! The most amazing app and product ever!,replaced paper planner addicted amazing app product ever,5,2019-06-18 00:54:08,0,0.1,Market Displacement
9763,9763,I love Artful Agenda!!! It is the beauty and organization of a paper planner with the convenience of being online and on my phone! love the new featured that keep rolling out!,love artful agenda beauty organization paper planner convenience online phone love new featured keep rolling,5,2019-06-18 00:50:57,0,0.3787878787878787,Monetization Sentiment
9764,9764,I love this calendar app! This is the only digital calendar that I have been happy with! I can easily see what I have coming up. I love the 'tasks' and the ability to make my to do list right on the app...and the ability to easily snooze a task ii didn't get to until tomorrow. LOVE IT!,love calendar app digital calendar happy easily see coming love tasks ability make list right appand ability easily snooze task ii didnt get tomorrow love,5,2019-04-07 08:11:57,3,0.431547619047619,Monetization Sentiment
9765,9765,"I love that all my calendars are integrated in one spot, work, school, kids, small business. its pretty, functional, tracks meals, to dos and water intake. I'm thrilled to have something pretty to add joy to my day. Thanks Beta Team!",love calendars integrated one spot work school kids small business pretty functional tracks meals dos water intake im thrilled something pretty add joy day thanks beta team,5,2019-04-02 14:30:11,3,0.3357142857142858,Retention Drivers
10395,10395,This is really great app,really great app,5,2020-10-27 22:44:57,0,0.8,Low Signal
10396,10396,Helps to keep on track. Thanks,helps keep track thanks,5,2020-10-27 21:37:00,0,0.2,Efficiency
10397,10397,Love this app! Not only helps me organize my tasks but also makes me feel great at the end of the day seeing how much I accomplished!,love app helps organize tasks also makes feel great end day seeing much accomplished,5,2020-10-27 20:28:20,0,0.5,Monetization Sentiment
10398,10398,Best of its kind. Just what I was looking for.,best kind looking,5,2020-10-27 12:33:44,0,0.8,Low Signal
10399,10399,Muy útil. Me encanta,muy til encanta,5,2020-10-27 10:49:19,0,0.0,Noise
10400,10400,So helpful!,helpful,5,2020-10-27 09:35:20,0,0.0,Efficiency
10401,10401,I think the notification problem is already solved :),think notification problem already solved,5,2020-10-27 07:12:29,6,0.0,Monetization Sentiment
10402,10402,It is great if u want to keep thngs organized,great u want keep thngs organized,5,2020-10-27 01:56:44,0,0.8,Efficiency
10403,10403,"Best customer experience! I have been using this app for a long time. Really versitile and pleasing to the eye. Recently switched phone and was having some trouble getting everything to work. Contacted customer service for help. Super supportive, replied quickly, and problem successfully solved! Would recommend nothing else!",best customer experience using app long time really versitile pleasing eye recently switched phone trouble getting everything work contacted customer service help super supportive replied quickly problem successfully solved would recommend nothing else,5,2020-10-27 01:01:58,0,0.3185185185185185,Market Displacement
10404,10404,I use this app everyday! It is really helping me stay on track!!,use app everyday really helping stay track,5,2020-10-27 00:09:16,0,0.0,Retention Drivers
10405,10405,👍,,5,2020-10-26 23:27:41,0,0.0,Noise
10406,10406,This app is AMAZING. Never ever going to uninstall it from my phone. I only wish there was an affiliate program so I make money from my recommendations lol,app amazing never ever going uninstall phone wish affiliate program make money recommendations lol,5,2020-10-26 20:39:50,0,0.7000000000000001,Monetization Sentiment
10407,10407,Very Nice app,nice app,5,2020-10-26 20:16:20,0,0.6,Low Signal
10408,10408,Simplismente incrível!!!,simplismente incrvel,5,2020-10-26 18:09:37,0,0.0,Noise
10409,10409,I looooooooooooooooove it,looooooooooooooooove,5,2020-10-26 16:28:04,0,0.0,Noise
10410,10410,Helpful.,helpful,5,2020-10-26 14:32:49,0,0.0,Efficiency
10411,10411,Very easy to manage,easy manage,5,2020-10-26 13:17:56,0,0.4333333333333333,Efficiency
10412,10412,Very handy. Well designed. Good app.,handy well designed good app,5,2020-10-26 12:27:55,0,0.6499999999999999,Product Usability & Aesthetics
10413,10413,Excellent,excellent,5,2020-10-26 09:06:56,0,1.0,Low Signal
10414,10414,Great app!!,great app,5,2020-10-26 06:46:23,0,0.8,Low Signal
10415,10415,"Its a nice app. But i wish when i add it to my homescreen it shows all my notes. It make me chose one the tasks and i cant see the others. Edit: thank you steve for the fast reply! I didnt like the filter bec. I also want to see them seperate not all together. But using a second widget helped. Here, 5 stars 😊",nice app wish add homescreen shows notes make chose one tasks cant see others edit thank steve fast reply didnt like filter bec also want see seperate together using second widget helped stars,5,2020-10-26 02:26:30,0,0.2666666666666666,Market Displacement
10416,10416,"10.25.20 Still amazing app! Hoping for option to display calendar view on widget! 10.6.20 Have to gush about how amazing this app is again! From the colors (I'm a designer and fine artist so colors help me organize) to on point organizational capabilities and lack of ads + beautifully functional customizable design, this app is literally the glue holding my life together! So grateful for the creator and the app ♥ 9.17.20 Perfect,love the color options,organization,and every thoughtful feature",still amazing app hoping option display calendar view widget gush amazing app colors im designer fine artist colors help organize point organizational capabilities lack ads beautifully functional customizable design app literally glue holding life together grateful creator app perfectlove color optionsorganizationand every thoughtful feature,5,2020-10-25 20:47:54,1,0.5733333333333334,Monetization Sentiment
10417,10417,"Great app. However backups were disabled for non premium users, which made me sad. Happy to support the dev with premium and 5 stars tho.",great app however backups disabled non premium users made sad happy support dev premium stars tho,5,2020-10-25 17:27:37,0,0.225,Monetization Sentiment
10418,10418,Love it,love,5,2020-10-25 17:22:51,0,0.5,Low Signal
10419,10419,Great app!,great app,5,2020-10-25 11:46:00,0,0.8,Low Signal
10420,10420,So easy and effective. Even a little fun!,easy effective even little fun,5,2020-10-25 11:30:03,0,0.2864583333333333,Efficiency
10421,10421,Love this app. It is super user friendly. And the color coding options help me stay organized in a fun way. 😁 I strongly recommend this app to anybody who enjoys a to-do list,love app super user friendly color coding options help stay organized fun way strongly recommend app anybody enjoys todo list,5,2020-10-25 09:20:33,0,0.3883333333333333,Efficiency
10422,10422,Keeps me up to date with my task helps alot,keeps date task helps alot,5,2020-10-25 04:13:34,0,0.0,Efficiency
10423,10423,"Great 'to do' app, attractive and clear",great app attractive clear,5,2020-10-24 22:44:16,0,0.5666666666666668,Efficiency
10424,10424,I've been using this app for years now and I love it. Great app.,ive using app years love great app,5,2020-10-24 19:50:48,0,0.65,Retention Drivers
10425,10425,"Amazing nd loved it , tq to developer",amazing nd loved tq developer,5,2020-10-24 19:13:10,0,0.65,Low Signal
10426,10426,"Brilliant app, straightforward with nice features and no, I repeat, no annoying ads 🙂. Thanks! 😀",brilliant app straightforward nice features repeat annoying ads thanks,5,2020-10-24 16:32:35,0,0.255,Feature Requests & Friction
10427,10427,Simple and nice interface. Didn't expect much didn't get dissappointed.. Try it yourself,simple nice interface didnt expect much didnt get dissappointed try,5,2020-10-24 13:49:17,0,0.2666666666666666,Product Usability & Aesthetics
10428,10428,"Great so for keeping to do list, grocery list, etc. Easy to create, update, sort, copy, & share.",great keeping list grocery list etc easy create update sort copy share,5,2020-10-24 10:46:12,0,0.6166666666666667,User Archetypes & Workflows
10429,10429,Easy to use and very helpful,easy use helpful,5,2020-10-24 09:50:21,0,0.4333333333333333,Efficiency
10430,10430,Pretty Satisfied I have only used it to capture things I think of that I need to do. I can assign a priority but I haven't explored all the options for incorporating it in to my calendar or anything else. I think I will get more use from it once I take a little time with it. I don't plan on paying for the full version so read the fine print.,pretty satisfied used capture things think need assign priority havent explored options incorporating calendar anything else think get use take little time dont plan paying full version read fine print,5,2020-10-24 03:47:25,0,0.2658333333333333,Monetization Sentiment
10431,10431,"Love this app, very easy and intuitive.",love app easy intuitive,5,2020-10-24 00:18:33,0,0.4666666666666667,Product Usability & Aesthetics
10432,10432,"I use it mostly for grocery shopping. I know the layout of the store, so I drag the items into the order I'll see them in the store.",use mostly grocery shopping know layout store drag items order ill see store,5,2020-10-23 20:56:05,0,-0.0333333333333333,Efficiency
10433,10433,"Great app, great support also!",great app great support also,5,2020-10-23 19:10:06,0,0.8,Service Value & Trust
10434,10434,This is the best app that replaced my planner!! I literally recommend this to all my friends and family.,best app replaced planner literally recommend friends family,5,2020-10-23 18:29:48,0,1.0,Market Displacement
10435,10435,"Works well, handy tool",works well handy tool,5,2020-10-23 17:18:27,0,0.6,User Archetypes & Workflows
10436,10436,"It is the best app,I've ever seen.It really has changed my life.I just hope that it could have a default list.",best appive ever seenit really changed lifei hope could default list,5,2020-10-23 14:07:04,0,0.6,Efficiency
10437,10437,My experience gas been good so far 👌👌.,experience gas good far,5,2020-10-23 10:58:49,0,0.3999999999999999,Low Signal
10438,10438,Easy navigation..simple ..clean with alarm ..etc...After trying 10..I found this one the best..perfect10,easy navigationsimple clean alarm etcafter trying found one bestperfect,5,2020-10-23 06:22:54,0,0.4,Product Usability & Aesthetics
10439,10439,THE BESTTTTTTTT,bestttttttt,5,2020-10-23 06:07:48,0,0.0,Low Signal
10440,10440,"So far, I'm loving it. Edit: I've been using it for more than a month now and it been very helpful in organizing the many tasks that I must do for my business.",far im loving edit ive using month helpful organizing many tasks must business,5,2020-10-23 03:36:52,0,0.3999999999999999,Monetization Sentiment
10441,10441,Great App like it so far,great app like far,5,2020-10-23 01:00:02,0,0.45,Low Signal
10442,10442,Love the way this app is organized,love way app organized,5,2020-10-23 00:04:58,0,0.5,Efficiency
10443,10443,It has all I need to plan my tasks,need plan tasks,5,2020-10-22 19:14:38,0,0.0,Monetization Sentiment
10444,10444,This app is great! Now I could know what would I do. It's really good for school as well.,app great could know would really good school well,5,2020-10-22 18:08:10,0,0.75,Feature Requests & Friction
10445,10445,When I was offered a management position I had to get organised this app did just that!!,offered management position get organised app,5,2020-10-22 14:03:04,0,0.0,Efficiency
10446,10446,Awesome,awesome,5,2020-10-22 13:10:11,0,1.0,Low Signal
10447,10447,"Useful in orgnanizing lists and tasks, along with sub-lists and notes. Easy to use, and can set reminders and due dates.",useful orgnanizing lists tasks along sublists notes easy use set reminders due dates,5,2020-10-22 10:00:56,0,0.2027777777777778,Monetization Sentiment
10448,10448,"It's nice, simple, and helps me to make lists that I can check off.",nice simple helps make lists check,5,2020-10-22 03:49:09,1,0.3,Efficiency
10449,10449,Easy to keep track,easy keep track,5,2020-10-22 03:31:38,0,0.4333333333333333,Efficiency
10450,10450,"This app is great! I have ADHD and also have had a lot of trouble finding an app that works, but I really love this one. :)",app great adhd also lot trouble finding app works really love one,5,2020-10-21 16:12:47,1,0.3666666666666667,User Archetypes & Workflows
10451,10451,"Excellent, easy to use application to help keep you focused on what needs to be done.",excellent easy use application help keep focused needs done,5,2020-10-21 14:32:59,0,0.7166666666666667,Efficiency
10452,10452,"The ultimate task, list, and reminder organizer app! Tasks does a wonderful job at taking the work out of managing tasks, projects, and lists. It supports multiple lists, sub-lists, priorities, due dates. Notes can be added to each item and drag & drop makes it easy to manually sort. Premium version is well worth the productivity gains and time savings I get - all for the price of about 3 cups of coffee! ☕☕☕😀 Highly-recommended. Very good and responsive developer support as well. 👍👍🏻",ultimate task list reminder organizer app tasks wonderful job taking work managing tasks projects lists supports multiple lists sublists priorities due dates notes added item drag drop makes easy manually sort premium version well worth productivity gains time savings get price cups coffee highlyrecommended good responsive developer support well,5,2020-10-21 09:26:32,13,0.2760416666666667,Monetization Sentiment
10453,10453,easy to add tasks and set reminders. love it!,easy add tasks set reminders love,5,2020-10-21 09:22:53,0,0.4666666666666667,Monetization Sentiment
10454,10454,EXACTLY what I wanted! I'll never make a list on paper again!!!,exactly wanted ill never make list paper,5,2020-10-21 09:15:31,0,-0.125,Efficiency
10455,10455,its a great app without ad. most things are fully customizable,great app without ad things fully customizable,5,2020-10-21 08:46:17,0,0.8,Monetization Sentiment
10456,10456,"I love being able to move tasks, tick them off and have them move to other lists or the bottom of the list. I can do sub lists and break things down into steps. Helps me to feel motivated and keep track. I struggle with getting distracted so it's a very helpful app.",love able move tasks tick move lists bottom list sub lists break things steps helps feel motivated keep track struggle getting distracted helpful app,5,2020-10-21 07:14:08,1,0.5,Monetization Sentiment
10457,10457,Great,great,5,2020-10-21 05:32:40,0,0.8,Low Signal
10458,10458,Exceeded my expectations & helps me a lot with things I need to do & morning routines.,exceeded expectations helps lot things need morning routines,5,2020-10-21 03:26:11,0,0.0,Efficiency
10459,10459,"This is by far the best task managing app I've ever used to date, and its suprisingly versatile.",far best task managing app ive ever used date suprisingly versatile,5,2020-10-20 21:42:36,1,0.55,Low Signal
10460,10460,Love the colors and multiple lists. Easy to use n looks great!,love colors multiple lists easy use n looks great,5,2020-10-20 21:04:17,1,0.4333333333333333,User Archetypes & Workflows
10461,10461,"Simple to use/understand, dependable, flexible, and therefore the best designed USEABLE task lister I've ever found. Great job, devs!",simple useunderstand dependable flexible therefore best designed useable task lister ive ever found great job devs,5,2020-10-20 18:12:27,1,0.6,User Archetypes & Workflows
10462,10462,Best task list ever every other task list was terrible the others didn't have a alarm So download this game,best task list ever every task list terrible others didnt alarm download game,5,2020-10-20 13:10:20,0,-0.1333333333333333,Market Displacement
10463,10463,Good,good,5,2020-10-20 12:45:09,0,0.7,Low Signal
10464,10464,The best,best,5,2020-10-20 10:28:25,0,1.0,Low Signal
10465,10465,This thing really works. I've been getting so much more done.,thing really works ive getting much done,5,2020-10-20 08:17:35,0,0.2,User Archetypes & Workflows
10466,10466,Easy and helpful,easy helpful,5,2020-10-20 08:12:18,0,0.4333333333333333,Efficiency
10467,10467,I love it. It does exactly what I need it to do.,love exactly need,5,2020-10-20 07:54:38,0,0.375,Low Signal
10468,10468,It's useful. I m just learning to use it,useful learning use,5,2020-10-20 07:18:49,0,0.3,Efficiency
10469,10469,It really helps me stay organized. I used to write my list on paper and would sometimes lose it. This is great all in one place.,really helps stay organized used write list paper would sometimes lose great one place,5,2020-10-20 04:03:41,1,0.5,Efficiency
10470,10470,Super impressed with this app and its simple task note widget,super impressed app simple task note widget,5,2020-10-20 01:34:55,0,0.4444444444444444,Product Usability & Aesthetics
10471,10471,"Brilliant app! Very sensibly designed, intuitive to use, does everything I need. The best organiser app I've come across (and I've tried quite a number). Thanks for the great work, Stephen!",brilliant app sensibly designed intuitive use everything need best organiser app ive come across ive tried quite number thanks great work stephen,5,2020-10-19 21:48:02,1,0.7250000000000001,User Archetypes & Workflows
10472,10472,I switched from another time tracking app to this one. I like the way you can see all the time on one page and easily edit that information. Reporting is easy also. Switching work type on-the-go is very convenient. It has many configurable units as well. I recommend this to anyone needing to track their work time.,switched another time tracking app one like way see time one page easily edit information reporting easy also switching work type onthego convenient many configurable units well recommend anyone needing track work time,5,2020-10-19 21:41:05,4,0.4555555555555555,Market Displacement
10473,10473,Very useful. Well designed.,useful well designed,5,2020-10-19 20:50:31,0,0.3,Efficiency
10474,10474,Long time I'm using . Very good app,long time im using good app,5,2020-10-19 16:14:00,0,0.3249999999999999,Low Signal
10475,10475,"Good app ! Lists, sublists and reminders available along with additional comments for each of it.",good app lists sublists reminders available along additional comments,5,2020-10-19 15:13:41,1,0.55,Efficiency
10476,10476,Easy to use,easy use,5,2020-10-19 07:54:18,0,0.4333333333333333,Product Usability & Aesthetics
10477,10477,Great! Very helpful. Love that I can create recurring tasks!,great helpful love create recurring tasks,5,2020-10-19 06:52:48,1,0.65,Monetization Sentiment
10478,10478,"Does what it does, stays out of the way otherwise. Good control over notifications, and easy to use.",stays way otherwise good control notifications easy use,5,2020-10-19 06:29:58,1,0.5666666666666667,Product Usability & Aesthetics
10479,10479,"Been using this app for years, and its only gotten better with every new update! This is my most important app! I use the tasks app to do everything from actually making lists for like shopping and stuff, to recording dreams and making plans!",using app years gotten better every new update important app use tasks app everything actually making lists like shopping stuff recording dreams making plans,5,2020-10-19 03:19:42,1,0.2590909090909091,Monetization Sentiment
10480,10480,Great app for forgetful minds,great app forgetful minds,5,2020-10-19 03:18:18,0,0.35,Low Signal
10481,10481,"Great app, exactly what i needed.",great app exactly needed,5,2020-10-18 23:49:15,0,0.525,Low Signal
10482,10482,I love this app. Keeps everything organized and is so easy to use,love app keeps everything organized easy use,5,2020-10-18 21:49:34,0,0.4666666666666667,Efficiency
10483,10483,This app is easy to use and it helps me a lot!,app easy use helps lot,5,2020-10-18 21:31:45,0,0.4333333333333333,Efficiency
10484,10484,Wonderful. Finally an app that works. Have tried hundreds of task list type apps. This one is designed perfectly. Thanks. Will probably buy pro version,wonderful finally app works tried hundreds task list type apps one designed perfectly thanks probably buy pro version,5,2020-10-18 20:28:05,1,0.3999999999999999,Monetization Sentiment
10485,10485,I can organize my shopping into different departments and swipe from one department to another without having to exit one list and open another. Makes shopping much easier!,organize shopping different departments swipe one department another without exit one list open another makes shopping much easier,5,2020-10-18 19:05:13,1,0.0666666666666666,User Archetypes & Workflows
10486,10486,Nice app,nice app,5,2020-10-18 18:02:28,0,0.6,Low Signal
10487,10487,Finished / checked tasks reappear after a time as unfinnished,finished checked tasks reappear time unfinnished,5,2020-10-18 16:07:31,0,0.0,Monetization Sentiment
10488,10488,I really appreciate the creator responding immediately so I'll definitely give this app a 5 star. It's pretty convenient to use and supposedly the issue that I have is not being able to add more than one of its widget but I guess that's already in my phone's model feature not the app itself.,really appreciate creator responding immediately ill definitely give app star pretty convenient use supposedly issue able add one widget guess thats already phones model feature app,5,2020-10-18 14:22:08,1,0.09,Feature Requests & Friction
10489,10489,Superb!!!!,superb,5,2020-10-18 12:24:23,0,1.0,Noise
10490,10490,I love that the widget is right there on home screen.,love widget right home screen,5,2020-10-18 12:04:11,0,0.3928571428571428,Low Signal
10491,10491,ای لاو ایت,,5,2020-10-18 10:25:57,0,0.0,Noise
10492,10492,Good app,good app,5,2020-10-17 15:17:01,0,0.7,Low Signal
10493,10493,"It's great to get reminders to complete tasks. Also, it's useful to be able to add items to my grocery list when I am out and about. Plus, once an item is added, I can mark it as picked up without deleting it from my list for next time.",great get reminders complete tasks also useful able add items grocery list plus item added mark picked without deleting list next time,5,2020-10-17 11:41:30,1,0.3399999999999999,Monetization Sentiment
10494,10494,Good,good,5,2020-10-17 09:06:12,0,0.7,Low Signal
10495,10495,Simply Awesome,simply awesome,5,2020-10-17 08:56:06,0,1.0,Low Signal
10496,10496,I like the way it looks,like way looks,5,2020-10-17 07:14:45,0,0.0,Noise
10497,10497,"It's really a good app because I can set-up alarms for different uses. (Sadly for many times the alarm set didn't alarm on time. I hope in the future they could fix this. This is really important because I need many reminders every week that I shouldn't miss or else other people could be affected.) I tried before setting an alarm in my phone's alarm app but doesn't look good. This one really works for me, a big help. Thanks. 😁",really good app setup alarms different uses sadly many times alarm set didnt alarm time hope future could fix really important need many reminders every week shouldnt miss else people could affected tried setting alarm phones alarm app doesnt look good one really works big help thanks,5,2020-10-17 07:02:09,16,0.32,Retention Drivers
10498,10498,I like it. I know all the drawing I started and need to finish :),like know drawing started need finish,5,2020-10-17 01:14:48,0,0.0,Noise
10499,10499,Ideal app to keep me organized,ideal app keep organized,5,2020-10-16 22:28:09,0,0.9,Efficiency
10500,10500,best to do list 💕✨,best list,5,2020-10-16 18:50:59,0,1.0,User Archetypes & Workflows
10501,10501,"So far I love it. Clear and simple to navigaye. Able to make my lists in cour coding. Also nice design, fir the creative.",far love clear simple navigaye able make lists cour coding also nice design fir creative,5,2020-10-16 17:49:38,1,0.3285714285714285,Efficiency
10502,10502,Very helpful for me to memorize scripture and keep up with daily as well as weekly work tasks,helpful memorize scripture keep daily well weekly work tasks,5,2020-10-16 17:31:09,1,0.0,Monetization Sentiment
10503,10503,This is the perfect app! It feels like it's custom made for me!,perfect app feels like custom made,5,2020-10-16 09:44:17,0,1.0,Noise
10504,10504,The best 👌,best,5,2020-10-16 00:12:46,0,1.0,Low Signal
10505,10505,Great apo,great apo,5,2020-10-15 20:42:20,0,0.8,Low Signal
10506,10506,User friendly and compatible with other apps in use. I enjoy this app very much.,user friendly compatible apps use enjoy app much,5,2020-10-15 20:12:41,0,0.325,Market Displacement
10507,10507,"Advanced and has all the functions caked into one, eliminating the need for other task management apps",advanced functions caked one eliminating need task management apps,5,2020-10-15 17:40:36,0,0.4,Efficiency
10508,10508,Great muti-organiser with multiple lists,great mutiorganiser multiple lists,5,2020-10-15 15:30:15,0,0.4,User Archetypes & Workflows
10509,10509,Great app! Have been using it for a while and it really helped me to get my life together.,great app using really helped get life together,5,2020-10-15 08:39:20,0,0.5,Efficiency
10510,10510,Very nice and helpful app,nice helpful app,5,2020-10-15 07:23:21,0,0.6,Efficiency
10511,10511,Great app! Very versatile and customizable.,great app versatile customizable,5,2020-10-15 06:10:04,0,0.8,Monetization Sentiment
10512,10512,"Keeps me organised throughout the day, something that is so important as I tend to get distracted by things that are more appealing. Thank you so much for this great app that keeps me on track 🙂",keeps organised throughout day something important tend get distracted things appealing thank much great app keeps track,5,2020-10-15 06:06:59,1,0.5666666666666668,Retention Drivers
10513,10513,Easy to use,easy use,5,2020-10-15 04:11:20,0,0.4333333333333333,Product Usability & Aesthetics
10514,10514,"Very helpful, simple to use app that helps remind me what I need to do and what my priorities are for the day or the week. It's helped me stay on track and supported creating new habits. Highly recommend!",helpful simple use app helps remind need priorities day week helped stay track supported creating new habits highly recommend,5,2020-10-15 03:56:59,2,0.0987878787878788,Monetization Sentiment
10515,10515,love it,love,5,2020-10-15 03:35:32,0,0.5,Low Signal
10516,10516,"Found it, used it, I love it",found used love,5,2020-10-14 23:43:59,0,0.5,Low Signal
10517,10517,"It's perfect,I love it.😍😍😍",perfecti love,5,2020-10-14 21:20:56,0,0.5,Low Signal
10518,10518,Cool,cool,5,2020-10-14 18:32:50,0,0.35,Noise
10519,10519,This is the app to get! Insanely helpful getting me to keep track of all the things I need to get done daily for my home business homeschooling stay at home mom chores and personal tasks ect. Love the colors love to cross off tasks and i love time stamp on completed tasks. Can't think of anything that would improve the app. Perfect. Love it.,app get insanely helpful getting keep track things need get done daily home business homeschooling stay home mom chores personal tasks ect love colors love cross tasks love time stamp completed tasks cant think anything would improve app perfect love,5,2020-10-14 18:21:21,1,0.2222222222222222,Monetization Sentiment
10520,10520,Very easy to use,easy use,5,2020-10-14 17:25:02,0,0.4333333333333333,Product Usability & Aesthetics
10521,10521,It's just perfect,perfect,5,2020-10-14 17:11:35,0,1.0,Noise
10522,10522,Keeps me stay organized,keeps stay organized,5,2020-10-14 07:53:20,0,0.0,Efficiency
10523,10523,Nice and easy to keep track of day to day tasks as well as longterm and continuous tasks.,nice easy keep track day day tasks well longterm continuous tasks,5,2020-10-14 06:34:38,1,0.5166666666666666,Monetization Sentiment
10524,10524,"Best task app ever, strongly recomended",best task app ever strongly recomended,5,2020-10-14 01:34:04,0,0.7166666666666667,Low Signal
10525,10525,Use it daily. So far so good,use daily far good,5,2020-10-14 00:19:12,0,0.2666666666666666,Retention Drivers
10526,10526,"this is my favorite to do list app, it just 😌👌it has sublists and everything. i've been using it for a bit with only one downside. adding tasks from a widget opens the app, which kinda defeats the point of the widget. great app 👌👌",favorite list app sublists everything ive using bit one downside adding tasks widget opens app kinda defeats point widget great app,5,2020-10-13 22:14:36,1,0.65,Monetization Sentiment
10527,10527,"Haven't had it long. Seems to do the trick, I travel often and need a way to organize packing lists for varied destinations and I like having a way to keep up with shopping needs, things I'm expecting in the mail, and things I want to remember to bring next time.",havent long seems trick travel often need way organize packing lists varied destinations like way keep shopping needs things im expecting mail things want remember bring next time,5,2020-10-13 19:43:27,1,-0.025,User Archetypes & Workflows
10528,10528,Simple and effective,simple effective,5,2020-10-13 18:12:42,0,0.3,Product Usability & Aesthetics
10529,10529,"Great, simple, pretty (love the colors), intuitive app. Love it! The developer is super responsive and helpful. This has quickly become my favorite of all the productivity apps I have used over the years. Thank you!",great simple pretty love colors intuitive app love developer super responsive helpful quickly become favorite productivity apps used years thank,5,2020-10-13 13:36:53,1,0.4020833333333333,Monetization Sentiment
10530,10530,This app is awesome. I love that you can have lists and sublists. And how you can set alarms.,app awesome love lists sublists set alarms,5,2020-10-13 12:28:13,1,0.75,User Archetypes & Workflows
10531,10531,"Wonderful apps remind me of those important dates, such as credit card statements, utility bills that you don't want to miss.... simple to use, you can set up a reminder in less than 30 seconds. Highly recommended.",wonderful apps remind important dates credit card statements utility bills dont want miss simple use set reminder less seconds highly recommended,5,2020-10-13 11:11:50,2,0.2786666666666666,Efficiency
10532,10532,"The app is pretty good, even without premium. It lets you organize and customize your tasks, give lists different colours and even has a dark mode.",app pretty good even without premium lets organize customize tasks give lists different colours even dark mode,5,2020-10-13 05:45:16,1,0.1999999999999999,Monetization Sentiment
10533,10533,"Perfect, everything I wanted, exactly how I wanted it",perfect everything wanted exactly wanted,5,2020-10-13 02:25:31,0,0.625,Efficiency
10534,10534,It is great app to keep me organized.,great app keep organized,5,2020-10-12 23:57:47,0,0.8,Efficiency
10535,10535,"Really enjoy this application. Definetly keeps me organized and super easy to add, subtitle and correct. I grade it a 10.",really enjoy application definetly keeps organized super easy add subtitle correct grade,5,2020-10-12 23:54:26,1,0.3888888888888889,Efficiency
10536,10536,Very helpful,helpful,5,2020-10-12 22:18:24,0,0.0,Efficiency
10537,10537,"It is easy to use, i like it! If i got a job someday i'll definietly upgrade to premium.",easy use like got job someday ill definietly upgrade premium,5,2020-10-12 21:48:49,2,-0.0333333333333333,Monetization Sentiment
10538,10538,Have been using this app for about a month now to list jobs and to do around the house. Easy to list all things needing done to remind you of what's still needed and what is finished.,using app month list jobs around house easy list things needing done remind whats still needed finished,5,2020-10-12 15:16:15,1,0.4333333333333333,Retention Drivers
10539,10539,Very useful and very easy to use,useful easy use,5,2020-10-12 13:37:32,0,0.3666666666666667,Efficiency
10540,10540,Easy to use. Love the colors. Helps me stay organized.,easy use love colors helps stay organized,5,2020-10-12 06:51:04,0,0.4666666666666667,Efficiency
10541,10541,Handy app,handy app,5,2020-10-12 03:04:43,0,0.6,Noise
10542,10542,This is the best one of these apps. Ignore the other ones just get this.,best one apps ignore ones get,5,2020-10-11 23:52:38,0,1.0,Low Signal
10543,10543,You will gonna Love this app i swear,gonna love app swear,5,2020-10-11 21:23:31,0,0.5,Low Signal
10544,10544,"best, but smtimes missing my notification, please make more reminder option, and more hard to rid it)",best smtimes missing notification please make reminder option hard rid,5,2020-10-11 19:44:54,0,0.1694444444444444,Efficiency
10545,10545,"Just started using the app and I am impressed so far. One thing I haven't figured out how to do yet, is setting a repeating task based on the day of the month, i.e., the first Wednesday of the month or the last Friday of the month, etc. (Updated rating and review) I just updated my rating from 4 stars to 5, because of the responsiveness of the developer.",started using app impressed far one thing havent figured yet setting repeating task based day month ie first wednesday month last friday month etc updated rating review updated rating stars responsiveness developer,5,2020-10-11 19:01:14,27,0.3375,Retention Drivers
10546,10546,Really enjoying this app. Love the sub-list feature and the ability to move task to another list.,really enjoying app love sublist feature ability move task another list,5,2020-10-11 10:39:39,1,0.5,Feature Requests & Friction
10547,10547,"this app helped me organize myself, thank you!",app helped organize thank,5,2020-10-11 10:25:59,0,0.0,Efficiency
10548,10548,Easy to add and remove tasks. I need simple or I wont do it. Lazy? Maybe but I'm being real.,easy add remove tasks need simple wont lazy maybe im real,5,2020-10-11 09:27:30,0,0.0958333333333333,Monetization Sentiment
10549,10549,Easy to use and intuitive!,easy use intuitive,5,2020-10-11 04:14:12,0,0.4333333333333333,Product Usability & Aesthetics
10550,10550,"Hvn't bn using very long but so far it's been a great app. Only issue I have is when working on a list, if I pause to check something then go back to Tasks screen it defaults back to another list instead of the one I've been working on; so hv to be careful something doesn't accidently wind up on the wrong list. UPDATE: Developer took the time to reply same day with a logical & reasonable explanation.",hvnt bn using long far great app issue working list pause check something go back tasks screen defaults back another list instead one ive working hv careful something doesnt accidently wind wrong list update developer took time reply day logical reasonable explanation,5,2020-10-11 00:20:02,3,0.0777777777777777,Monetization Sentiment
10551,10551,Useful app to organise tasks,useful app organise tasks,5,2020-10-11 00:03:52,0,0.3,Monetization Sentiment
10552,10552,I love this app. This is very helpful for me especially for my studies. It notifies me and it easier for me to take down or type down my assignments or requirements that needs to be accomplish.,love app helpful especially studies notifies easier take type assignments requirements needs accomplish,5,2020-10-10 20:38:45,1,0.25,Monetization Sentiment
10553,10553,"Great app, easy to use 👍",great app easy use,5,2020-10-10 08:38:59,0,0.6166666666666667,Product Usability & Aesthetics
10554,10554,"This is actually a really beautiful, well made app. Blessed to have found it, thank you.",actually really beautiful well made app blessed found thank,5,2020-10-10 01:05:57,0,0.85,Product Usability & Aesthetics
10555,10555,"Works well, easy to manage love the ""subtask""",works well easy manage love subtask,5,2020-10-09 21:46:41,0,0.4666666666666667,Efficiency
10556,10556,I really liked the sublist,really liked sublist,5,2020-10-09 15:18:03,0,0.6,User Archetypes & Workflows
10557,10557,I really love this app. Very clean cut and simple. Very helpful.,really love app clean cut simple helpful,5,2020-10-09 06:59:25,0,0.2888888888888889,Efficiency
10558,10558,Great app!,great app,5,2020-10-09 02:48:14,0,0.8,Low Signal
10559,10559,So far ..great. keeps me from forgetting things I need to do,far great keeps forgetting things need,5,2020-10-08 22:20:58,0,0.45,Low Signal
10560,10560,"Love the widget. Love how you can easily reorder tasks. Love how you can check and uncheck things. I use this for meal planning, time blocking, and cleaning tasks.",love widget love easily reorder tasks love check uncheck things use meal planning time blocking cleaning tasks,5,2020-10-08 19:28:57,1,0.4833333333333333,Monetization Sentiment
10561,10561,Nice work,nice work,5,2020-10-08 18:50:55,0,0.6,User Archetypes & Workflows
10562,10562,love this app so much <3 it's helped me out a ton!,love app much helped ton,5,2020-10-08 18:13:39,0,0.35,Efficiency
10563,10563,"I really like many of the function, especially since they are easy to use. Now if I may say, I would like to see a more elaborate calendar set up much like the one used in Google Calendar where the user can see the whole month at once. Plus, it can be very useful to add an option where tasks are set up where they repeat even if the user has missed a deadline for a previous one. I'm a college student and I like to see what sorts of homework I have done and which ones I have missed.",really like many function especially since easy use may say would like see elaborate calendar set much like one used google calendar user see whole month plus useful add option tasks set repeat even user missed deadline previous one im college student like see sorts homework done ones missed,5,2020-10-08 16:36:02,7,0.2407407407407407,Monetization Sentiment
10564,10564,"Has been very useful this past year, no longer need to think or stress about a long list of tasks.",useful past year longer need think stress long list tasks,5,2020-10-08 16:29:37,1,-4.625929269271485e-18,Monetization Sentiment
10565,10565,Nice listing options,nice listing options,5,2020-10-08 13:10:23,0,0.6,Efficiency
10566,10566,"I actually never ever write comments or anything about an app, but this one is too good. I have so many assignments that are due and lots of work and its overwhelming. I was searching everywhere for a decent app, and this one was the best. You can set alarms or notifications for assignments, you can title each subject, color code everything, qnd its just a great app. No citiques from meh",actually never ever write comments anything app one good many assignments due lots work overwhelming searching everywhere decent app one best set alarms notifications assignments title subject color code everything qnd great app citiques meh,5,2020-10-08 12:17:54,7,0.375,User Archetypes & Workflows
10567,10567,Keeps me organized with my assignments,keeps organized assignments,5,2020-10-08 08:15:19,0,0.0,Efficiency
10568,10568,"The reminders on my phone quit working, I found this and used it as a replacement. Best reminders app ever. It helps me stay really organized I I reccomend it",reminders phone quit working found used replacement best reminders app ever helps stay really organized reccomend,5,2020-10-08 02:27:30,0,0.6,Efficiency
10569,10569,"UPDATED: After getting feedback from the developer I now see that you can set up repeat tasks, you just have to set a due date before the option appears. I use this app almost daily and I love the ability to have sub task lists. Now that I know how to set repeat tasks I anticipate using it even more. Thank you Stephen for reaching out to me and helping me with your app. Got your fifth star up there now. 😄",updated getting feedback developer see set repeat tasks set due date option appears use app almost daily love ability sub task lists know set repeat tasks anticipate using even thank stephen reaching helping app got fifth star,5,2020-10-08 02:23:57,26,0.125,Monetization Sentiment
10570,10570,It is easy to use,easy use,5,2020-10-08 00:40:53,0,0.4333333333333333,Product Usability & Aesthetics
10571,10571,Beautiful app. So thankful that it's free. Helps me so much with managing both school and life tasks.,beautiful app thankful free helps much managing school life tasks,5,2020-10-07 23:04:34,1,0.4833333333333333,Monetization Sentiment
10572,10572,Excellent app for to do lists and reminders either by alarm or notification. Would love if it also added a banner to the locked phone screen,excellent app lists reminders either alarm notification would love also added banner locked phone screen,5,2020-10-07 21:41:32,1,0.75,Efficiency
10573,10573,"Tried several other to do lists but liked this one better. Helps me to make myself reminders, just have to remember to make the lists. It's hard getting old.",tried several lists liked one better helps make reminders remember make lists hard getting old,5,2020-10-07 19:44:49,1,0.1816666666666666,Efficiency
10574,10574,"So glad I found this app. I used Google Keep for years, but decided to look for a new app to replace Keep bc lists max out at 1000 to-do items, colors are limited and other probs. I'm very happy with Tasks! It has way more options than Keep. Tasks handles subtasks better, lets you move items from one list to another, set recurring tasks and check them off each day, add task level due dates, records when task were added to list. Beautiful interface and great functionality!",glad found app used google keep years decided look new app replace keep bc lists max todo items colors limited probs im happy tasks way options keep tasks handles subtasks better lets move items one list another set recurring tasks check day add task level due dates records task added list beautiful interface great functionality,5,2020-10-07 07:24:01,12,0.4237418831168831,Monetization Sentiment
10575,10575,"Everything works exactly as it should, it is user friendly and perfect. No nonsense and I would totally pay for this if I had to.",everything works exactly user friendly perfect nonsense would totally pay,5,2020-10-07 07:13:16,1,0.40625,Monetization Sentiment
10576,10576,Awesome application to manage your tasks. You've all required features. Simple yet effective interface Thanks for many such nice and making everyone's life easier,awesome application manage tasks youve required features simple yet effective interface thanks many nice making everyones life easier,5,2020-10-07 01:48:04,1,0.4833333333333333,Monetization Sentiment
10577,10577,"Very useful, really like the organization of this app, tried others but this works really well.",useful really like organization app tried others works really well,5,2020-10-07 01:44:49,1,0.2333333333333333,Market Displacement
10578,10578,I love it.,love,5,2020-10-07 00:50:36,0,0.5,Low Signal
10579,10579,Excellent,excellent,5,2020-10-07 00:26:32,0,1.0,Low Signal
10580,10580,Easy Peasy...better than little notes that get lost. Love this App!,easy peasybetter little notes get lost love app,5,2020-10-06 23:21:55,0,0.2486111111111111,Market Displacement
10581,10581,"I LOVE the fact that this app allows me to create subtasks. It's been extremely helpful for me! I was behind in all of my college classes (bit off more than I can chew) but this app really helped me take on the workload step-by-step. Now, two weeks later, I'm back on top of things! This app was a huge help!",love fact app allows create subtasks extremely helpful behind college classes bit chew app really helped take workload stepbystep two weeks later im back top things app huge help,5,2020-10-06 21:11:23,3,0.134375,Monetization Sentiment
10582,10582,I can got all I need in this app. Good job.,got need app good job,5,2020-10-06 10:56:31,0,0.7,Low Signal
10583,10583,"Easy to use and having most functions that I desire. Just one thing I would suggest: for the recurring tasks, it would be more useful if I mark completed this time but the app will remark it as an open task when it reaches half of the interval before next due date. Hope the smart developer can make it works like this way soon. Good luck! ☺",easy use functions desire one thing would suggest recurring tasks would useful mark completed time app remark open task reaches half interval next due date hope smart developer make works like way soon good luck,5,2020-10-06 08:00:23,4,0.1694940476190476,Monetization Sentiment
10584,10584,Easy like a checklist that is ticked off. All I need.,easy like checklist ticked need,5,2020-10-06 06:12:33,0,0.4333333333333333,User Archetypes & Workflows
10585,10585,Very useful and easy to use,useful easy use,5,2020-10-05 23:36:41,0,0.3666666666666667,Efficiency
10586,10586,Great,great,5,2020-10-05 19:16:12,0,0.8,Low Signal
10587,10587,"Extremely easy. Works fast. Can organize alphabetically and many other ways. I used another app just before this one, and uninstalled it immediately to use this one instead. Thank you.",extremely easy works fast organize alphabetically many ways used another app one uninstalled immediately use one instead thank,5,2020-10-05 18:41:37,1,0.3777777777777777,User Archetypes & Workflows
10588,10588,"Absolutely love this app! It's the best To Do list app I've found, and I've tried a lot. It's just so simple and intuitive. I won't be trying any more after this. It's the one!",absolutely love app best list app ive found ive tried lot simple intuitive wont trying one,5,2020-10-05 13:18:00,1,0.5,User Archetypes & Workflows
10589,10589,"I am 76 years old: So. when I say this is a flexible, expansive, yet intuitive app you can believe me.",years old say flexible expansive yet intuitive app believe,5,2020-10-05 12:12:25,2,0.1,Retention Drivers
10590,10590,"Fantastic app. I was using Samsung notes before I discovered this app. Very well laid out, easy to use, and with so many good features and options. Kudos to the developer. I don't usually provide feedback on an app due to privacy, but with this one I had to let the developer and the public know. Best in class. Thanks a million.",fantastic app using samsung notes discovered app well laid easy use many good features options kudos developer dont usually provide feedback app due privacy one let developer public know best class thanks million,5,2020-10-05 10:05:41,17,0.3175925925925926,Monetization Sentiment
10591,10591,The best app for taskas and very helpful go stay on tracks. Simple and intutive. 5 stars from Serbia.,best app taskas helpful go stay tracks simple intutive stars serbia,5,2020-10-05 09:39:12,0,0.5,Efficiency
10592,10592,Easy to use and helps me stay on top of tasks,easy use helps stay top tasks,5,2020-10-05 04:54:06,0,0.4666666666666667,Monetization Sentiment
10593,10593,Nice app,nice app,5,2020-10-05 03:27:25,0,0.6,Low Signal
10594,10594,"Really easy to use, helps keep all my lists in one place. One request please: is it possible to choose to 'hide' future-dated tasks until a week before they're due, or at a specified date?",really easy use helps keep lists one place one request please possible choose hide futuredated tasks week theyre due specified date,5,2020-10-04 22:13:04,8,0.1027777777777777,Monetization Sentiment
11345,11345,Good deal and good function,good deal good function,5,2020-10-27 18:10:23,0,0.7,Efficiency
11346,11346,"AMAZING APP!! I have a very high profile job and with this app, I keep all of my appointments and my work schedule in sync and current!!! 5 STARS!!!!!",amazing app high profile job app keep appointments work schedule sync current stars,5,2020-10-27 17:50:09,0,0.2533333333333333,Monetization Sentiment
11347,11347,I am very happy with this app,happy app,5,2020-10-27 17:02:10,0,0.8,Noise
11348,11348,Good one. Like it.,good one like,5,2020-10-27 13:16:30,0,0.7,Low Signal
11349,11349,Very good,good,5,2020-10-27 10:36:43,0,0.7,Low Signal
11350,11350,Superb App! Once you try this one you won't be looking for another. Not just for business! Works for personal use as well.,superb app try one wont looking another business works personal use well,5,2020-10-27 07:36:36,0,0.5,User Archetypes & Workflows
11351,11351,I prefer this app to the built in calendar.,prefer app built calendar,5,2020-10-27 05:00:14,0,0.0,Product Usability & Aesthetics
11352,11352,It has the best agenda / to-do list widget i have found so far,best agenda todo list widget found far,5,2020-10-27 04:42:11,0,0.55,User Archetypes & Workflows
11353,11353,Using it for years and it's still great!,using years still great,5,2020-10-27 01:15:07,0,0.8,Retention Drivers
11354,11354,"Excellent and one of the best. I have used. I bought the premium version, well worth it.",excellent one best used bought premium version well worth,5,2020-10-26 21:36:24,0,0.7666666666666666,Monetization Sentiment
11355,11355,I love the variety of settings and options,love variety settings options,5,2020-10-26 20:07:43,0,0.5,Efficiency
11356,11356,I have tried a number of calendar apps. This one is the best.,tried number calendar apps one best,5,2020-10-26 14:40:56,0,1.0,Low Signal
11357,11357,"WARNING TO SAMSUNG GALAXY USERS! I love this app. Unfortunately, I just installed the system update from Samsung today and it completely wiped out EVERYTHING on this calendar and the calendar on my phone. I don't know how to fix this, hopefully customer support on this site will be able to help me.",warning samsung galaxy users love app unfortunately installed system update samsung today completely wiped everything calendar calendar phone dont know fix hopefully customer support site able help,5,2020-10-26 10:18:32,1,0.15,Retention Drivers
11358,11358,Excellent for business meeting,excellent business meeting,5,2020-10-26 09:50:44,0,1.0,Low Signal
11359,11359,"Nice, clean",nice clean,5,2020-10-26 05:51:37,0,0.4833333333333333,Product Usability & Aesthetics
11360,11360,Does what it says - reminds you even after the programmed time for some reason I don't understand.,says reminds even programmed time reason dont understand,5,2020-10-26 02:40:49,0,0.0,Monetization Sentiment
11361,11361,I won't go looking for another Calendar! This app is innovative and functional. It is very well supported too. Whoever is behind this app is a professional who deserves great respect.,wont go looking another calendar app innovative functional well supported whoever behind app professional deserves great respect,5,2020-10-26 01:31:35,0,0.25,Monetization Sentiment
11362,11362,Great app!,great app,5,2020-10-26 01:11:12,0,0.8,Low Signal
11363,11363,Better and more customizable than Google Calendar if that's what you're into. I love the widgets they're clean!,better customizable google calendar thats youre love widgets theyre clean,5,2020-10-26 00:41:17,0,0.4555555555555555,Monetization Sentiment
11364,11364,This is a great calender that's easy to customize and integrate with everything in your life!,great calender thats easy customize integrate everything life,5,2020-10-25 22:11:55,0,0.6166666666666667,Efficiency
11365,11365,Gives me exactly what I need to manage my busy life!!,gives exactly need manage busy life,5,2020-10-25 17:32:11,0,0.175,Efficiency
11366,11366,Very useful,useful,5,2020-10-25 13:35:16,0,0.3,Efficiency
11367,11367,very good,good,5,2020-10-25 13:07:09,0,0.7,Low Signal
11368,11368,I love this App. Helps keep me and my 23 color coded Google calenders organized.,love app helps keep color coded google calenders organized,5,2020-10-25 12:39:08,0,0.5,Efficiency
11369,11369,Very useful.,useful,5,2020-10-25 11:57:18,0,0.3,Efficiency
11370,11370,Cracking product,cracking product,5,2020-10-25 11:24:24,0,0.0,Monetization Sentiment
11371,11371,"Really great app.. Manages All my calendars, Easy to use",really great app manages calendars easy use,5,2020-10-25 07:07:04,0,0.6166666666666667,Efficiency
11372,11372,Update 2020: still an amazing calendar app!,update still amazing calendar app,5,2020-10-25 02:44:32,0,0.6000000000000001,Low Signal
11373,11373,Great app,great app,5,2020-10-25 00:55:04,0,0.8,Low Signal
11374,11374,I bought this app some years ago and stopped using it because it was not compatible with my work exchange account. Productivity was way down because of using a multiplicity and some really bad apps. Now it supports it and I am using it again. And I love it every bit as when I left it. Thanks so much for this app! I got an issue with the hide calendars bar though. It shows entries but I cannot delete entries from the menus..,bought app years ago stopped using compatible work exchange account productivity way using multiplicity really bad apps supports using love every bit left thanks much app got issue hide calendars bar though shows entries cannot delete entries menus,5,2020-10-24 22:03:46,0,0.04,Monetization Sentiment
11375,11375,Great,great,5,2020-10-24 20:09:10,0,0.8,Low Signal
11376,11376,No complaints 👌. Works as advertised.,complaints works advertised,5,2020-10-24 19:42:53,0,0.0,User Archetypes & Workflows
11377,11377,Swell.,swell,5,2020-10-24 19:33:55,0,0.0,Noise
11378,11378,"Best Calendar App, ever! 4 years later, and its only improves. Excellent developers who are responsive to feedback, I'd pay for it again!!!! Its that good!!",best calendar app ever years later improves excellent developers responsive feedback id pay good,5,2020-10-24 17:36:04,0,0.675,Monetization Sentiment
11379,11379,Love it,love,5,2020-10-24 12:55:37,0,0.5,Low Signal
11380,11380,Integrates Google Tasks in calendar,integrates google tasks calendar,5,2020-10-24 06:56:53,0,0.0,Monetization Sentiment
11381,11381,Great app,great app,5,2020-10-23 17:59:47,0,0.8,Low Signal
11382,11382,The widget is most useful feature. It reminds me of appointments for the next 48 hours,widget useful feature reminds appointments next hours,5,2020-10-23 10:48:09,0,0.15,Efficiency
11383,11383,Simple and easy,simple easy,5,2020-10-23 08:37:27,0,0.2166666666666666,Product Usability & Aesthetics
11384,11384,"Seems all good. My main calendar , very good and versatile .",seems good main calendar good versatile,5,2020-10-23 01:05:57,0,0.5222222222222221,Low Signal
11385,11385,Works as it should .,works,5,2020-10-22 12:36:22,0,0.0,Feature Requests & Friction
11386,11386,Best customized calendar,best customized calendar,5,2020-10-22 00:14:46,0,1.0,Low Signal
11387,11387,A great calendar!,great calendar,5,2020-10-21 21:27:16,0,0.8,Low Signal
11388,11388,Very pleased with app. Easy to input appointments ets + good screen layout + more...,pleased app easy input appointments ets good screen layout,5,2020-10-21 18:43:02,0,0.5444444444444444,Product Usability & Aesthetics
11389,11389,Beautiful and useful app,beautiful useful app,5,2020-10-21 18:36:14,0,0.575,Efficiency
11390,11390,Amazing! I use it to keep track of bills/work/events and it sincs to my ipad as well :),amazing use keep track billsworkevents sincs ipad well,5,2020-10-21 17:42:59,0,0.6000000000000001,Retention Drivers
11391,11391,Amazing app and real value for money,amazing app real value money,5,2020-10-21 12:49:21,0,0.4,Low Signal
11392,11392,Excellent,excellent,5,2020-10-21 09:40:54,0,1.0,Low Signal
11393,11393,Excellent product,excellent product,5,2020-10-21 07:41:51,0,1.0,Monetization Sentiment
11394,11394,No probles....good experience with this calendar so far.,problesgood experience calendar far,5,2020-10-21 06:42:10,0,0.1,Monetization Sentiment
11395,11395,I like it so i bought the ad free..,like bought ad free,5,2020-10-21 06:24:12,0,0.4,Noise
11396,11396,"Used it for quite a few years, decent app, always room for improvement, but it works well.",used quite years decent app always room improvement works well,5,2020-10-21 04:56:37,0,0.1666666666666666,Monetization Sentiment
11397,11397,一目了然，顏色也夠多，確實把行程分門別類出來，只有每天早上第一次使用時有廣告，後面都沒有廣告，非常實用，用幾年了,,5,2020-10-21 04:02:25,0,0.0,Noise
11398,11398,My every day reference. Fantastic.,every day reference fantastic,5,2020-10-21 02:39:14,0,0.4,Retention Drivers
11399,11399,my far,far,5,2020-10-20 23:56:04,0,0.1,Noise
11400,11400,Best calendar app out there. Super reliable and has all the features you will ever need.,best calendar app super reliable features ever need,5,2020-10-20 23:45:30,0,0.6666666666666666,Feature Requests & Friction
11401,11401,Excellent app.,excellent app,5,2020-10-20 18:26:32,0,1.0,Low Signal
11402,11402,Works very well. Easy interface. Great features.,works well easy interface great features,5,2020-10-20 15:49:27,0,0.6166666666666667,Feature Requests & Friction
11403,11403,"I have used this cal and predecessor for many years with many accounts. And I like it's flexibility, description history, geo history, colours and look and feel flexibility. It is very well made. I use a full size panel on one page of the phone, and it shows me everything. Good grip on what I am doing and planning.",used cal predecessor many years many accounts like flexibility description history geo history colours look feel flexibility well made use full size panel one page phone shows everything good grip planning,5,2020-10-20 13:16:31,0,0.5125,Retention Drivers
11404,11404,Excellent. Loads of features - tried lots. This is the one!,excellent loads features tried lots one,5,2020-10-20 12:10:56,0,1.0,Feature Requests & Friction
11405,11405,"Great app, lots of updates",great app lots updates,5,2020-10-20 07:46:59,0,0.8,Low Signal
11406,11406,Excellent features. Very clean design. I especially like the task management and (birthday) age features.,excellent features clean design especially like task management birthday age features,5,2020-10-20 05:52:13,0,0.4555555555555555,Retention Drivers
11407,11407,"This is one of my favourite app on phone. Widget is on main page, full size. I would like if it has reminder integrated, or alarm sound connected with tasks. Sometimes notification is not strong (or bored) enough to remind me on an event/task.",one favourite app phone widget main page full size would like reminder integrated alarm sound connected tasks sometimes notification strong bored enough remind eventtask,5,2020-10-20 03:56:07,2,0.1416666666666666,Monetization Sentiment
11408,11408,Well done a spiffing app. Try this if events dissapear. Here are the steps I followed: 1) Swich ON Airplane Mode 2) Clear Calendar App storage & cache > Settings > Apps > Calendar > Storage > Clear Storage 3) Clear Calendar storage at system level > Settings > Apps > See all > Menu > Show system   - Calendar Storage > Storage > Clear Storage 4) open calendarVerify that all events are gone 5) Swich OFF Airplane Mode 6) Start Calendar everything should sync after a few minutes.,well done spiffing app try events dissapear steps followed swich airplane mode clear calendar app storage cache settings apps calendar storage clear storage clear calendar storage system level settings apps see menu show system calendar storage storage clear storage open calendarverify events gone swich airplane mode start calendar everything sync minutes,5,2020-10-20 00:47:13,0,0.08,Efficiency
11409,11409,Great app with plenty of features. I've used it for several years and never had any issues. Highly recommend.,great app plenty features ive used several years never issues highly recommend,5,2020-10-20 00:17:30,0,0.32,Retention Drivers
11410,11410,"It's a calendar app. The job is pretty straightforward, but it does it very well, quickly, and in a nice interface. Specific items: syncing with Tasks is great. Syncing with other to-do apps like TickTick would be dreamy, but that's asking a bit much. Being able to set defaults for making new events is good. The color scheme is nice and not all blinding shades like many apps, and I love how customizable it is. I haven't used event ""Groups"" but it looks like a great feature. TLDR great app",calendar app job pretty straightforward well quickly nice interface specific items syncing tasks great syncing todo apps like ticktick would dreamy thats asking bit much able set defaults making new events good color scheme nice blinding shades like many apps love customizable havent used event groups looks like great feature tldr great app,5,2020-10-19 20:25:12,2,0.5047202797202797,Market Displacement
11411,11411,Very helpful app!,helpful app,5,2020-10-19 19:32:52,0,0.0,Efficiency
11412,11412,Great app. Steps up phone calendar with colors and features.,great app steps phone calendar colors features,5,2020-10-19 17:58:07,0,0.8,Feature Requests & Friction
11413,11413,Excellent planner,excellent planner,5,2020-10-19 12:59:58,0,1.0,Low Signal
11414,11414,"Excellent. Simple as that. However it does have a big problem still... It only takes 3 simultaneous events to make 1 or more of the events disappear from view. You can reveal the missing one by hiding non essential calendars. Otherwise excellent. Really appreciate the ability to set multiple alerts for an event. E.g. 1 week ahead, 2 days ahead and day before.",excellent simple however big problem still takes simultaneous events make events disappear view reveal missing one hiding non essential calendars otherwise excellent really appreciate ability set multiple alerts event eg week ahead days ahead day,5,2020-10-19 12:35:02,0,0.25,Monetization Sentiment
11415,11415,"I bought the full version purely because the devs put so much effort at delivering such a great product that I felt an urge obligation of expressing my gratitude. I truly, deeply thank you guys for such an outstanding app.",bought full version purely devs put much effort delivering great product felt urge obligation expressing gratitude truly deeply thank guys outstanding app,5,2020-10-19 09:57:38,0,0.344047619047619,Monetization Sentiment
11416,11416,Good,good,5,2020-10-19 06:29:09,0,0.7,Low Signal
11417,11417,Good app,good app,5,2020-10-19 02:39:43,0,0.7,Low Signal
11418,11418,Awesome,awesome,5,2020-10-18 22:26:46,0,1.0,Low Signal
11419,11419,"Every updates is great, I don't use all the features but the updates only improve the stuff I use. Never had a problem with updates. Great app!",every updates great dont use features updates improve stuff use never problem updates great app,5,2020-10-18 22:00:33,0,0.8,Monetization Sentiment
11420,11420,"Ever in love with Business Calendar 2! It's configuration settings are of sublime finesse. For example, you can move events in 5 minute increments or even 1 minute increments. It's especially useful when moving events, as it's better than other options do on both desktop and mobile applications. Would utmost recommend to those seek a power-calendar app!",ever love business calendar configuration settings sublime finesse example move events minute increments even minute increments especially useful moving events better options desktop mobile applications would utmost recommend seek powercalendar app,5,2020-10-18 17:06:09,2,0.5333333333333333,Market Displacement
11421,11421,Great calender,great calender,5,2020-10-18 16:04:52,0,0.8,Low Signal
11422,11422,Good,good,5,2020-10-17 23:17:53,0,0.7,Low Signal
11423,11423,"Just works, perfect 👌",works perfect,5,2020-10-17 20:37:53,0,1.0,User Archetypes & Workflows
11424,11424,Nice,nice,5,2020-10-17 17:45:42,0,0.6,Low Signal
11425,11425,fantastic reliable app. Keeps everything organized.,fantastic reliable app keeps everything organized,5,2020-10-16 22:23:42,0,0.4,Efficiency
11426,11426,I've had this app for a few years now and I love it! I use it everyday and prefer it over anything I've used in the past.,ive app years love use everyday prefer anything ive used past,5,2020-10-16 19:49:21,0,0.0166666666666666,Monetization Sentiment
11427,11427,This is the best calendar I've found with emojis. It is very useful for my teaching schedule.,best calendar ive found emojis useful teaching schedule,5,2020-10-16 13:09:17,0,0.65,Efficiency
11428,11428,Excellent calendar. I have already suggested to developers to provide the calendar events MS Excel format also.,excellent calendar already suggested developers provide calendar events ms excel format also,5,2020-10-16 11:45:00,0,1.0,Monetization Sentiment
11429,11429,"Great app, and was happy to support by purchasing premium. The way the tasks work are better than any other app I've seen",great app happy support purchasing premium way tasks work better app ive seen,5,2020-10-16 05:57:12,0,0.7000000000000001,Market Displacement
11430,11430,Very Good,good,5,2020-10-16 02:33:41,0,0.7,Low Signal
11431,11431,"Please add Tasker compatibility! Android 10 has crippled this app's effectiveness, and Tasker can solve this, plus add unlimited customization options. Pop-ups are a must have feature!",please add tasker compatibility android crippled apps effectiveness tasker solve plus add unlimited customization options popups must feature,5,2020-10-15 15:26:22,0,0.0,Monetization Sentiment
11432,11432,"Have been using this for years. Wipes the floor with the standard Google Calendar app in terms of usability and functionality, but also syncs perfectly with my Google Calendar. It has by far the best and most customisable widget of any calendar app I tried, which was what drew me to it in the first place",using years wipes floor standard google calendar app terms usability functionality also syncs perfectly google calendar far best customisable widget calendar app tried drew first place,5,2020-10-15 15:09:33,1,0.47,Retention Drivers
11433,11433,The best I ever used!,best ever used,5,2020-10-15 12:10:31,0,1.0,Low Signal
11434,11434,"Well...till now, I've used it for a quite a while, experimented, played with features, and have found it very functional, intuitive and quite simple to master, as you go. It has allowed me to integrate two different calendars and scheduler, to a point I can see separately each, two, or all three, at the same time. Very convenient. As I've learned, with a touch I can see either of my two calendars, both at the same times. I can isolate my 'to dos', I can Isolate to see just holidays! Or see all!",welltill ive used quite experimented played features found functional intuitive quite simple master go allowed integrate two different calendars scheduler point see separately two three time convenient ive learned touch see either two calendars times isolate dos isolate see holidays see,5,2020-10-15 09:16:19,0,0.0,Monetization Sentiment
11435,11435,Have been using this app for 2 years. Very reliable and is as feature rich as you need it to be. Highly recommended for someone who lives and dies by a schedule.,using app years reliable feature rich need highly recommended someone lives dies schedule,5,2020-10-15 02:03:49,0,0.2675,Retention Drivers
11436,11436,Lots of great info in one spot!,lots great info one spot,5,2020-10-14 23:34:26,0,0.8,Low Signal
11437,11437,Still the best! I've tested many calendars and this one has the best layout I've seen.,still best ive tested many calendars one best layout ive seen,5,2020-10-14 21:32:54,0,0.8333333333333334,Low Signal
11438,11438,"Excellent Calendar, I use it everyday. I used to use the free version which works fine, but after realizing how much I depend on this app for everything, I bought the full version. Full version has many nice options. Overall really usefull calendar, can invite others to events, has tasks, birthdays, many colours and icons to choose from for my fellow organizer geeks. A+",excellent calendar use everyday used use free version works fine realizing much depend app everything bought full version full version many nice options overall really usefull calendar invite others events tasks birthdays many colours icons choose fellow organizer geeks,5,2020-10-14 21:10:07,11,0.3597222222222223,Market Displacement
11439,11439,Best calendar app!,best calendar app,5,2020-10-14 18:45:01,0,1.0,Low Signal
11440,11440,Great! Get it!,great get,5,2020-10-14 18:44:59,0,0.8,Low Signal
11441,11441,Exceptional. Flawless. Absolutely has to be the best calendar out there. Have been using and enjoying for 7 years or so. Buy the Pro version. You will love it.,exceptional flawless absolutely best calendar using enjoying years buy pro version love,5,2020-10-14 16:34:49,1,0.7333333333333333,Monetization Sentiment
11442,11442,Using it everyday obviously !!! Super stable.,using everyday obviously super stable,5,2020-10-14 14:49:44,0,0.0666666666666666,Retention Drivers
11443,11443,My best calendar app. It has everything I need. The only missing thing is the split view (month and events/tasks list).,best calendar app everything need missing thing split view month eventstasks list,5,2020-10-14 02:24:14,0,0.4,Monetization Sentiment
11444,11444,"I like it. I can use it for all my accounts that manage calendars, and also filter them very easily. If I didn't know it, i would like someone recommended it to me ^_^",like use accounts manage calendars also filter easily didnt know would like someone recommended,5,2020-10-13 21:17:37,0,0.4333333333333333,Efficiency
11445,11445,"Awesome app. Fullfil all of the requirements. Some small features if added 1) make overdue task have separate color in widget to differentiate from today task. 2) there should be an option to make task from subtask only, no need to have father task",awesome app fullfil requirements small features added make overdue task separate color widget differentiate today task option make task subtask need father task,5,2020-10-13 18:09:18,0,0.375,Retention Drivers
11446,11446,The best calendar. Period.,best calendar period,5,2020-10-13 16:00:09,0,1.0,Low Signal
11447,11447,"10/2020 still using both phone and pc versions. Syncs enough to be useful, but still a bit buggy. Problem is that there isn't anything better that I can find. Still does the job. Old review: Like that it syncs with pc calendar. Like the color and holiday/birthday options. Don't like that birthdays don't sync from phone to pc. Had problems with syncing at all until unchecked calendar on pc version.",still using phone pc versions syncs enough useful still bit buggy problem isnt anything better find still job old review like syncs pc calendar like color holidaybirthday options dont like birthdays dont sync phone pc problems syncing unchecked calendar pc version,5,2020-10-13 03:37:17,0,0.225,Monetization Sentiment
11448,11448,Best calendar app.,best calendar app,5,2020-10-13 00:29:16,0,1.0,Low Signal
11449,11449,I've been using this calendar app for years. Haven't found any other user interface that comes close.,ive using calendar app years havent found user interface comes close,5,2020-10-12 23:47:43,0,0.0,Retention Drivers
11450,11450,I have used the app for many years and I really like it I tried a few other app but I always came back to business calendar great app Bc I just do,used app many years really like tried app always came back business calendar great app bc,5,2020-10-12 20:54:03,0,0.375,Retention Drivers
11451,11451,Great calendar,great calendar,5,2020-10-12 19:49:19,0,0.8,Low Signal
11452,11452,Great app! Have been using it for a few years now with no major issues except that sometimes it misses some appointments when syncing external calendars from Google. Anyway to fix it? Thanks!,great app using years major issues except sometimes misses appointments syncing external calendars google anyway fix thanks,5,2020-10-12 14:51:27,0,0.265625,Retention Drivers
11453,11453,I have been using this app for years. They have personalized tech support. Very responsive. It works with all of my Google calendars from multiple accounts and lets me see everything at once. It creates templates so I don't have to work so hard to reenter information. Love this app.,using app years personalized tech support responsive works google calendars multiple accounts lets see everything creates templates dont work hard reenter information love app,5,2020-10-12 12:54:54,0,0.0694444444444444,Retention Drivers
11454,11454,Happy user of many years. I use it to keep my day on track.,happy user many years use keep day track,5,2020-10-12 10:21:08,0,0.65,Retention Drivers
11455,11455,"SYNC ISSUES??? Here's how to fix it on Samsung Galaxy products (Tablets, phones,etc). You will need both Google calendar app and Samsung Calendar. Check both of these to make sure they are syncing. Google calendar and Samsung calendar will over ride Business calendar. But it appears data is taken from Samsung calendar for BC2 pro. And Samsung calendar takes data from Google calendar.. so make sure all are synced...lol. Ya its a lot of work - sometimes they are functioning fine. But this will help you if they don't cooperate. Don't be upset with the developers of BC2 Pro. .They don't have a say in the matter as these big companies have big ego's and BC2 Pro can't do much about it....EXCEPT THIS - BC2 PRO - IF YOU ARE READING THIS - Please create your own calendar system to sync accross platforms. so we don't have to rely on google calendar and samsung! Lets just stay within the BC2 platform. I will happily ditch google calendar forever if you make this happen. You guys rock! Cheers.",sync issues heres fix samsung galaxy products tablets phonesetc need google calendar app samsung calendar check make sure syncing google calendar samsung calendar ride business calendar appears data taken samsung calendar bc pro samsung calendar takes data google calendar make sure syncedlol ya lot work sometimes functioning fine help dont cooperate dont upset developers bc pro dont say matter big companies big egos bc pro cant much itexcept bc pro reading please create calendar system sync accross platforms dont rely google calendar samsung lets stay within bc platform happily ditch google calendar forever make happen guys rock cheers,5,2020-10-12 07:06:21,0,0.3452380952380953,Monetization Sentiment
11456,11456,Great app. The widget keeps me in check with all appointments,great app widget keeps check appointments,5,2020-10-12 06:07:03,0,0.8,Low Signal
11457,11457,Great app! This is the only app I use or need.,great app app use need,5,2020-10-12 05:52:59,0,0.8,Low Signal
11458,11458,Simply the Best 😜,simply best,5,2020-10-11 21:13:59,0,1.0,Low Signal
11459,11459,does precisely what it is supposed to do,precisely supposed,5,2020-10-11 17:17:30,0,0.4,Noise
11460,11460,Never had a single issue or complaint. Does what it says on the tin.,never single issue complaint says tin,5,2020-10-11 13:15:37,0,-0.1321428571428571,Noise
11461,11461,Very handy,handy,5,2020-10-11 12:13:06,0,0.6,Noise
11462,11462,Used this for 5 years. I love it.,used years love,5,2020-10-11 07:31:27,0,0.5,Retention Drivers
11463,11463,"I wish this app had an option to move the line dividing each day above the date, (below the last event listed) not below the date.... it can be confusing to determine if the line is separating the event(s) for the specific date or for a date in the future.",wish app option move line dividing day date last event listed date confusing determine line separating events specific date date future,5,2020-10-11 06:11:37,0,-0.075,Retention Drivers
11464,11464,"Even with adds, great, dependable, east to use calendar.",even adds great dependable east use calendar,5,2020-10-10 15:51:44,0,0.8,Feature Requests & Friction
11465,11465,I would be lost without it.,would lost without,5,2020-10-10 08:45:26,0,0.0,Feature Requests & Friction
11466,11466,"Great app. The free version offers all the features I need and more, integration with google calendars is seemless and I rarely have issues with the app. I'm not a fan of the new ad format, but I admit it was short sighted of me to initially give a 3 star rating because of that. I am changing it now to 5 stars, because this is still by far the best calendar app I've used!",great app free version offers features need integration google calendars seemless rarely issues app im fan new ad format admit short sighted initially give star rating changing stars still far best calendar app ive used,5,2020-10-10 00:59:27,29,0.3151515151515152,Monetization Sentiment
11467,11467,This app is wonderful and an integral part of my phone and my day.,app wonderful integral part phone day,5,2020-10-09 14:46:48,0,1.0,Retention Drivers
11468,11468,"Excellent calendar translation with good, functional widgets, recommended.",excellent calendar translation good functional widgets recommended,5,2020-10-09 10:23:16,0,0.85,Efficiency
11469,11469,"Love this calendar. Ease of use to add, move and delete appointments, different colours, linking accounts. Love it so much that after a year I moved to the paid version. I would love to see fun backgrounds though. Cheers!",love calendar ease use add move delete appointments different colours linking accounts love much year moved paid version would love see fun backgrounds though cheers,5,2020-10-09 09:29:30,0,0.3333333333333333,Monetization Sentiment
11470,11470,Been using for several years. Great app.,using several years great app,5,2020-10-09 07:15:58,0,0.4,Retention Drivers
11471,11471,Guys.. the sync with google keeps failing recently... What's wrong?,guys sync google keeps failing recently whats wrong,5,2020-10-09 00:04:34,0,-0.25,Noise
11472,11472,Easy and clear,easy clear,5,2020-10-08 21:28:33,0,0.2666666666666666,Efficiency
11473,11473,Update on 2016 review - BC still works best. Have Pro version - well worth it. Love the week view which allows you to see EVERYTHING - a must for my appointment driven life. Other calendar apps tried didn't do the week as cleanly or at all. Happy user!,update review bc still works best pro version well worth love week view allows see everything must appointment driven life calendar apps tried didnt week cleanly happy user,5,2020-10-08 18:24:35,0,0.65,Monetization Sentiment
11474,11474,This app is the one that is completely necessary to keep things in order!,app one completely necessary keep things order,5,2020-10-08 17:12:23,0,0.0,Noise
11475,11475,"Best calendar app for android, agenda widget is simply must have!",best calendar app android agenda widget simply must,5,2020-10-08 14:13:33,0,0.5,Monetization Sentiment
11476,11476,"Tried various calendars, needed one with Google task support. This was the only one I found that did this reliably. Easy to use.",tried various calendars needed one google task support one found reliably easy use,5,2020-10-08 12:42:14,0,0.2166666666666666,Service Value & Trust
11477,11477,I was looking for a calendar app to use with my new Pixel 4a and now I have found it. Two thumbs up!,looking calendar app use new pixel found two thumbs,5,2020-10-07 21:58:23,0,0.1363636363636363,Monetization Sentiment
11478,11478,The best calendar app!,best calendar app,5,2020-10-07 17:57:53,0,1.0,Low Signal
11479,11479,Perfect and support replies quick,perfect support replies quick,5,2020-10-07 17:40:16,0,0.6666666666666666,Service Value & Trust
11480,11480,Great App,great app,5,2020-10-07 16:22:24,0,0.8,Low Signal
11481,11481,"The widgets have made it so much easier for me to stay organized, and I appreciate the level of customization as well. Very useful and one of the best calendar apps I've used.",widgets made much easier stay organized appreciate level customization well useful one best calendar apps ive used,5,2020-10-06 22:48:08,0,0.5,Efficiency
11482,11482,Great,great,5,2020-10-06 17:25:21,0,0.8,Low Signal
11483,11483,"Definitely worth the money. Easy to use, intuitive, multifunctional and surprisingly versatile.",definitely worth money easy use intuitive multifunctional surprisingly versatile,5,2020-10-06 14:49:30,0,0.4777777777777778,Efficiency
11484,11484,Great,great,5,2020-10-06 05:07:55,0,0.8,Low Signal
11485,11485,Terrific!,terrific,5,2020-10-06 04:58:50,0,0.0,Noise
11486,11486,I'm one of those people who needs as many settings as you can possibly squeeze in one app. And I'm happy. Thank you so much,im one people needs many settings possibly squeeze one app im happy thank much,5,2020-10-06 04:31:11,0,0.375,Noise
11487,11487,I used to miss appointments with the phone app. Even though I am still adjusting to 3G business calendar I am satisfied with it. It will continue to get better for me. Thanks,used miss appointments phone app even though still adjusting g business calendar satisfied continue get better thanks,5,2020-10-06 02:25:54,0,0.3999999999999999,Efficiency
11488,11488,Love it,love,5,2020-10-06 00:52:09,0,0.5,Low Signal
11489,11489,"Great app ! So great it is actually the first one (and only one so far) I bought ! I love the clear, thoroughly customizable interface and the widget on Android is super practical. I have 1 small complain though: when I set new events, they often tend to start at XX:05, rarely on the exact time (xx:00), any fix ?",great app great actually first one one far bought love clear thoroughly customizable interface widget android super practical small complain though set new events often tend start xx rarely exact time xx fix,5,2020-10-06 00:25:32,3,0.301969696969697,Monetization Sentiment
11490,11490,5-star product undoubtedly and unconditionally! One of the finest apps of the store IMO,star product undoubtedly unconditionally one finest apps store imo,5,2020-10-05 22:19:01,0,0.0,Monetization Sentiment
11491,11491,Top product. Using it for years now. So customisable. Love it.,top product using years customisable love,5,2020-10-05 20:12:26,0,0.5,Monetization Sentiment
11492,11492,"Very flexible, does what is supposed to.",flexible supposed,5,2020-10-05 08:24:22,0,0.0,Noise
11493,11493,"I have tried every calendar app and this one is by far my favorite. I recommend it to all of my friends. Easy to use, I love the template feature, that I can have many different calendars and favorite calendars, and that it syncs Google calendar.",tried every calendar app one far favorite recommend friends easy use love template feature many different calendars favorite calendars syncs google calendar,5,2020-10-05 06:59:59,0,0.3619047619047619,Feature Requests & Friction
11494,11494,"Good, what else I can say Спасибо Gracias 2020/10/5/0528",good else say gracias,5,2020-10-05 03:58:58,0,0.7,Low Signal
11495,11495,"I'm so impressed I had to write this! I have never used such a comprehensive calendar in my life (and I'm old) I never write reviews as I really feel its a waste of time. Well this time I am willing to waste my time, to say this is a simply amazing app and I have ran businesses for 25 years and have come across a lot of software. Thanks guys! P.S. buying the pro when I get home today, Not because I need it but I do think I owe it to you! Thanks Keith.",im impressed write never used comprehensive calendar life im old never write reviews really feel waste time well time willing waste time say simply amazing app ran businesses years come across lot software thanks guys ps buying pro get home today need think owe thanks keith,5,2020-10-04 11:16:53,0,0.2388888888888889,Monetization Sentiment
11496,11496,Excellent,excellent,5,2020-10-04 08:00:04,0,1.0,Low Signal
11497,11497,I really like the task lists function. It helps me organize the tasks for my work and personal projects separately so it only gets as cluttered as I want it to look at one time lol,really like task lists function helps organize tasks work personal projects separately gets cluttered want look one time lol,5,2020-10-04 07:06:50,0,0.3333333333333333,Monetization Sentiment
11498,11498,Awesome,awesome,5,2020-10-04 05:17:28,0,1.0,Low Signal
11499,11499,My chaotic life revolves around my schedule. This app is perfect for organizing the choas,chaotic life revolves around schedule app perfect organizing choas,5,2020-10-04 05:06:16,0,1.0,Efficiency
11500,11500,Great job!!!,great job,5,2020-10-04 01:57:21,0,0.8,Low Signal
11501,11501,Beautiful! Best ever calendar app which satisfy my needs. Even free version is great,beautiful best ever calendar app satisfy needs even free version great,5,2020-10-03 21:30:27,0,0.7625,Monetization Sentiment
11502,11502,Excellent calendar five stars,excellent calendar five stars,5,2020-10-03 17:45:17,0,1.0,Low Signal
11503,11503,Still is the best calendar! I have been using this for at least 8 years now. It is the best calendar apps bar none. What more can I say?!,still best calendar using least years best calendar apps bar none say,5,2020-10-03 06:43:21,11,0.5666666666666667,Retention Drivers
11504,11504,"Its a calendar and it works, really I'm not too picky. Except for camera gear, good quality lenses will make or break you. Never use the plastic kit lenses for professional purposes. Lighting is also a major factor in images",calendar works really im picky except camera gear good quality lenses make break never use plastic kit lenses professional purposes lighting also major factor images,5,2020-10-03 00:26:07,0,0.265625,Monetization Sentiment
11505,11505,Very useful app,useful app,5,2020-10-02 17:21:44,0,0.3,Efficiency
11506,11506,Superb calander app I have found so far,superb calander app found far,5,2020-10-02 07:02:23,0,0.55,Noise
11507,11507,Adding A PICTURE 😁👍😁 to an event is worth a 1000 words. BC2 can do it,adding picture event worth words bc,5,2020-10-01 22:05:47,0,0.3,Feature Requests & Friction
11508,11508,Excellent . Thank you ...Well dedicated work,excellent thank well dedicated work,5,2020-10-01 12:07:33,0,1.0,User Archetypes & Workflows
11509,11509,Excellent clean calendar app.,excellent clean calendar app,5,2020-10-01 11:05:56,0,0.6833333333333333,Product Usability & Aesthetics
11510,11510,I've been using this app for 4 years now. It's the best but the interface is a bit tired. I'd like to see more gesture support like the Samsung or Google Calendar but it's still the best!,ive using app years best interface bit tired id like see gesture support like samsung google calendar still best,5,2020-10-01 08:46:53,1,0.5333333333333333,Retention Drivers
11511,11511,Te amo don't re ftyxx up they were C f de Leon if,te amo dont ftyxx c f de leon,5,2020-10-01 06:11:59,0,0.0,Noise
11512,11512,Fantastic calendar. So much better than the Samsung calendar that came with my Note 10+.,fantastic calendar much better samsung calendar came note,5,2020-09-30 18:43:02,0,0.45,Market Displacement
11513,11513,This app has absolutely increased my productivity. I use it everyday.,app absolutely increased productivity use everyday,5,2020-09-30 14:10:07,0,0.0,Monetization Sentiment
11514,11514,After 7 years of using Business Calendar it no longer allows me to insert new events. Is there a problem? Please advise.,years using business calendar longer allows insert new events problem please advise,5,2020-09-30 03:11:17,0,0.1363636363636363,Monetization Sentiment
11515,11515,"Me like. But one thing I don't like is if you schedule something over a couple of days. If you block out 8 hours in a day, the entire day looks occupied. But if you block out several days, it's just a little sliver along the top of the day entry. That makes no sense to me, I want the entire day to look blocked out.",like one thing dont like schedule something couple days block hours day entire day looks occupied block several days little sliver along top day entry makes sense want entire day look blocked,5,2020-09-29 22:28:22,0,0.0625,Retention Drivers
11516,11516,Great app for organizing schedual,great app organizing schedual,5,2020-09-29 17:09:58,0,0.8,Low Signal
11517,11517,Very good,good,5,2020-09-29 14:50:01,0,0.7,Low Signal
11518,11518,"Love this app, easy to use, integrates seamlessly",love app easy use integrates seamlessly,5,2020-09-29 14:11:56,0,0.3444444444444445,Product Usability & Aesthetics
11519,11519,Does everything I need to do with a calendar.,everything need calendar,5,2020-09-28 23:08:34,0,0.0,Noise
11520,11520,Very good all around.,good around,5,2020-09-28 15:21:42,0,0.7,Low Signal
11521,11521,"A very user-friendly calender app, has the right features, would recommend it to others!",userfriendly calender app right features would recommend others,5,2020-09-28 07:27:40,0,0.2857142857142857,Market Displacement
11522,11522,"I don't care for the calendar app since Google Calendar is superior, however I use this app for the widget, which can be customized to be simplistic.",dont care calendar app since google calendar superior however use app widget customized simplistic,5,2020-09-28 06:25:06,0,0.0999999999999999,Monetization Sentiment
11523,11523,Been using it for years for my CalDav calendar on OwnCloud. Works great.,using years caldav calendar owncloud works great,5,2020-09-28 04:55:06,0,0.8,Retention Drivers
11524,11524,"Negative: increase of ad's, everywhere!! Good: This calender allowed me to organize my day in a clutter-free manner. I was specifically looking for 1 feature: I needed to be able to categorize or tag each event and then be able to toggle them on and off as needed. So, I can turn off all birthdays or repeating events or work items or whatever, OR only see that item. This app allows you to categorize each event as needed. It's a bit tedious to update all of your events but later it's simple.",negative increase ads everywhere good calender allowed organize day clutterfree manner specifically looking feature needed able categorize tag event able toggle needed turn birthdays repeating events work items whatever see item app allows categorize event needed bit tedious update events later simple,5,2020-09-27 23:38:59,0,0.1285714285714285,Monetization Sentiment
11525,11525,"Use this app every day , have no had any problems",use app every day problems,5,2020-09-27 22:14:44,0,0.0,Monetization Sentiment
11526,11526,"Very helpful app , now i can manage all of my day tasks from my mobile . It help you to remember all of your tasks . Thanks for this app . I tried to go premium , but some error appears on the screen , please help me to go premium .",helpful app manage day tasks mobile help remember tasks thanks app tried go premium error appears screen please help go premium,5,2020-09-27 21:48:01,0,0.2,Monetization Sentiment
11527,11527,"It is profound, very flexible & easy to use dependable app. Yet still needs improvement particularly calenders should be more flexible and user friendly!",profound flexible easy use dependable app yet still needs improvement particularly calenders flexible user friendly,5,2020-09-27 17:23:45,0,0.2645833333333333,Monetization Sentiment
11528,11528,Great tool to stay organized,great tool stay organized,5,2020-09-27 12:52:49,0,0.8,Efficiency
11529,11529,Updating my review to 5 star since I was able to get back my Pro access.,updating review star since able get back pro access,5,2020-09-27 11:59:28,0,0.25,Monetization Sentiment
11530,11530,Love this app. Keeps all my appointments straight. Couldn't function without it.,love app keeps appointments straight couldnt function without,5,2020-09-27 05:49:52,0,0.35,Efficiency
11531,11531,Solid calendar alternative and better with Play Pass.,solid calendar alternative better play pass,5,2020-09-27 02:09:20,0,0.25,Efficiency
11532,11532,Perfect for my daily routine!,perfect daily routine,5,2020-09-26 20:21:16,0,0.5,Retention Drivers
11533,11533,Easily the best and most customizable app of its kind. Pro version well worth the money. Highly recommend.,easily best customizable app kind pro version well worth money highly recommend,5,2020-09-26 19:53:38,0,0.515,Monetization Sentiment
11534,11534,The best calendar and task app ever! I used it for many years now. It has a lot of features and customizations and it is still easy and intuitive to use! They keep adding new features and improvements all the time!,best calendar task app ever used many years lot features customizations still easy intuitive use keep adding new features improvements time,5,2020-09-26 10:04:36,0,0.5174242424242425,Monetization Sentiment
11535,11535,Great app,great app,5,2020-09-26 01:38:16,0,0.8,Low Signal
11536,11536,Good,good,5,2020-09-25 20:00:03,0,0.7,Low Signal
11537,11537,"I bought the pro version years ago now. Have consistently used it across various Galaxy S series devices. If ppl having issues u need to dwnld Google calendar, set calendars & accts etc through it, sync then set calendars in settings & sync BC2. Turn off google cal notifications so u don't get 2 & allow bckgrnd/don't optimize in BC2. These are all android 9+ OS if you use any battery saving setting on your device. Really, this is the most stable & consistent app ever. Backup settings to Drive.",bought pro version years ago consistently used across various galaxy series devices ppl issues u need dwnld google calendar set calendars accts etc sync set calendars settings sync bc turn google cal notifications u dont get allow bckgrnddont optimize bc android os use battery saving setting device really stable consistent app ever backup settings drive,5,2020-09-25 19:23:59,14,0.175,Monetization Sentiment
11538,11538,Great app,great app,5,2020-09-25 18:10:43,0,0.8,Low Signal
11539,11539,"I love this calendar. It is so easy to see different categories/types of appointments, very useful.",love calendar easy see different categoriestypes appointments useful,5,2020-09-25 13:49:57,0,0.3083333333333333,Monetization Sentiment
11540,11540,"UPDATE: 5* still. Note20 Ultra. UPDATE: 5* again. Note8 now. Long time user here, on Galaxy Note4 now. Love the new design, but hate that I cannot fully trust it anymore, especially with templates (which used to be a big plus for v1.0). Specifically, on several occasions (and more than 1 template, it's not a settings fault) it will assign a random date to the event - for once, but not always, it seemed to be the date when the template was created?! Will update/upgrade stars when this is fixed.",update still note ultra update note long time user galaxy note love new design hate cannot fully trust anymore especially templates used big plus v specifically several occasions template settings fault assign random date event always seemed date template created updateupgrade stars fixed,5,2020-09-25 12:54:04,1,-0.0681818181818181,Monetization Sentiment
11541,11541,I love this application so much. I can organize so much easier without having to pay. I love it.,love application much organize much easier without pay love,5,2020-09-25 07:34:58,0,0.35,Monetization Sentiment
11542,11542,Great accurate day date,great accurate day date,5,2020-09-25 07:10:52,0,0.6000000000000001,Retention Drivers
11543,11543,"Great Calendar. Use this for work and personal business. Had everything I need and more. I use my calendar a TON for work, and this app makes planning easier for me.",great calendar use work personal business everything need use calendar ton work app makes planning easier,5,2020-09-24 22:01:36,0,0.4,User Archetypes & Workflows
11544,11544,The best,best,5,2020-09-24 19:05:45,0,1.0,Low Signal
12295,12295,Great 👍 app!,great app,5,2020-10-26 01:51:12,0,0.8,Low Signal
12296,12296,"I like using it, my way of keeping track of different things.",like using way keeping track different things,5,2020-10-24 08:05:56,0,0.0,Efficiency
12297,12297,Very easy and quick to use. No clicking thru a dozen screens to get what I need.,easy quick use clicking thru dozen screens get need,5,2020-10-23 17:45:01,3,0.3833333333333333,Product Usability & Aesthetics
12298,12298,I love it,love,5,2020-10-12 06:13:57,0,0.5,Low Signal
12299,12299,Terbaik,terbaik,5,2020-10-08 05:15:39,0,0.0,Noise
12300,12300,Helps me to stay organized during nursing school better than anything else I have tried.,helps stay organized nursing school better anything else tried,5,2020-10-06 13:02:49,0,0.5,Market Displacement
12301,12301,It's simple with a clean interface. Does the job.,simple clean interface job,5,2020-10-06 00:09:13,0,0.1833333333333333,Product Usability & Aesthetics
12302,12302,This Planner Pro is exactly what's needed to keep me on track of my daily activities. Easy to use. Reminds me of each upcoming event. No longer rely on paper generated planners. Highly recommend.,planner pro exactly whats needed keep track daily activities easy use reminds upcoming event longer rely paper generated planners highly recommend,5,2020-10-05 06:58:02,1,0.2108333333333333,Monetization Sentiment
12303,12303,"Nice App, I am loving it",nice app loving,5,2020-10-04 14:52:03,0,0.6,Low Signal
12304,12304,Looking forward to learning what this app can do.,looking forward learning app,5,2020-10-03 12:04:30,0,0.0,Noise
12305,12305,Must hai must Review padhne me time waste na kare Phata phat download kare or use kare,must hai must review padhne time waste na kare phata phat download kare use kare,5,2020-10-02 22:05:50,0,-0.2,Noise
12306,12306,Nice and useful,nice useful,5,2020-10-01 06:51:07,0,0.4499999999999999,Efficiency
12307,12307,"Very intuitive, smooth, beneficial, efficient, and hassle free.",intuitive smooth beneficial efficient hassle free,5,2020-09-29 10:00:59,1,0.4,Product Usability & Aesthetics
12308,12308,Best planner I've ever used for organizing tasks and events. Many thanks,best planner ive ever used organizing tasks events many thanks,5,2020-09-28 19:52:08,0,0.5666666666666667,Monetization Sentiment
12309,12309,I love this App,love app,5,2020-09-28 07:10:56,0,0.5,Low Signal
12310,12310,Works very well with my tablet . makes keeping up with my job and family life very easy,works well tablet makes keeping job family life easy,5,2020-09-28 06:32:53,0,0.4333333333333333,Efficiency
12311,12311,Mto bom e prático,mto bom e prtico,5,2020-09-28 05:11:32,0,0.0,Noise
12312,12312,Excellent,excellent,5,2020-09-25 17:56:05,0,1.0,Low Signal
12313,12313,Helpfull application,helpfull application,5,2020-09-23 19:19:00,0,0.0,Efficiency
12314,12314,It's helpful to plan your schedule out in this planner app. I think it will be a life saver one day.,helpful plan schedule planner app think life saver one day,5,2020-09-23 08:09:56,0,0.0,Retention Drivers
12315,12315,Can tailor it to my needs and use it as much as I want or not. Plan it and forget it,tailor needs use much want plan forget,5,2020-09-21 15:04:47,0,0.2,Noise
12316,12316,Cross enters info amomgst calendars its a very good apl,cross enters info amomgst calendars good apl,5,2020-09-21 02:54:26,0,0.35,Low Signal
12317,12317,Just what I was looking for in a planner. Love it.,looking planner love,5,2020-09-15 08:31:40,0,0.5,Low Signal
12318,12318,"I love how you can do tasks, lists & appt planing all in one!",love tasks lists appt planing one,5,2020-09-14 20:29:16,0,0.5,Monetization Sentiment
12319,12319,Love this planner pro. It reminds you if you put hrs or mins before appointment. Great app,love planner pro reminds put hrs mins appointment great app,5,2020-09-12 01:28:58,1,0.65,Monetization Sentiment
12320,12320,Simple to enter and monitor appointments,simple enter monitor appointments,5,2020-09-12 01:27:59,0,0.0,Product Usability & Aesthetics
12321,12321,Nice has every section you need and a full size calendar.,nice every section need full size calendar,5,2020-09-11 05:27:37,0,0.475,Low Signal
12322,12322,Super,super,5,2020-09-11 03:25:13,0,0.3333333333333333,Noise
12323,12323,Very handy app. Syncs well. Go big and subscribe!,handy app syncs well go big subscribe,5,2020-09-11 00:41:34,0,0.3,Monetization Sentiment
12324,12324,"This app really helps me stay organized and keep track of what I have to do for school, because I am taking all AP classes, and have ADHD",app really helps stay organized keep track school taking ap classes adhd,5,2020-09-10 05:06:34,0,0.2,Retention Drivers
12325,12325,"I have been using Planner Pro for several years. I like this organizer much better than others I've tried. I don't like the ones that come with the phones. Planner Pro works better, for me, with my Samsung Notes than with my LG's. The calendar is clean and well organized. I can have several different calendars all working together or separately, ie work, family, personal, groups, and volunteer. I definitely recommend the Planner Pro. Plus it works well with my Gmail calendar.",using planner pro several years like organizer much better others ive tried dont like ones come phones planner pro works better samsung notes lgs calendar clean well organized several different calendars working together separately ie work family personal groups volunteer definitely recommend planner pro plus works well gmail calendar,5,2020-09-09 21:31:12,26,0.1708333333333333,Market Displacement
12326,12326,Works for me,works,5,2020-09-08 21:21:18,0,0.0,User Archetypes & Workflows
12327,12327,تطبيق ممتاز واكثر من رائع,,5,2020-09-07 17:28:15,0,0.0,Noise
12328,12328,Great app. Simple to use.,great app simple use,5,2020-09-03 22:19:34,0,0.4,Product Usability & Aesthetics
12329,12329,It works well for my needs,works well needs,5,2020-09-03 02:55:21,0,0.0,User Archetypes & Workflows
12330,12330,"Awesome, fantastic app👍✌️",awesome fantastic app,5,2020-09-02 13:14:20,0,0.7,Low Signal
12331,12331,Very useful,useful,5,2020-09-02 12:26:47,0,0.3,Efficiency
12332,12332,can able to di effective planning,able di effective planning,5,2020-08-29 09:57:03,0,0.55,Noise
12333,12333,Great app and great tech support too.,great app great tech support,5,2020-08-28 20:47:11,0,0.8,Service Value & Trust
12334,12334,Love this application works better than the calender app that came with my phone!!!,love application works better calender app came phone,5,2020-08-27 04:18:42,0,0.5,Market Displacement
12335,12335,"This has been my go-to planner for a few years. I use it for everything, and it has never failed me. I love that you can set multiple reminders with notifications or emails at particular timepoints before an event. You can add a location to each event or task, invite people to events, and set priorities for tasks. The app also has a ""notes"" feature...I can't say enough good things about this app. It keeps me put together. Thank you to the developers!!! 💯💯💯",goto planner years use everything never failed love set multiple reminders notifications emails particular timepoints event add location event task invite people events set priorities tasks app also notes featurei cant say enough good things app keeps put together thank developers,5,2020-08-25 11:54:31,30,0.2694444444444444,Monetization Sentiment
12336,12336,I haven't had a chance to use all the options available yet. So far I am satisfied with it.,havent chance use options available yet far satisfied,5,2020-08-24 05:22:52,1,0.3333333333333333,Efficiency
12337,12337,"Super useful tool that integrates with pre-existing calendar info you have. Allows you to coehesively plan your day to day tasks and worklife in the priority you determine. Notes, dates, appts., calendar, tasks, projects; this is really an all in one!!! After 2 days of use, I bought the lifetime one time purchase. Cheap, worth it!",super useful tool integrates preexisting calendar info allows coehesively plan day day tasks worklife priority determine notes dates appts calendar tasks projects really one days use bought lifetime one time purchase cheap worth,5,2020-08-20 05:57:49,15,0.3066666666666667,Monetization Sentiment
12338,12338,Great app. Helps me to keep my life organised. User-friendly.,great app helps keep life organised userfriendly,5,2020-08-19 17:05:30,0,0.8,Efficiency
12339,12339,Helps keep track of important things,helps keep track important things,5,2020-08-19 03:46:24,0,0.4,Retention Drivers
12340,12340,The best planner app I've used and I've tried out a lot.,best planner app ive used ive tried lot,5,2020-08-16 03:01:01,1,1.0,Low Signal
12341,12341,Excellent app highly recommend it.,excellent app highly recommend,5,2020-08-16 01:48:10,0,0.58,Feature Requests & Friction
12342,12342,excellenf,excellenf,5,2020-08-14 15:01:31,0,0.0,Noise
12343,12343,"It's good, recommended it",good recommended,5,2020-08-14 09:00:00,0,0.7,Feature Requests & Friction
12344,12344,"This is the best planner app I've come across so far.... Simple to use and I loved the fact that if i miss any of my task of the day and don't check it, it appears with the next day's tasks as overdue",best planner app ive come across far simple use loved fact miss task day dont check appears next days tasks overdue,5,2020-08-13 17:49:57,12,0.36,Monetization Sentiment
12345,12345,"This is a wonderful reminder, especially to the older generation.",wonderful reminder especially older generation,5,2020-08-13 04:10:32,0,0.6666666666666666,Efficiency
12346,12346,Useful and easy to use. :),useful easy use,5,2020-08-12 05:56:42,0,0.3666666666666667,Efficiency
12347,12347,"Works perfect for me in any device. I am using the app long time ago, is very easy and nice to have all organized.",works perfect device using app long time ago easy nice organized,5,2020-08-11 08:56:21,0,0.4958333333333333,Efficiency
12348,12348,Great app,great app,5,2020-08-10 19:17:02,0,0.8,Low Signal
12349,12349,I have used this several years as my primary calendar. Easy to use and see entries for each day,used several years primary calendar easy use see entries day,5,2020-08-10 04:23:22,0,0.2777777777777778,Retention Drivers
12350,12350,I have been using this app for years now. I like that it connects to all my other calendars (Gmail etc.) and that I can choose which calendars I want synced at any time. I highly recommend this app.,using app years like connects calendars gmail etc choose calendars want synced time highly recommend app,5,2020-08-09 21:03:51,0,0.16,Retention Drivers
12351,12351,Simple and easy to use Can be linked to all your other devices,simple easy use linked devices,5,2020-08-08 12:00:13,0,0.2166666666666666,Product Usability & Aesthetics
12352,12352,Love this app so organized,love app organized,5,2020-08-07 02:27:04,0,0.5,Efficiency
12353,12353,Great place to keep notes,great place keep notes,5,2020-08-06 20:46:52,0,0.8,Low Signal
12354,12354,"This app helps me compartmentalize my hectic life. Thank you for such a great app, its a life changer.",app helps compartmentalize hectic life thank great app life changer,5,2020-08-05 22:01:59,0,0.8,Efficiency
12355,12355,Love it!,love,5,2020-08-05 06:34:45,0,0.5,Low Signal
12356,12356,Works well and don't bother you,works well dont bother,5,2020-08-04 00:35:32,0,0.0,User Archetypes & Workflows
12357,12357,I am a list maker and I love that I can prioritize my tasks by importance.,list maker love prioritize tasks importance,5,2020-08-01 17:37:35,0,0.5,Monetization Sentiment
12358,12358,This is the best app I have seen in this whole universe it has all the features everyone should download this app 😗😗😗😗😙😙😙😙,best app seen whole universe features everyone download app,5,2020-08-01 09:31:18,0,0.6,Feature Requests & Friction
12359,12359,Very easy to navigate. I love it,easy navigate love,5,2020-08-01 08:32:37,1,0.4666666666666667,Product Usability & Aesthetics
12360,12360,Very good..,good,5,2020-07-29 16:09:00,0,0.7,Low Signal
12361,12361,Very useful,useful,5,2020-07-29 03:41:18,0,0.3,Efficiency
12362,12362,Great,great,5,2020-07-28 18:49:38,0,0.8,Low Signal
12363,12363,Uncompliziert und praktisch. Nur die Geburtstage werden immer auf 2 Tage verteilt 🤔,uncompliziert und praktisch nur die geburtstage werden immer auf tage verteilt,5,2020-07-27 13:22:09,0,0.0,Noise
12364,12364,Very helpful to remember repeating tasks,helpful remember repeating tasks,5,2020-07-26 23:35:18,0,0.0,Monetization Sentiment
12365,12365,Really keeps things organized!!,really keeps things organized,5,2020-07-26 11:32:51,0,0.2,Efficiency
12366,12366,So far liken it,far liken,5,2020-07-25 22:02:55,0,0.1,Noise
12367,12367,"help me to organize my schedule in one stop need (calendar, tast, notes, etc) thanks Planner Pro!",help organize schedule one stop need calendar tast notes etc thanks planner pro,5,2020-07-25 08:49:41,0,0.2,Monetization Sentiment
12368,12368,"So far, great.",far great,5,2020-07-24 01:32:14,0,0.45,Low Signal
12369,12369,Bug was fixed. This is for Samsung S10e and Note 10,bug fixed samsung se note,5,2020-07-23 02:23:47,7,0.1,Service Value & Trust
12370,12370,Very easy to use. I have not experienced any problems with this app.,easy use experienced problems app,5,2020-07-21 22:08:42,0,0.6166666666666667,Monetization Sentiment
12371,12371,I love this planner it keeps me on schedule and I can write in Notes to clock hour's,love planner keeps schedule write notes clock hours,5,2020-07-21 04:38:17,0,0.5,Low Signal
12372,12372,Great app!,great app,5,2020-07-20 05:49:26,0,0.8,Low Signal
12373,12373,I use this planner on a daily basis. It keeps me straight! Love it!!!,use planner daily basis keeps straight love,5,2020-07-18 23:08:27,0,0.2333333333333333,Retention Drivers
12374,12374,It keeps me accountable 😁,keeps accountable,5,2020-07-18 21:03:15,0,0.0,Efficiency
12375,12375,So good. I won't worry at all. And I can catch up at things without missing anything. I got my routine right either. And I cannot forget and miss things too often. Good. It's so good....,good wont worry catch things without missing anything got routine right either cannot forget miss things often good good,5,2020-07-17 15:22:22,0,0.4371428571428571,Feature Requests & Friction
12376,12376,Good,good,5,2020-07-16 20:57:17,0,0.7,Low Signal
12377,12377,This app has helped me to organize my daily task.,app helped organize daily task,5,2020-07-16 02:12:52,0,0.0,Retention Drivers
12378,12378,Excellent,excellent,5,2020-07-15 04:39:58,0,1.0,Low Signal
12379,12379,Its good App,good app,5,2020-07-14 01:45:29,0,0.7,Low Signal
12380,12380,"Love it. As a Franklin planner user since '84, this is the closest app that I have found to that format. Only wish I would have is for a windows version that I could use on my office desktop that would sync across to my android phone and tablet.",love franklin planner user since closest app found format wish would windows version could use office desktop would sync across android phone tablet,5,2020-07-12 08:58:03,1,0.5,Monetization Sentiment
12381,12381,Easy to use,easy use,5,2020-07-12 08:40:43,0,0.4333333333333333,Product Usability & Aesthetics
12382,12382,Very efficient,efficient,5,2020-07-10 20:12:37,0,0.0,Noise
12383,12383,Very useful app,useful app,5,2020-07-10 19:24:53,0,0.3,Efficiency
12384,12384,Using it for couple of year now excellent app great experience 👍,using couple year excellent app great experience,5,2020-07-10 10:17:51,0,0.9,Retention Drivers
12385,12385,Great app,great app,5,2020-07-08 04:29:37,0,0.8,Low Signal
12386,12386,"Simple and easy to use app to schedule daily, weekly, and monthly tasks.",simple easy use app schedule daily weekly monthly tasks,5,2020-07-07 22:53:21,0,0.1444444444444444,Monetization Sentiment
12387,12387,I've been using planner pro for at least 2 years. Has not disappointed!,ive using planner pro least years disappointed,5,2020-07-07 21:40:31,0,-0.525,Monetization Sentiment
12388,12388,Good one but you might get disturbed by frequent adds,good one might get disturbed frequent adds,5,2020-07-06 08:53:29,0,0.3999999999999999,Feature Requests & Friction
12389,12389,Great app. Love that it links to my Google calendar.,great app love links google calendar,5,2020-07-06 07:48:38,0,0.65,Low Signal
12390,12390,Enjoy to use photo on notes as reminder.,enjoy use photo notes reminder,5,2020-07-05 02:37:51,0,0.4,Efficiency
12391,12391,It's simply amazing,simply amazing,5,2020-07-05 02:31:48,0,0.6000000000000001,Low Signal
12392,12392,Love it keeps me organised,love keeps organised,5,2020-07-03 15:41:14,0,0.5,Low Signal
12393,12393,"I'd be lost without this app. Love it, keeps me organized",id lost without app love keeps organized,5,2020-07-03 01:37:05,0,0.5,Efficiency
12394,12394,Excellent app... Good job!,excellent app good job,5,2020-07-02 14:36:41,0,0.85,Low Signal
12395,12395,Excellent,excellent,5,2020-07-02 12:50:57,0,1.0,Low Signal
12396,12396,Great app,great app,5,2020-07-02 04:28:11,0,0.8,Low Signal
12397,12397,Very handy tool,handy tool,5,2020-07-01 22:29:39,0,0.6,Noise
12398,12398,Awesome app,awesome app,5,2020-07-01 19:24:30,0,1.0,Low Signal
12399,12399,I loved the franklin planners and this is as close as it comes so good job,loved franklin planners close comes good job,5,2020-07-01 18:58:15,0,0.7,Low Signal
12400,12400,Definitely the best planner as I have been a user for the past 3 yrs.,definitely best planner user past yrs,5,2020-07-01 07:46:32,0,0.375,Monetization Sentiment
12401,12401,For many years I used the franklin covey system and enjoyed it but I'm enjoying the planner pro giving me the same thing but at my fingertips and convenience to carry.,many years used franklin covey system enjoyed im enjoying planner pro giving thing fingertips convenience carry,5,2020-07-01 02:28:53,0,0.5,Monetization Sentiment
12402,12402,Organization at its finest,organization finest,5,2020-06-30 22:05:57,0,0.0,Noise
12403,12403,Always reliable when I needed it. Easy to use.,always reliable needed easy use,5,2020-06-30 15:48:26,0,0.4333333333333333,Retention Drivers
12404,12404,"Very helpful to keep tract activities daily, monthy and annualy.",helpful keep tract activities daily monthy annualy,5,2020-06-30 12:55:01,0,0.0,Retention Drivers
12405,12405,Nice app,nice app,5,2020-06-30 11:52:25,0,0.6,Low Signal
12406,12406,"I love this planner app because I can see all my events/appointments, tasks & notes at a glance. The best planner app I've found. Simple design....easy to use!",love planner app see eventsappointments tasks notes glance best planner app ive found simple designeasy use,5,2020-06-30 04:28:37,1,0.5,Monetization Sentiment
12407,12407,Great app,great app,5,2020-06-30 02:14:03,0,0.8,Low Signal
12408,12408,I've been using for 3-4 years....look at other things for a day or 2 and I always come back to this,ive using yearslook things day always come back,5,2020-06-30 01:04:42,0,0.0,Retention Drivers
12409,12409,I use this app daily! I love it! Great job wouldn't change anything,use app daily love great job wouldnt change anything,5,2020-06-29 21:52:48,0,0.4333333333333333,Retention Drivers
12410,12410,Love,love,5,2020-06-29 04:38:04,0,0.5,Low Signal
12411,12411,I love thiis app,love thiis app,5,2020-06-28 22:13:19,0,0.5,Low Signal
12412,12412,This is the best planner app I've used so far.,best planner app ive used far,5,2020-06-28 21:30:47,0,0.55,Low Signal
12413,12413,Love this app. Posts on my home screen ( with a widget) so I see my appointments at all times. Easy to use..,love app posts home screen widget see appointments times easy use,5,2020-06-27 20:56:59,0,0.4666666666666667,Product Usability & Aesthetics
12414,12414,"This is by far the best Day Planner App I have found, and I have tried most of them! Having your Tasks and Calendar all together in the one place really suits the way I like to work. It also means you are less likely to miss something because you didn't check you Task App or Calendar that day. Sure there are a couple if things I'd like to see added, but you can say that about almost any App!",far best day planner app found tried tasks calendar together one place really suits way like work also means less likely miss something didnt check task app calendar day sure couple things id like see added say almost app,5,2020-06-27 14:27:06,37,0.2722222222222222,Monetization Sentiment
12415,12415,"Senang kerja x payah bawak buku sana sini, resit/claim amik gambar terus xdela pudar atau hilang.. This apps is worth it to purchase..",senang kerja x payah bawak buku sana sini resitclaim amik gambar terus xdela pudar atau hilang apps worth purchase,5,2020-06-27 12:35:54,0,0.3,Monetization Sentiment
12416,12416,Great app,great app,5,2020-06-26 22:54:58,0,0.8,Low Signal
12417,12417,"I used a Franklin Planner, this is a great alternative to going the digital route. This is used daily for me in taking notes troughout the day and setting up tasks that need completed.",used franklin planner great alternative going digital route used daily taking notes troughout day setting tasks need completed,5,2020-06-26 20:25:08,0,0.2666666666666666,Monetization Sentiment
12418,12418,Excellent. Very helpful.,excellent helpful,5,2020-06-26 11:46:20,0,1.0,Efficiency
12419,12419,I love this app. It keeps me up to date,love app keeps date,5,2020-06-26 05:46:19,0,0.5,Low Signal
12420,12420,Professional,professional,5,2020-06-25 18:07:18,0,0.1,Monetization Sentiment
12421,12421,This app has really helped me keep my busy life together with task reminders on my phone and syncing with my google calendar.,app really helped keep busy life together task reminders phone syncing google calendar,5,2020-06-25 12:21:10,0,0.15,Efficiency
12422,12422,Great planner! Very easy to use. I have had no problems with this app.,great planner easy use problems app,5,2020-06-25 03:06:06,0,0.6166666666666667,Monetization Sentiment
12423,12423,Very dependable and easy to use. I have been using this app for a few years without glitches.,dependable easy use using app years without glitches,5,2020-06-25 01:11:48,0,0.4333333333333333,Retention Drivers
12424,12424,"Excellent app, clear, very professional, easy to use",excellent app clear professional easy use,5,2020-06-24 22:07:02,0,0.4083333333333334,Monetization Sentiment
12425,12425,Love Planner Pro to keep up with tasks and appointments. Optional alarms for meetings and events are very helpful to keep me on track.,love planner pro keep tasks appointments optional alarms meetings events helpful keep track,5,2020-06-24 20:45:17,0,0.5,Monetization Sentiment
12426,12426,helpfull and easy to doung my to do list everyday,helpfull easy doung list everyday,5,2020-06-24 20:19:01,0,0.1166666666666666,Retention Drivers
12427,12427,Useful to make qiuck notes about daily activities.,useful make qiuck notes daily activities,5,2020-06-24 06:15:39,0,0.15,Retention Drivers
12428,12428,Love this app. Very user friendly and easy to link schedule with other devices.,love app user friendly easy link schedule devices,5,2020-06-24 00:16:04,0,0.4361111111111111,Product Usability & Aesthetics
12429,12429,Awesome,awesome,5,2020-06-23 16:08:49,0,1.0,Low Signal
12430,12430,superb 👌 👌👌👌👌,superb,5,2020-06-23 12:59:18,0,1.0,Noise
12431,12431,Great app,great app,5,2020-06-23 08:57:09,0,0.8,Low Signal
12432,12432,An ace planner app,ace planner app,5,2020-06-23 06:41:07,0,0.0,Noise
12433,12433,"Great, robust & easy to use",great robust easy use,5,2020-06-23 03:06:52,0,0.6166666666666667,Product Usability & Aesthetics
12434,12434,Great planer,great planer,5,2020-06-22 23:08:32,0,0.8,Low Signal
12435,12435,5 stars,stars,5,2020-06-22 22:04:42,0,0.0,Noise
12436,12436,"I love being able to color code appointments and to list tasks separately. Reminder pop ups are wonderful, also.",love able color code appointments list tasks separately reminder pop ups wonderful also,5,2020-06-22 21:19:26,1,0.6666666666666666,Monetization Sentiment
12437,12437,Excellent app! I run my own business and this helps me keep all of my appointments and events organized so I don't forget anything.,excellent app run business helps keep appointments events organized dont forget anything,5,2020-06-22 19:34:39,0,1.0,Efficiency
12438,12438,Very helpful. I use it every day of my life,helpful use every day life,5,2020-06-22 17:52:26,0,0.0,Retention Drivers
12439,12439,Easy to work out the app,easy work app,5,2020-06-22 17:41:15,0,0.4333333333333333,User Archetypes & Workflows
12440,12440,Very helpful,helpful,5,2020-06-22 10:50:30,0,0.0,Efficiency
12441,12441,Been using this app for for years now and I really love it and help me organize stuff/schedules.,using app years really love help organize stuffschedules,5,2020-06-22 06:31:46,0,0.5,Retention Drivers
12442,12442,Really helpful and simple,really helpful simple,5,2020-06-21 17:21:57,0,0.1,Efficiency
12443,12443,Very useful in my day to day activity. Able to share different calander events with others and view theirs as well.,useful day day activity able share different calander events others view well,5,2020-06-20 23:42:26,0,0.2666666666666666,Market Displacement
12444,12444,I'm crazy about organizing and lists I absolutely love this app!,im crazy organizing lists absolutely love app,5,2020-06-20 01:08:19,0,-0.0499999999999999,User Archetypes & Workflows
12445,12445,Happy with this app. It keeps me organized.,happy app keeps organized,5,2020-06-19 22:36:42,0,0.8,Efficiency
12446,12446,"Love it, easy to use and great for reminders. Best part of it is that you can link it to your Google calendar.",love easy use great reminders best part link google calendar,5,2020-06-19 18:09:06,0,0.6833333333333333,Efficiency
12447,12447,Have used for several years. It's one of the best digital planners for fans of the Franklin Covey approach.,used several years one best digital planners fans franklin covey approach,5,2020-06-19 16:43:43,0,0.3333333333333333,Monetization Sentiment
12448,12448,Love it!! Love that it keeps what I did that day forever and crosses it out!! Just like on a piece of paper and you can have a note section!!!,love love keeps day forever crosses like piece paper note section,5,2020-06-19 15:44:19,1,0.5,Retention Drivers
12449,12449,Great App,great app,5,2020-06-19 03:04:38,0,0.8,Low Signal
12450,12450,Very helpful and users friendly app.,helpful users friendly app,5,2020-06-04 08:36:14,0,0.375,Efficiency
12451,12451,I have used this App for years now and really find it helpful. I like that it is synched to my email and also the fact that it is very easy to use. It also doesn't have any adds so there are no interruptions when in use.,used app years really find helpful like synched email also fact easy use also doesnt adds interruptions use,5,2020-06-03 00:31:58,19,0.3166666666666666,Retention Drivers
12452,12452,very useful. its where I note my accomplishments for the day as well as my planned tasks/events.. thanks to the developer of this app..,useful note accomplishments day well planned tasksevents thanks developer app,5,2020-05-27 15:23:44,0,0.25,Monetization Sentiment
12453,12453,love this,love,5,2020-05-17 18:40:44,0,0.5,Low Signal
12454,12454,"Super easy to use and it has been a life saver recently. I love the layouts. I wish there was a desktop version, too.",super easy use life saver recently love layouts wish desktop version,5,2020-05-11 21:01:25,11,0.4222222222222222,Monetization Sentiment
12455,12455,Amazing. Really organised with a bunch of great features!,amazing really organised bunch great features,5,2020-05-04 04:54:33,0,0.5333333333333333,Feature Requests & Friction
12456,12456,I love it :),love,5,2020-04-28 21:43:17,0,0.5,Low Signal
12457,12457,"Great , use it daily . Quick and easy when i'm in a hurry. Would be nice to have a vehicle checklists ...etc",great use daily quick easy im hurry would nice vehicle checklists etc,5,2020-04-05 13:18:36,18,0.4333333333333333,Retention Drivers
12458,12458,Love great date keeper,love great date keeper,5,2020-03-16 07:23:59,0,0.65,Low Signal
12459,12459,It was the best Just one thing is not good😑 That is not hard I need to reorder by finger rapid and soft Like wunderlist and others... (I don't wanna to go in task and change priority 🤦‍♂️ It's so hard to imagine 🤔that work was what?.. ) You are great ! Thank you.,best one thing good hard need reorder finger rapid soft like wunderlist others dont wanna go task change priority hard imagine work great thank,5,2020-03-15 13:11:32,0,0.3361111111111111,Market Displacement
12460,12460,Xxx,xxx,5,2020-02-16 18:51:21,2,0.0,Noise
12461,12461,Great for stalking,great stalking,5,2019-12-09 01:40:24,0,0.8,Low Signal
12462,12462,Great app,great app,5,2019-11-19 08:47:33,1,0.8,Low Signal
12463,12463,My favorite planner 🙂,favorite planner,5,2019-11-05 20:13:48,1,0.5,Noise
12464,12464,Brilliant,brilliant,5,2019-10-15 06:05:46,1,0.9,Noise
12465,12465,"Good simple screen, best I've seen for a while. Also brings together Calendar, Tasks and Notes.",good simple screen best ive seen also brings together calendar tasks notes,5,2019-10-05 02:56:27,1,0.5666666666666667,Monetization Sentiment
12466,12466,My dày,dy,5,2019-09-28 21:36:46,0,0.0,Noise
12467,12467,I've used planner pro for 5 years or more now. Couldn't do without it.,ive used planner pro years couldnt without,5,2019-09-26 22:19:11,4,0.0,Monetization Sentiment
12468,12468,Very useful,useful,5,2019-09-07 10:39:47,0,0.3,Efficiency
12469,12469,"Best planner out there! I love the ability to take notes, journal, track projects, schedule events and to-dos all in one place. Excellent!!!",best planner love ability take notes journal track projects schedule events todos one place excellent,5,2019-08-31 23:25:42,4,0.8333333333333334,Monetization Sentiment
12470,12470,Great job,great job,5,2019-08-31 20:50:38,0,0.8,Low Signal
12471,12471,"This is the best planing app I could find on the play store. It syncs with my Google calendar enabling it to be an all inclusive planner, but also has lots of personal orginazational abilities. I am very impressed with this planner and would recommend it to anyone who likes to be very well planned.",best planing app could find play store syncs google calendar enabling inclusive planner also lots personal orginazational abilities impressed planner would recommend anyone likes well planned,5,2019-08-30 18:41:45,97,0.6666666666666666,Feature Requests & Friction
12472,12472,Excellent,excellent,5,2019-08-30 04:35:57,0,1.0,Low Signal
12473,12473,love it,love,5,2019-08-11 01:59:55,0,0.5,Low Signal
12474,12474,This aponit the best. I think it's great. I love how you can set tasks and reminders.,aponit best think great love set tasks reminders,5,2019-08-04 04:54:35,2,0.7666666666666666,Monetization Sentiment
12475,12475,very nice app. i frequently used it since 2014. until now.,nice app frequently used since,5,2019-07-29 17:43:37,0,0.35,Monetization Sentiment
12476,12476,good,good,5,2019-07-18 23:06:39,0,0.7,Low Signal
12477,12477,This app is super helpful! 10/10,app super helpful,5,2019-07-03 22:21:52,4,0.3333333333333333,Efficiency
12478,12478,"Great support, ads were displayed, dev had it fixed in a day. Thank you, and great product. it's the closest thing to a Franklin Planner I have found.",great support ads displayed dev fixed day thank great product closest thing franklin planner found,5,2019-06-05 17:49:49,79,0.5666666666666668,Monetization Sentiment
12479,12479,😍,,5,2019-06-03 00:05:11,0,0.0,Noise
12480,12480,This is by far the best overall organizer app I have found. My only complaint would be the lack of multi tiered tasks.,far best overall organizer app found complaint would lack multi tiered tasks,5,2019-04-24 03:04:26,0,0.2,Monetization Sentiment
12481,12481,"I have never seen a more beautifully designed calendar+planner app. Easy on eyes, strikes a great balance between functionality and simplicity (Google and Microsoft calendar apps should take inspiration from this) and ... just great. When I start earning I'm definitely going to buy this app just to show gratitude :)",never seen beautifully designed calendarplanner app easy eyes strikes great balance functionality simplicity google microsoft calendar apps take inspiration great start earning im definitely going buy app show gratitude,5,2019-04-21 07:10:18,14,0.5766666666666665,Monetization Sentiment
12482,12482,good app,good app,5,2019-04-07 18:56:48,0,0.7,Low Signal
12483,12483,it is so good,good,5,2019-03-30 10:08:20,0,0.7,Low Signal
12484,12484,"You win, take my money. I have been using this app for many years and never bought the upgrade. I recently upgraded to the S10, and between Bixby, Google, and many planning apps, I just couldn't separate myself from this one. I simply have not found an app that's easier to add and complete tasks. Also the task widget is just hands down better than every other one out there. So fine, if you want to add fullscreen ads (and have the audacity to include sound) then take my money you can have it.",win take money using app many years never bought upgrade recently upgraded bixby google many planning apps couldnt separate one simply found app thats easier add complete tasks also task widget hands better every one fine want add fullscreen ads audacity include sound take money,5,2019-03-27 07:17:14,3,0.3574074074074074,Market Displacement
12485,12485,good,good,5,2019-03-10 09:07:03,0,0.7,Low Signal
12486,12486,excellent app.,excellent app,5,2019-03-06 16:42:50,0,1.0,Low Signal
12487,12487,vb,vb,5,2019-02-25 08:39:18,0,0.0,Noise
12488,12488,user friendly. nice.,user friendly nice,5,2019-01-26 09:25:31,0,0.4875,Low Signal
12489,12489,its ok But we can not undestad repeated task shedule,ok undestad repeated task shedule,5,2019-01-07 20:20:35,0,0.5,Noise
12490,12490,"I really like the planner, it helps me achieve my tasks, goals & have an avenue to scribe my ideas down. Double thumbs up!",really like planner helps achieve tasks goals avenue scribe ideas double thumbs,5,2018-12-21 00:13:09,0,0.1,Monetization Sentiment
12491,12491,😁****😁,,5,2018-12-12 21:52:56,0,0.0,Noise
12492,12492,Very useful apps. You must try it,useful apps must try,5,2018-12-11 15:49:43,0,0.3,Efficiency
12493,12493,Would pay for this if there were even more additions and updates. Absolutely love it and wish they would develop it even further,would pay even additions updates absolutely love wish would develop even,5,2018-12-06 04:59:26,0,0.5,Monetization Sentiment
12494,12494,Sooow good,sooow good,5,2018-11-26 01:19:13,0,0.7,Low Signal
